id	asm	sex	Family status	Superpop	Population	mat_cenhap	pat_cenhap
HG00096	HGSVC	male	proband	EUR	GBR		
HG00097	YR4	female	proband	EUR	GBR		
HG00099	YR3	female	proband	EUR	GBR		
HG00100		female	proband	EUR	GBR		
HG00101		male	proband	EUR	GBR		
HG00102		female	proband	EUR	GBR		
HG00103		male	proband	EUR	GBR		
HG00105		male	proband	EUR	GBR		
HG00106		female	proband	EUR	GBR		
HG00107		male	proband	EUR	GBR		
HG00108		male	proband	EUR	GBR		
HG00109		male	proband	EUR	GBR		
HG00110		female	proband	EUR	GBR		
HG00111		female	proband	EUR	GBR		
HG00112		male	proband	EUR	GBR		
HG00113		male	proband	EUR	GBR		
HG00114		male	proband	EUR	GBR		
HG00115		male	proband	EUR	GBR		
HG00116		male	proband	EUR	GBR		
HG00117		male	proband	EUR	GBR		
HG00118		female	proband	EUR	GBR		
HG00119		male	proband	EUR	GBR		
HG00120		female	proband	EUR	GBR		
HG00121		female	proband	EUR	GBR		
HG00122		female	proband	EUR	GBR		
HG00123		female	proband	EUR	GBR		
HG00125		female	proband	EUR	GBR		
HG00126	YR4	male	proband	EUR	GBR		
HG00127		female	proband	EUR	GBR		
HG00128		female	proband	EUR	GBR		
HG00129		male	proband	EUR	GBR		
HG00130		female	proband	EUR	GBR		
HG00131		male	proband	EUR	GBR		
HG00132		female	proband	EUR	GBR		
HG00133	YR4	female	proband	EUR	GBR		
HG00136		male	proband	EUR	GBR		
HG00137		female	proband	EUR	GBR		
HG00138		male	proband	EUR	GBR		
HG00139		male	proband	EUR	GBR		
HG00140	YR3	male	proband	EUR	GBR		
HG00141		male	proband	EUR	GBR		
HG00142		male	proband	EUR	GBR		
HG00143		male	proband	EUR	GBR		
HG00145		male	proband	EUR	GBR		
HG00146	YR4	female	proband	EUR	GBR		
HG00148		male	proband	EUR	GBR		
HG00149		male	proband	EUR	GBR		
HG00150		female	proband	EUR	GBR		
HG00151		male	proband	EUR	GBR		
HG00154		female	proband	EUR	GBR		
HG00155		male	proband	EUR	GBR		
HG00157		male	proband	EUR	GBR		
HG00158		female	proband	EUR	GBR		
HG00159		male	proband	EUR	GBR		
HG00160		male	proband	EUR	GBR		
HG00171	HGSVC	female	proband	EUR	FIN		
HG00173		female	proband	EUR	FIN		
HG00174		female	proband	EUR	FIN		
HG00176		female	proband	EUR	FIN		
HG00177		female	proband	EUR	FIN		
HG00178		female	proband	EUR	FIN		
HG00179		female	proband	EUR	FIN		
HG00180		female	proband	EUR	FIN		
HG00181		male	proband	EUR	FIN		
HG00182		male	proband	EUR	FIN		
HG00183		male	proband	EUR	FIN		
HG00185		male	proband	EUR	FIN		
HG00186		male	proband	EUR	FIN		
HG00187		male	proband	EUR	FIN		
HG00188		male	proband	EUR	FIN		
HG00189		male	proband	EUR	FIN		
HG00190		male	proband	EUR	FIN		
HG00231		female	proband	EUR	GBR		
HG00232	YR4	female	proband	EUR	GBR		
HG00233		female	proband	EUR	GBR		
HG00234		male	proband	EUR	GBR		
HG00235		female	proband	EUR	GBR		
HG00236		female	proband	EUR	GBR		
HG00237		female	proband	EUR	GBR		
HG00238		female	proband	EUR	GBR		
HG00239		female	proband	EUR	GBR		
HG00240		female	proband	EUR	GBR		
HG00242		male	proband	EUR	GBR		
HG00243		male	proband	EUR	GBR		
HG00244		male	proband	EUR	GBR		
HG00245		female	proband	EUR	GBR		
HG00246		male	proband	EUR	GBR		
HG00250		female	proband	EUR	GBR		
HG00251		male	proband	EUR	GBR		
HG00252		male	proband	EUR	GBR		
HG00253		female	proband	EUR	GBR		
HG00254		female	proband	EUR	GBR		
HG00255		female	proband	EUR	GBR		
HG00256		male	proband	EUR	GBR		
HG00257		female	proband	EUR	GBR		
HG00258		female	proband	EUR	GBR		
HG00259		female	proband	EUR	GBR		
HG00260		male	proband	EUR	GBR		
HG00261		female	proband	EUR	GBR		
HG00262		female	proband	EUR	GBR		
HG00263		female	proband	EUR	GBR		
HG00264		male	proband	EUR	GBR		
HG00265		male	proband	EUR	GBR		
HG00266		female	proband	EUR	FIN		
HG00267		male	proband	EUR	FIN		
HG00268	HGSVC	female	proband	EUR	FIN		
HG00269		female	proband	EUR	FIN		
HG00271		male	proband	EUR	FIN		
HG00272	YR4	female	proband	EUR	FIN		
HG00273		male	proband	EUR	FIN		
HG00274		female	proband	EUR	FIN		
HG00275		female	proband	EUR	FIN		
HG00276		female	proband	EUR	FIN		
HG00277		male	proband	EUR	FIN		
HG00278		male	proband	EUR	FIN		
HG00280	YR3	male	proband	EUR	FIN		
HG00281		female	proband	EUR	FIN		
HG00282		female	proband	EUR	FIN		
HG00284		male	proband	EUR	FIN		
HG00285		female	proband	EUR	FIN		
HG00288		female	proband	EUR	FIN		
HG00290	YR4	male	proband	EUR	FIN		
HG00304		female	proband	EUR	FIN		
HG00306		female	proband	EUR	FIN		
HG00308		male	proband	EUR	FIN		
HG00309		female	proband	EUR	FIN		
HG00310		male	proband	EUR	FIN		
HG00311		male	proband	EUR	FIN		
HG00313		female	proband	EUR	FIN		
HG00315		female	proband	EUR	FIN		
HG00318		female	proband	EUR	FIN		
HG00319		female	proband	EUR	FIN		
HG00320	YR4	female	proband	EUR	FIN		
HG00321	YR4	male	proband	EUR	FIN		
HG00323	YR3	female	proband	EUR	FIN		
HG00324		female	proband	EUR	FIN		
HG00325		male	proband	EUR	FIN		
HG00326		female	proband	EUR	FIN		
HG00327		female	proband	EUR	FIN		
HG00328		female	proband	EUR	FIN		
HG00329		male	proband	EUR	FIN		
HG00330		female	proband	EUR	FIN		
HG00331		female	proband	EUR	FIN		
HG00332		female	proband	EUR	FIN		
HG00334		female	proband	EUR	FIN		
HG00335		male	proband	EUR	FIN		
HG00336		male	proband	EUR	FIN		
HG00337		female	proband	EUR	FIN		
HG00338		male	proband	EUR	FIN		
HG00339		female	proband	EUR	FIN		
HG00341		male	proband	EUR	FIN		
HG00342		male	proband	EUR	FIN		
HG00343		female	proband	EUR	FIN		
HG00344		female	proband	EUR	FIN		
HG00345		male	proband	EUR	FIN		
HG00346		female	proband	EUR	FIN		
HG00349		female	proband	EUR	FIN		
HG00350		female	proband	EUR	FIN		
HG00351		male	proband	EUR	FIN		
HG00353		female	proband	EUR	FIN		
HG00355		female	proband	EUR	FIN		
HG00356		female	proband	EUR	FIN		
HG00357		female	proband	EUR	FIN		
HG00358	HGSVC	male	proband	EUR	FIN		
HG00360		male	proband	EUR	FIN		
HG00361		female	proband	EUR	FIN		
HG00362		female	proband	EUR	FIN		
HG00364		female	proband	EUR	FIN		
HG00365		female	proband	EUR	FIN		
HG00366		male	proband	EUR	FIN		
HG00367		female	proband	EUR	FIN		
HG00368		female	proband	EUR	FIN		
HG00369		male	proband	EUR	FIN		
HG00371		male	proband	EUR	FIN		
HG00372		male	proband	EUR	FIN		
HG00373		female	proband	EUR	FIN		
HG00375		male	proband	EUR	FIN		
HG00376		female	proband	EUR	FIN		
HG00378		female	proband	EUR	FIN		
HG00379		female	proband	EUR	FIN		
HG00380		female	proband	EUR	FIN		
HG00381		female	proband	EUR	FIN		
HG00382		male	proband	EUR	FIN		
HG00383		female	proband	EUR	FIN		
HG00384		female	proband	EUR	FIN		
HG00403		male	father	EAS	CHS	1	2
HG00404		female	mother	EAS	CHS	2	2
HG00405		female	child	EAS	CHS	2	2
HG00406		male	father	EAS	CHS	2	3
HG00407		female	mother	EAS	CHS	4	5
HG00408	YR3	female	child	EAS	CHS	5	3
HG00409		male	proband	EAS	CHS		
HG00410		female	proband	EAS	CHS		
HG00418		male	father	EAS	CHS	2	2
HG00419		female	mother	EAS	CHS	2	5
HG00420		male	child	EAS	CHS	5	2
HG00421		male	father	EAS	CHS	2	2
HG00422		female	mother	EAS	CHS	3	3
HG00423	YR2	female	child	EAS	CHS	3	2
HG00427		male	father	EAS	CHS	5	2
HG00428		female	mother	EAS	CHS	2	5
HG00429		male	child	EAS	CHS	5	2
HG00436		male	father	EAS	CHS	2	4
HG00437		female	mother	EAS	CHS	3	3
HG00438	YR1	female	child	EAS	CHS	3	4
HG00442		male	father	EAS	CHS	2	4
HG00443		female	mother	EAS	CHS	2	2
HG00444		male	child	EAS	CHS	2	4
HG00445		male	father	EAS	CHS	3	3
HG00446		female	mother	EAS	CHS	2	2
HG00447		female	child	EAS	CHS	2	3
HG00448		male	father	EAS	CHS	3	2
HG00449		female	mother	EAS	CHS	3	5
HG00450		female	child	EAS	CHS	5	2
HG00451		male	father	EAS	CHS	2	3
HG00452		female	mother	EAS	CHS	3	4
HG00453		female	child	EAS	CHS	4	3
HG00457		male	father	EAS	CHS	2	4
HG00458		female	mother	EAS	CHS	1	4
HG00459		male	child	EAS	CHS	4	4
HG00463		male	father	EAS	CHS	5	4
HG00464		female	mother	EAS	CHS	4	2
HG00465		male	child	EAS	CHS	2	4
HG00472		male	father	EAS	CHS	2	3
HG00473		female	mother	EAS	CHS	2	5
HG00474		male	child	EAS	CHS	5	3
HG00475		male	father	EAS	CHS	2	4
HG00476		female	mother	EAS	CHS	5	3
HG00477		male	child	EAS	CHS	3	4
HG00478		male	father	EAS	CHS	2	2
HG00479		female	mother	EAS	CHS	2	5
HG00480		male	child	EAS	CHS	5	2
HG00500		male	father	EAS	CHS	3	4
HG00501		female	mother	EAS	CHS	5	1
HG00502		male	child	EAS	CHS	1	4
HG00512	HGSVC	male	father	EAS	CHS	1	5
HG00513	HGSVC	female	mother	EAS	CHS	2	2
HG00514	HGSVC	female	child	EAS	CHS	2	5
HG00524		male	father	EAS	CHS	1	5
HG00525		female	mother	EAS	CHS	3	3
HG00526		male	child	EAS	CHS	3	5
HG00530		male	father	EAS	CHS	2	4
HG00531		female	mother	EAS	CHS	4	3
HG00532		male	child	EAS	CHS	3	4
HG00533		male	father	EAS	CHS	2	3
HG00534		female	mother	EAS	CHS	3	5
HG00535		male	child	EAS	CHS	5	3
HG00536		male	father	EAS	CHS	2	5
HG00537		female	mother	EAS	CHS	4	3
HG00538		male	child	EAS	CHS	3	5
HG00542		male	father	EAS	CHS	5	2
HG00543		female	mother	EAS	CHS	3	3
HG00544	YR2	female	child	EAS	CHS	3	2
HG00551		female	mother	AMR	PUR	5	5
HG00552		male	child	AMR	PUR	5	2
HG00553		male	father	AMR	PUR	5	5
HG00554		female	mother	AMR	PUR	5	5
HG00555		female	child	AMR	PUR	5	5
HG00556		male	father	EAS	CHS	2	3
HG00557		female	mother	EAS	CHS	5	2
HG00558	YR3	female	child	EAS	CHS	2	3
HG00559		male	father	EAS	CHS	5	4
HG00560		female	mother	EAS	CHS	2	4
HG00561		female	child	EAS	CHS	4	4
HG00565		male	father	EAS	CHS	3	4
HG00566		female	mother	EAS	CHS	5	2
HG00567		male	child	EAS	CHS	2	4
HG00577		male	father	EAS	CHS	2	4
HG00578		female	mother	EAS	CHS	2	2
HG00579		female	child	EAS	CHS	2	4
HG00580		male	father	EAS	CHS	4	1
HG00581		female	mother	EAS	CHS	2	2
HG00582		female	child	EAS	CHS	2	1
HG00583		male	father	EAS	CHS	2	3
HG00584		female	mother	EAS	CHS	1	3
HG00585		female	child	EAS	CHS	3	3
HG00589		male	father	EAS	CHS	4	5
HG00590		female	mother	EAS	CHS	4	3
HG00591		male	child	EAS	CHS	3	5
HG00592		male	father	EAS	CHS	5	3
HG00593		female	mother	EAS	CHS	2	2
HG00594		male	child	EAS	CHS	2	3
HG00595		male	father	EAS	CHS	2	3
HG00596		female	mother	EAS	CHS	2	2
HG00597	YR3	female	child	EAS	CHS	2	3
HG00598		male	proband	EAS	CHS		
HG00599		female	proband	EAS	CHS		
HG00607		male	father	EAS	CHS	3	5
HG00608		female	mother	EAS	CHS	3	4
HG00609	YR2	male	child	EAS	CHS	4	5
HG00610		male	father	EAS	CHS	5	4
HG00611		female	mother	EAS	CHS	4	2
HG00612		female	child	EAS	CHS	2	4
HG00613		male	father	EAS	CHS	2	2
HG00614		female	mother	EAS	CHS	5	5
HG00615		female	child	EAS	CHS	5	2
HG00619		male	father	EAS	CHS	1	2
HG00620		female	mother	EAS	CHS	5	2
HG00621	YR1	male	child	EAS	CHS	2	2
HG00622		male	proband	EAS	CHS		
HG00623		female	proband	EAS	CHS		
HG00625		male	father	EAS	CHS	2	2
HG00626		female	mother	EAS	CHS	5	3
HG00627		male	child	EAS	CHS	3	2
HG00628		male	father	EAS	CHS	1	2
HG00629		female	mother	EAS	CHS	4	3
HG00630		male	child	EAS	CHS	3	2
HG00631		male	proband	EAS	CHS		
HG00632		female	proband	EAS	CHS		
HG00634		male	father	EAS	CHS	5	3
HG00635		female	mother	EAS	CHS	2	2
HG00636		male	child	EAS	CHS	2	3
HG00637		male	father	AMR	PUR	2	4
HG00638		female	mother	AMR	PUR	2	6
HG00639	YR3	female	child	AMR	PUR	6	4
HG00640		male	father	AMR	PUR	3	5
HG00641		female	mother	AMR	PUR	7	6
HG00642	YR2	male	child	AMR	PUR	6	5
HG00650		male	father	EAS	CHS	2	2
HG00651		female	mother	EAS	CHS	4	3
HG00652		female	child	EAS	CHS	3	2
HG00653		male	father	EAS	CHS	5	5
HG00654		female	mother	EAS	CHS	2	4
HG00655		female	child	EAS	CHS	4	5
HG00656		male	father	EAS	CHS	2	3
HG00657		female	mother	EAS	CHS	2	3
HG00658	YR3	male	child	EAS	CHS	3	3
HG00662		male	father	EAS	CHS	2	5
HG00663		female	mother	EAS	CHS	3	2
HG00664		male	child	EAS	CHS	2	5
HG00671		male	father	EAS	CHS	2	2
HG00672		female	mother	EAS	CHS	2	5
HG00673	YR1	male	child	EAS	CHS	5	2
HG00674		male	proband	EAS	CHS		
HG00675		female	proband	EAS	CHS		
HG00683		male	father	EAS	CHS	2	3
HG00684		female	mother	EAS	CHS	4	2
HG00685		male	child	EAS	CHS	2	3
HG00689		male	father	EAS	CHS	2	3
HG00690		female	mother	EAS	CHS	5	3
HG00691		male	child	EAS	CHS	3	3
HG00692		male	father	EAS	CHS	3	1
HG00693		female	mother	EAS	CHS	2	5
HG00694		male	child	EAS	CHS	5	1
HG00698		male	father	EAS	CHS	5	3
HG00699		female	mother	EAS	CHS	4	3
HG00700		female	child	EAS	CHS	3	3
HG00701		male	father	EAS	CHS	1	4
HG00702		female	mother	EAS	CHS	3	2
HG00703		male	child	EAS	CHS	3	4
HG00704		male	father	EAS	CHS	5	2
HG00705		female	mother	EAS	CHS	5	3
HG00706	YR2	male	child	EAS	CHS	3	2
HG00707		male	father	EAS	CHS	4	5
HG00708		female	mother	EAS	CHS	4	3
HG00709		male	child	EAS	CHS	3	5
HG00717		female	proband	EAS	CHS		
HG00728		male	proband	EAS	CHS		
HG00729		female	proband	EAS	CHS		
HG00731	HGSVC	male	father	AMR	PUR	5	2
HG00732	HGSVC	female	mother	AMR	PUR	6	2
HG00733	HGSVC	female	child	AMR	PUR	2	2
HG00734		female	mother	AMR	PUR	5	5
HG00735	YR1	female	child	AMR	PUR	5	2
HG00736		male	father	AMR	PUR	5	7
HG00737		female	mother	AMR	PUR	5	5
HG00738	YR2	male	child	AMR	PUR	5	7
HG00739		male	father	AMR	PUR	5	2
HG00740		female	mother	AMR	PUR	2	2
HG00741	YR1	female	child	AMR	PUR	2	2
HG00742		male	proband	AMR	PUR		
HG00743		female	proband	AMR	PUR		
HG00759		female	proband	EAS	CDX		
HG00766		female	proband	EAS	CDX		
HG00844		male	proband	EAS	CDX		
HG00851		female	proband	EAS	CDX		
HG00864	HGSVC	female	proband	EAS	CDX		
HG00867	YR4	female	proband	EAS	CDX		
HG00879		female	proband	EAS	CDX		
HG00881		male	proband	EAS	CDX		
HG00956		female	proband	EAS	CDX		
HG00978		female	proband	EAS	CDX		
HG00982		male	proband	EAS	CDX		
HG01028		male	proband	EAS	CDX		
HG01029		female	proband	EAS	CDX		
HG01031		male	proband	EAS	CDX		
HG01046		female	proband	EAS	CDX		
HG01047		male	father	AMR	PUR	2	2
HG01048		male	father	AMR	PUR	2	6
HG01049		female	mother	AMR	PUR	2	2
HG01050		female	child	AMR	PUR	2	6
HG01051		male	father	AMR	PUR	7	2
HG01052		female	mother	AMR	PUR	4	3
HG01053		female	child	AMR	PUR	3	2
HG01054		male	father	AMR	PUR	5	5
HG01055		female	mother	AMR	PUR	5	5
HG01056		male	child	AMR	PUR	5	5
HG01058		female	proband	AMR	PUR		
HG01060		male	father	AMR	PUR	5	6
HG01061		female	mother	AMR	PUR	2	2
HG01062		female	child	AMR	PUR	2	6
HG01063		male	proband	AMR	PUR		
HG01064		female	proband	AMR	PUR		
HG01066		male	father	AMR	PUR	5	2
HG01067		female	mother	AMR	PUR	6	6
HG01068		female	child	AMR	PUR	6	2
HG01069		male	father	AMR	PUR	5	2
HG01070		female	mother	AMR	PUR	2	2
HG01071	YR1	female	child	AMR	PUR	2	2
HG01072		male	father	AMR	PUR	6	6
HG01073		female	mother	AMR	PUR	2	2
HG01074	YR3	male	child	AMR	PUR	2	6
HG01075		male	father	AMR	PUR	5	2
HG01077		female	proband	AMR	PUR		
HG01079		male	father	AMR	PUR	5	2
HG01080		female	mother	AMR	PUR	7	3
HG01081	YR3	female	child	AMR	PUR	3	2
HG01082		male	father	AMR	PUR	2	2
HG01083		female	mother	AMR	PUR	5	2
HG01084		female	child	AMR	PUR	2	2
HG01085		male	father	AMR	PUR	2	5
HG01086		female	mother	AMR	PUR	5	5
HG01087		female	child	AMR	PUR	5	5
HG01088		male	proband	AMR	PUR		
HG01089		female	proband	AMR	PUR		
HG01092		female	proband	AMR	PUR		
HG01094		male	father	AMR	PUR	2	5
HG01095		female	mother	AMR	PUR	2	7
HG01096		male	child	AMR	PUR	7	5
HG01097		male	father	AMR	PUR	2	2
HG01098		female	mother	AMR	PUR	5	2
HG01099	YR2	male	child	AMR	PUR	2	2
HG01100		female	child	AMR	PUR	5	6
HG01101		male	father	AMR	PUR	7	2
HG01102		female	mother	AMR	PUR	8	2
HG01103		female	child	AMR	PUR	2	2
HG01104		male	father	AMR	PUR	5	3
HG01105		female	mother	AMR	PUR	2	7
HG01106	YR1	male	child	AMR	PUR	7	3
HG01107		male	father	AMR	PUR	6	5
HG01108		female	mother	AMR	PUR	3	9
HG01109	HPRC+	male	child	AMR	PUR	9	5
HG01110		male	father	AMR	PUR	5	5
HG01111		female	mother	AMR	PUR	5	2
HG01112		male	father	AMR	CLM	2	7
HG01113		female	mother	AMR	CLM	5	5
HG01114	HGSVC	female	child	AMR	CLM	5	7
HG01119		female	proband	AMR	CLM		
HG01121		male	proband	AMR	CLM		
HG01122		female	proband	AMR	CLM		
HG01124		male	father	AMR	CLM	3	4
HG01125		female	mother	AMR	CLM	5	2
HG01126		male	child	AMR	CLM	2	4
HG01130		male	proband	AMR	CLM		
HG01131		female	proband	AMR	CLM		
HG01133		male	father	AMR	CLM	2	2
HG01134		female	mother	AMR	CLM	3	5
HG01135		male	child	AMR	CLM	5	2
HG01136		male	father	AMR	CLM	2	5
HG01137		female	mother	AMR	CLM	5	5
HG01138		male	child	AMR	CLM	5	5
HG01139		male	father	AMR	CLM	6	5
HG01140		female	mother	AMR	CLM	6	5
HG01141		female	child	AMR	CLM	5	5
HG01142		male	proband	AMR	CLM		
HG01148		male	father	AMR	CLM	3	2
HG01149		female	mother	AMR	CLM	5	2
HG01150	YR3	female	child	AMR	CLM	2	2
HG01161		male	proband	AMR	PUR		
HG01162		female	proband	AMR	PUR		
HG01164		male	proband	AMR	PUR		
HG01167		male	father	AMR	PUR	5	2
HG01168		female	mother	AMR	PUR	4	5
HG01169		female	child	AMR	PUR	5	2
HG01170		male	father	AMR	PUR	2	2
HG01171		female	mother	AMR	PUR	2	5
HG01172		male	child	AMR	PUR	5	2
HG01173		male	father	AMR	PUR	2	3
HG01174		female	mother	AMR	PUR	2	5
HG01175	YR1	female	child	AMR	PUR	5	3
HG01176		male	father	AMR	PUR	4	4
HG01177		female	mother	AMR	PUR	2	5
HG01178		male	child	AMR	PUR	5	4
HG01182		male	father	AMR	PUR	5	2
HG01183		female	mother	AMR	PUR	3	2
HG01184		female	child	AMR	PUR	2	2
HG01187		male	father	AMR	PUR	5	2
HG01188		female	mother	AMR	PUR	2	2
HG01189		male	child	AMR	PUR	2	2
HG01190		male	father	AMR	PUR	7	10
HG01191		female	mother	AMR	PUR	2	2
HG01192	YR3	male	child	AMR	PUR	2	10
HG01197		male	father	AMR	PUR	2	5
HG01198		female	mother	AMR	PUR	5	6
HG01199		male	child	AMR	PUR	6	5
HG01200		male	proband	AMR	PUR		
HG01204		male	father	AMR	PUR	6	3
HG01205		female	mother	AMR	PUR	2	2
HG01206		male	child	AMR	PUR	2	3
HG01241		male	father	AMR	PUR	10	2
HG01242		female	mother	AMR	PUR	4	5
HG01243	HPRC+	male	child	AMR	PUR	5	2
HG01247		male	father	AMR	PUR	2	6
HG01248		female	mother	AMR	PUR	10	5
HG01249		female	child	AMR	PUR	2	5
HG01250		male	father	AMR	CLM	5	2
HG01251		female	mother	AMR	CLM	5	2
HG01252	YR3	male	child	AMR	CLM	2	2
HG01253		male	father	AMR	CLM	2	3
HG01254		female	mother	AMR	CLM	5	5
HG01255	YR2	male	child	AMR	CLM	5	3
HG01256		male	father	AMR	CLM	2	5
HG01257		female	mother	AMR	CLM	5	5
HG01258	YR1	male	child	AMR	CLM	5	5
HG01259		male	father	AMR	CLM	2	3
HG01260		female	mother	AMR	CLM	4	2
HG01261	YR3	male	child	AMR	CLM	2	3
HG01269		female	proband	AMR	CLM		
HG01271		male	father	AMR	CLM	4	5
HG01272		female	mother	AMR	CLM	6	2
HG01273		male	child	AMR	CLM	2	5
HG01274		male	father	AMR	CLM	5	5
HG01275		female	mother	AMR	CLM	3	2
HG01276		female	child	AMR	CLM	2	5
HG01277		male	father	AMR	CLM	5	11
HG01278		female	mother	AMR	CLM	5	11
HG01279		female	child	AMR	CLM	11	11
HG01280		male	proband	AMR	CLM		
HG01281		female	proband	AMR	CLM		
HG01284		female	proband	AMR	CLM		
HG01286		male	proband	AMR	PUR		
HG01302		male	proband	AMR	PUR		
HG01303		female	proband	AMR	PUR		
HG01305		male	proband	AMR	PUR		
HG01308		male	proband	AMR	PUR		
HG01311		male	proband	AMR	PUR		
HG01312		female	proband	AMR	PUR		
HG01323		female	proband	AMR	PUR		
HG01325		male	proband	AMR	PUR		
HG01326		female	proband	AMR	PUR		
HG01334		male	proband	EUR	GBR		
HG01341		male	father	AMR	CLM	3	2
HG01342		female	mother	AMR	CLM	5	5
HG01343		female	child	AMR	CLM	5	2
HG01344		male	father	AMR	CLM	7	2
HG01345		female	mother	AMR	CLM	5	3
HG01346	YR2	female	child	AMR	CLM	3	2
HG01347		male	father	AMR	CLM	5	3
HG01348		female	mother	AMR	CLM	5	5
HG01349		female	child	AMR	CLM	5	3
HG01350		male	father	AMR	CLM	5	5
HG01351		female	mother	AMR	CLM	2	2
HG01352	HGSVC	female	child	AMR	CLM	2	5
HG01353		male	father	AMR	CLM	2	7
HG01354		female	mother	AMR	CLM	2	2
HG01355		female	child	AMR	CLM	2	7
HG01356		male	father	AMR	CLM	6	5
HG01357		female	mother	AMR	CLM	4	3
HG01358	YR1	male	child	AMR	CLM	3	5
HG01359		male	father	AMR	CLM	3	2
HG01360		female	mother	AMR	CLM	2	4
HG01361	YR1	female	child	AMR	CLM	4	2
HG01362		male	proband	AMR	CLM		
HG01363		female	proband	AMR	CLM		
HG01365		male	father	AMR	CLM	2	2
HG01366		female	mother	AMR	CLM	2	2
HG01367		female	child	AMR	CLM	2	2
HG01369		female	proband	AMR	CLM		
HG01372		female	proband	AMR	CLM		
HG01374		male	father	AMR	CLM	2	5
HG01375		female	mother	AMR	CLM	2	5
HG01376		female	child	AMR	CLM	5	5
HG01377		male	father	AMR	CLM	2	2
HG01378		female	mother	AMR	CLM	5	5
HG01379		female	child	AMR	CLM	5	2
HG01383		male	father	AMR	CLM	5	2
HG01384		female	mother	AMR	CLM	5	2
HG01385		female	child	AMR	CLM	2	2
HG01389		male	father	AMR	CLM	2	2
HG01390		female	mother	AMR	CLM	7	2
HG01391		female	child	AMR	CLM	2	2
HG01392		male	proband	AMR	PUR		
HG01393		female	proband	AMR	PUR		
HG01395		male	proband	AMR	PUR		
HG01396		female	proband	AMR	PUR		
HG01398		male	proband	AMR	PUR		
HG01402		male	proband	AMR	PUR		
HG01403		female	proband	AMR	PUR		
HG01405		male	proband	AMR	PUR		
HG01412		male	proband	AMR	PUR		
HG01413		male	proband	AMR	PUR		
HG01414		female	proband	AMR	PUR		
HG01431		male	father	AMR	CLM	5	5
HG01432		female	mother	AMR	CLM	5	2
HG01433	YR2	male	child	AMR	CLM	2	5
HG01435		female	proband	AMR	CLM		
HG01437		male	father	AMR	CLM	2	5
HG01438		female	mother	AMR	CLM	2	5
HG01439		female	child	AMR	CLM	5	5
HG01440		male	father	AMR	CLM		
HG01441		female	mother	AMR	CLM		
HG01443		male	proband	AMR	CLM		
HG01444		female	proband	AMR	CLM		
HG01447		female	proband	AMR	CLM		
HG01455		male	father	AMR	CLM	3	2
HG01456		female	mother	AMR	CLM	2	5
HG01457	HGSVC	male	child	AMR	CLM	5	2
HG01459		female	proband	AMR	CLM		
HG01461		male	father	AMR	CLM	5	5
HG01462		female	mother	AMR	CLM	12	7
HG01463		female	child	AMR	CLM	7	5
HG01464		male	father	AMR	CLM	7	5
HG01465		female	mother	AMR	CLM	5	3
HG01466		female	child	AMR	CLM	3	5
HG01468		female	proband	AMR	CLM		
HG01474		female	proband	AMR	CLM		
HG01479		male	proband	AMR	CLM		
HG01485		male	proband	AMR	CLM		
HG01486		female	proband	AMR	CLM		
HG01488		male	father	AMR	CLM	3	5
HG01489		female	mother	AMR	CLM	6	5
HG01490		female	child	AMR	CLM	5	5
HG01491		male	father	AMR	CLM	2	5
HG01492		female	mother	AMR	CLM	2	2
HG01493		female	child	AMR	CLM	2	5
HG01494		male	father	AMR	CLM	5	3
HG01495		female	mother	AMR	CLM	5	2
HG01496	YR2	female	child	AMR	CLM	2	3
HG01497		male	father	AMR	CLM	5	3
HG01498		female	mother	AMR	CLM	2	2
HG01499		male	child	AMR	CLM	2	3
HG01500		male	father	EUR	IBS	5	2
HG01501		female	mother	EUR	IBS	5	2
HG01502		male	child	EUR	IBS	2	2
HG01503		male	father	EUR	IBS	5	2
HG01504		female	mother	EUR	IBS	3	2
HG01505	HGSVC	male	child	EUR	IBS	2	2
HG01506		male	father	EUR	IBS	2	2
HG01507		female	mother	EUR	IBS	2	4
HG01508		male	child	EUR	IBS	4	2
HG01509		male	father	EUR	IBS	2	2
HG01510		female	mother	EUR	IBS	5	12
HG01511		female	child	EUR	IBS	12	2
HG01512		male	father	EUR	IBS	5	5
HG01513		female	mother	EUR	IBS	5	6
HG01514		female	child	EUR	IBS	6	5
HG01515		male	father	EUR	IBS	5	5
HG01516		female	mother	EUR	IBS	6	5
HG01517		female	child	EUR	IBS	5	5
HG01518		male	father	EUR	IBS	4	5
HG01519		female	mother	EUR	IBS	7	5
HG01520		female	child	EUR	IBS	5	5
HG01521		male	father	EUR	IBS	4	2
HG01522		female	mother	EUR	IBS	5	3
HG01523		male	child	EUR	IBS	3	2
HG01524		male	father	EUR	IBS	4	5
HG01525		female	mother	EUR	IBS	2	4
HG01526		male	child	EUR	IBS	4	5
HG01527		male	father	EUR	IBS	3	6
HG01528		female	mother	EUR	IBS	2	4
HG01529		male	child	EUR	IBS	4	6
HG01530	YR3	male	father	EUR	IBS	3	5
HG01531		female	mother	EUR	IBS	5	2
HG01532		male	child	EUR	IBS	2	5
HG01536		male	father	EUR	IBS	6	5
HG01537		female	mother	EUR	IBS	2	2
HG01538		female	child	EUR	IBS	2	5
HG01550		male	father	AMR	CLM	6	2
HG01551		female	mother	AMR	CLM	5	5
HG01552		male	child	AMR	CLM	5	2
HG01556		male	proband	AMR	CLM		
HG01565		male	father	AMR	PEL	9	3
HG01566		female	mother	AMR	PEL	3	5
HG01567		female	child	AMR	PEL	5	3
HG01571		male	father	AMR	PEL	3	3
HG01572		female	mother	AMR	PEL	3	3
HG01573	HGSVC	female	child	AMR	PEL	3	3
HG01577		male	father	AMR	PEL	3	2
HG01578		female	mother	AMR	PEL	5	2
HG01579		male	child	AMR	PEL	2	2
HG01583		male	proband	SAS	PJL		
HG01586		male	proband	SAS	PJL		
HG01589		male	proband	SAS	PJL		
HG01593		female	mother	SAS	PJL		
HG01595		female	proband	EAS	KHV		
HG01596	HGSVC	male	proband	EAS	KHV		
HG01597		female	proband	EAS	KHV		
HG01598		female	proband	EAS	KHV		
HG01599		female	proband	EAS	KHV		
HG01600		female	proband	EAS	KHV		
HG01601		male	child	EUR	IBS	6	2
HG01602		female	mother	EUR	IBS	3	6
HG01603		male	father	EUR	IBS	5	2
HG01604		female	child	EUR	IBS	6	5
HG01605		female	mother	EUR	IBS	5	6
HG01606		male	father	EUR	IBS	5	5
HG01607		female	mother	EUR	IBS	5	2
HG01608		male	father	EUR	IBS	4	5
HG01609		male	child	EUR	IBS	2	5
HG01610		male	father	EUR	IBS	6	6
HG01611		male	child	EUR	IBS	2	6
HG01612		female	mother	EUR	IBS	2	2
HG01613		female	mother	EUR	IBS	3	3
HG01614		female	child	EUR	IBS	3	2
HG01615		male	father	EUR	IBS	2	2
HG01616		female	child	EUR	IBS	4	5
HG01617		male	father	EUR	IBS	2	5
HG01618		female	mother	EUR	IBS	7	4
HG01619		male	father	EUR	IBS	5	2
HG01620		female	mother	EUR	IBS	7	5
HG01621		male	child	EUR	IBS	5	2
HG01622		female	child	EUR	IBS	3	6
HG01623		female	mother	EUR	IBS	5	3
HG01624		male	father	EUR	IBS	7	6
HG01625		male	father	EUR	IBS	2	2
HG01626		female	mother	EUR	IBS	7	6
HG01627		male	child	EUR	IBS	6	2
HG01628		female	mother	EUR	IBS	5	2
HG01629		male	child	EUR	IBS	2	5
HG01630		male	father	EUR	IBS	2	5
HG01631		male	father	EUR	IBS	7	2
HG01632		female	mother	EUR	IBS	2	5
HG01633		male	child	EUR	IBS	5	2
HG01667		male	child	EUR	IBS	5	3
HG01668		female	mother	EUR	IBS	2	5
HG01669		male	father	EUR	IBS	6	3
HG01670		female	mother	EUR	IBS	4	5
HG01671		male	child	EUR	IBS	5	2
HG01672		male	father	EUR	IBS	7	2
HG01673		female	mother	EUR	IBS	6	2
HG01674		male	child	EUR	IBS	2	5
HG01675		male	father	EUR	IBS	2	5
HG01676		female	mother	EUR	IBS	2	2
HG01677		female	child	EUR	IBS	2	4
HG01678		male	father	EUR	IBS	2	4
HG01679		female	mother	EUR	IBS	2	6
HG01680		male	father	EUR	IBS	5	7
HG01681		female	child	EUR	IBS	6	7
HG01682		male	father	EUR	IBS	9	5
HG01683		male	child	EUR	IBS	3	5
HG01684		female	mother	EUR	IBS	2	3
HG01685		female	mother	EUR	IBS	5	4
HG01686		male	father	EUR	IBS	7	2
HG01687		female	child	EUR	IBS	4	2
HG01694		male	father	EUR	IBS	2	7
HG01695		female	mother	EUR	IBS	6	7
HG01696		male	child	EUR	IBS	7	7
HG01697		female	mother	EUR	IBS	2	2
HG01698		male	child	EUR	IBS	2	5
HG01699		male	father	EUR	IBS	7	5
HG01700		male	father	EUR	IBS	5	7
HG01701		male	child	EUR	IBS	5	7
HG01702		female	mother	EUR	IBS	2	5
HG01703		male	child	EUR	IBS	6	5
HG01704		female	mother	EUR	IBS	7	6
HG01705		male	father	EUR	IBS	2	5
HG01706		female	child	EUR	IBS	7	2
HG01707		female	mother	EUR	IBS	2	7
HG01708		male	father	EUR	IBS	5	2
HG01709		male	father	EUR	IBS	3	2
HG01710		female	mother	EUR	IBS	5	5
HG01711		female	child	EUR	IBS	5	2
HG01746		female	mother	EUR	IBS	4	5
HG01747		male	father	EUR	IBS	2	5
HG01748		male	child	EUR	IBS	5	5
HG01755		female	child	EUR	IBS	5	5
HG01756		male	father	EUR	IBS	2	5
HG01757		female	mother	EUR	IBS	6	5
HG01761		male	father	EUR	IBS	6	2
HG01762		female	mother	EUR	IBS	2	7
HG01763		female	child	EUR	IBS	7	2
HG01765		male	proband	EUR	IBS		
HG01766		female	proband	EUR	IBS		
HG01767		male	proband	EUR	IBS		
HG01768		female	proband	EUR	IBS		
HG01770		female	mother	EUR	IBS	2	7
HG01771		male	father	EUR	IBS	4	5
HG01772		female	child	EUR	IBS	7	5
HG01773		female	mother	EUR	IBS	3	5
HG01774		male	child	EUR	IBS	5	2
HG01775		male	father	EUR	IBS	3	2
HG01776		female	mother	EUR	IBS	5	2
HG01777		male	father	EUR	IBS	5	6
HG01778		male	child	EUR	IBS	2	6
HG01779		female	mother	EUR	IBS	6	7
HG01780		male	child	EUR	IBS	7	5
HG01781		male	father	EUR	IBS	2	5
HG01782		female	child	EUR	IBS	6	5
HG01783		male	father	EUR,AFR	IBS,MSL	2	5
HG01784	YR3	female	mother	EUR	IBS	5	6
HG01785		male	proband	EUR	IBS		
HG01786	YR4	female	proband	EUR	IBS		
HG01789		male	proband	EUR	GBR		
HG01790		female	proband	EUR	GBR		
HG01791		male	proband	EUR	GBR		
HG01794		female	proband	EAS	CDX		
HG01795		female	proband	EAS	CDX		
HG01796		female	proband	EAS	CDX		
HG01797		female	proband	EAS	CDX		
HG01798		female	proband	EAS	CDX		
HG01799		female	proband	EAS	CDX		
HG01800		female	proband	EAS	CDX		
HG01801		female	proband	EAS	CDX		
HG01802		female	proband	EAS	CDX		
HG01804		female	proband	EAS	CDX		
HG01805		female	proband	EAS	CDX		
HG01806		female	proband	EAS	CDX		
HG01807		female	proband	EAS	CDX		
HG01808		female	proband	EAS	CDX		
HG01809		female	proband	EAS	CDX		
HG01810		male	proband	EAS	CDX		
HG01811		male	proband	EAS	CDX		
HG01812		female	proband	EAS	CDX		
HG01813		female	proband	EAS	CDX		
HG01815		female	proband	EAS	CDX		
HG01816		male	proband	EAS	CDX		
HG01817		female	proband	EAS	CDX		
HG01840		male	proband	EAS	KHV		
HG01841		female	proband	EAS	KHV		
HG01842		male	proband	EAS	KHV		
HG01843		female	proband	EAS	KHV		
HG01844		male	proband	EAS	KHV		
HG01845		female	proband	EAS	KHV		
HG01846		male	proband	EAS	KHV		
HG01847		female	proband	EAS	KHV		
HG01848		female	proband	EAS	KHV		
HG01849		male	proband	EAS	KHV		
HG01850		female	proband	EAS	KHV		
HG01851		female	proband	EAS	KHV		
HG01852		male	proband	EAS	KHV		
HG01853		female	proband	EAS	KHV		
HG01855		female	proband	EAS	KHV		
HG01857		female	proband	EAS	KHV		
HG01858		female	proband	EAS	KHV		
HG01859		female	proband	EAS	KHV		
HG01860		male	proband	EAS	KHV		
HG01861		male	proband	EAS	KHV		
HG01862		female	proband	EAS	KHV		
HG01863		female	proband	EAS	KHV		
HG01864		male	proband	EAS	KHV		
HG01865		male	proband	EAS	KHV		
HG01866		male	proband	EAS	KHV		
HG01867		male	proband	EAS	KHV		
HG01868		female	proband	EAS	KHV		
HG01869		female	proband	EAS	KHV		
HG01870		female	proband	EAS	KHV		
HG01871		female	proband	EAS	KHV		
HG01872		male	proband	EAS	KHV		
HG01873		male	proband	EAS	KHV		
HG01874		female	proband	EAS	KHV		
HG01878		female	proband	EAS	KHV		
HG01879		male	father	AFR	ACB	2	3
HG01880		female	mother	AFR	ACB	5	5
HG01881		female	child	AFR	ACB	5	3
HG01882		male	father	AFR	ACB	2	2
HG01883		female	mother	AFR	ACB	2	2
HG01884	YR2	female	child	AFR	ACB	9	5
HG01885		male	father	AFR	ACB	3	5
HG01886		female	mother	AFR	ACB	3	5
HG01887		male	child	AFR	ACB	5	2
HG01888		male	child	AFR	ACB	2	2
HG01889		female	mother	AFR	ACB	2	3
HG01890	HGSVC	male	father	AFR	ACB	2	2
HG01891	YR1	female	child	AFR	ACB	3	2
HG01892		male	father	AMR	PEL	3	2
HG01893		female	mother	AMR	PEL	5	2
HG01894		female	mother	AFR	ACB	2	5
HG01895		male	child	AFR	ACB	5	2
HG01896		female	mother	AFR	ACB	5	2
HG01897		male	child	AFR	ACB	2	9
HG01898		female	child	AMR	PEL	2	2
HG01912		male	father	AFR	ACB	5	2
HG01914		male	father	AFR	ACB	4	2
HG01915		female	mother	AFR	ACB	2	5
HG01916		female	child	AFR	ACB	5	2
HG01917		male	father	AMR	PEL	3	2
HG01918		female	mother	AMR	PEL	5	2
HG01919		female	child	AMR	PEL	2	2
HG01920		male	father	AMR	PEL	3	2
HG01921		female	mother	AMR	PEL	5	5
HG01922		female	child	AMR	PEL	5	2
HG01923		male	father	AMR	PEL	5	2
HG01924		female	mother	AMR	PEL	2	5
HG01925		female	child	AMR	PEL	5	2
HG01926		male	father	AMR	PEL	5	2
HG01927		female	mother	AMR	PEL	2	7
HG01928	YR1	male	child	AMR	PEL	7	2
HG01932		male	father	AMR	PEL	3	2
HG01933		female	mother	AMR	PEL	5	2
HG01934	YR2	male	child	AMR	PEL	2	2
HG01935		male	father	AMR	PEL	3	5
HG01936		female	mother	AMR	PEL	2	5
HG01937		male	child	AMR	PEL	5	5
HG01938		male	father	AMR	PEL	5	5
HG01939		female	mother	AMR	PEL	2	2
HG01940	YR3	female	child	AMR	PEL	2	5
HG01941		male	father	AMR	PEL	2	5
HG01942		female	mother	AMR	PEL	5	5
HG01943	YR2	male	child	AMR	PEL	5	5
HG01944		male	father	AMR	PEL	3	6
HG01945		female	mother	AMR	PEL	3	5
HG01946		male	child	AMR	PEL	5	6
HG01947		male	father	AMR	PEL	2	5
HG01948		female	mother	AMR	PEL	5	3
HG01949		female	child	AMR	PEL	3	5
HG01950		male	father	AMR	PEL	3	5
HG01951		female	mother	AMR	PEL	2	3
HG01952	YR1	male	child	AMR	PEL	3	5
HG01953		male	father	AMR	PEL	2	2
HG01954		female	mother	AMR	PEL	2	2
HG01955		female	child	AMR	PEL	2	2
HG01956		female	mother	AFR	ACB	2	9
HG01958		female	mother	AFR	ACB	2	3
HG01959		female	child	AFR	ACB	3	3
HG01960	YR3	female	child	AFR	ACB	2	10
HG01961		male	proband	AMR	PEL		
HG01965		female	proband	AMR	PEL		
HG01967		male	father	AMR	PEL	2	2
HG01968		female	mother	AMR	PEL	5	5
HG01969	YR3	female	child	AMR	PEL	5	2
HG01970		male	father	AMR	PEL	5	3
HG01971		female	mother	AMR	PEL	3	5
HG01972		female	child	AMR	PEL	5	3
HG01973		female	mother	AMR	PEL	5	3
HG01974		male	father	AMR	PEL	5	3
HG01975	YR3	female	child	AMR	PEL	3	3
HG01976		female	mother	AMR	PEL	3	3
HG01977		male	father	AMR	PEL	5	3
HG01978	YR1	female	child	AMR	PEL	3	3
HG01979		male	father	AMR	PEL	2	2
HG01980		female	mother	AMR	PEL	2	2
HG01981	YR2	female	child	AMR	PEL	2	2
HG01982		male	father	AMR	PEL	5	2
HG01983		female	mother	AMR	PEL	7	2
HG01984		male	child	AMR	PEL	2	2
HG01985		female	proband	AFR	ACB		
HG01986		male	father	AFR	ACB	10	3
HG01987		male	child	AFR	ACB	9	3
HG01988		male	father	AFR	ACB	4	10
HG01989		female	mother	AFR	ACB	5	2
HG01990		male	father	AFR	ACB	13	3
HG01991		male	father	AMR	PEL	5	3
HG01992		female	mother	AMR	PEL	2	3
HG01993	YR2	female	child	AMR	PEL	3	3
HG01997		female	mother	AMR	PEL	3	2
HG01998		male	child	AMR	PEL	2	3
HG02002		male	father	AMR	PEL	5	5
HG02003		female	mother	AMR	PEL	2	2
HG02004	YR2	female	child	AMR	PEL	2	5
HG02006		female	proband	AMR	PEL		
HG02008		male	father	AMR	PEL	3	3
HG02009		male	father	AFR	ACB	10	5
HG02010		female	mother	AFR	ACB	2	5
HG02011	HGSVC	male	child	AFR	ACB	5	5
HG02012		female	mother	AFR	ACB	2	9
HG02013		male	father	AFR	ACB	2	9
HG02014		male	father	AFR	ACB	5	2
HG02015	YR3	male	child	EAS	KHV	2	2
HG02016		female	mother	EAS	KHV	5	2
HG02017		male	father	EAS	KHV	5	2
HG02018	HGSVC	female	child	EAS	KHV	4	4
HG02019		female	mother	EAS	KHV	5	4
HG02020		male	father	EAS	KHV	2	4
HG02023		male	proband	EAS	KHV		
HG02024		female	child	EAS	KHV	2	4
HG02025		female	mother	EAS	KHV	5	2
HG02026		male	father	EAS	KHV	4	4
HG02027	YR2	male	child	EAS	KHV	3	3
HG02028		female	mother	EAS	KHV	3	3
HG02029		male	father	EAS	KHV	2	3
HG02030		male	child	EAS	KHV	3	3
HG02031		female	mother	EAS	KHV	3	3
HG02032		male	father	EAS	KHV	5	3
HG02035		male	proband	EAS	KHV		
HG02040	YR3	male	proband	EAS	KHV		
HG02047		male	father	EAS	KHV		
HG02048		female	proband	EAS	KHV		
HG02049		female	proband	EAS	KHV		
HG02050		male	proband	EAS	KHV		
HG02051		male	proband	AFR	ACB		
HG02052		female	proband	AFR	ACB		
HG02053		male	father	AFR	ACB	2	11
HG02054		female	mother	AFR	ACB	13	2
HG02055	HPRC+	male	child	AFR	ACB	2	11
HG02056	YR3	male	child	EAS	KHV	2	2
HG02057		female	mother	EAS	KHV	5	2
HG02058		male	father	EAS	KHV	4	2
HG02059	HGSVC	female	child	EAS	KHV	1	2
HG02060		female	mother	EAS	KHV	5	1
HG02061		male	father	EAS	KHV	3	2
HG02064		male	proband	EAS	KHV		
HG02067		male	proband	EAS	KHV		
HG02068		female	child	EAS	KHV	5	3
HG02069		female	mother	EAS	KHV	5	5
HG02070		male	father	EAS	KHV	3	3
HG02071	YR2	male	child	EAS	KHV	2	5
HG02072		female	mother	EAS	KHV	2	2
HG02073		male	father	EAS	KHV	3	5
HG02074	YR2	male	child	EAS	KHV	2	2
HG02075		female	mother	EAS	KHV	5	2
HG02076		male	father	EAS	KHV	3	2
HG02077		male	child	EAS	KHV	4	4
HG02078		female	mother	EAS	KHV	2	4
HG02079		male	father	EAS	KHV	3	4
HG02080	HPRC+	female	child	EAS	KHV	5	3
HG02081		female	mother	EAS	KHV	2	5
HG02082		male	father	EAS	KHV	2	3
HG02083	YR2	male	child	EAS	KHV	3	4
HG02084		female	mother	EAS	KHV	3	3
HG02085		male	father	EAS	KHV	5	4
HG02086		female	proband	EAS	KHV		
HG02087		female	proband	EAS	KHV		
HG02088		male	proband	EAS	KHV		
HG02089		female	mother	AMR	PEL	3	2
HG02090		male	father	AMR	PEL	3	6
HG02091		female	child	AMR	PEL	2	6
HG02095		female	proband	AFR	ACB		
HG02102		female	proband	AMR	PEL		
HG02104		male	father	AMR	PEL	5	2
HG02105		female	mother	AMR	PEL	2	7
HG02106	HGSVC	female	child	AMR	PEL	5	2
HG02107		male	father	AFR	ACB		
HG02108		female	mother	AFR	ACB		
HG02111		female	proband	AFR	ACB		
HG02113		female	proband	EAS	KHV		
HG02116		male	proband	EAS	KHV		
HG02120		male	child	EAS	KHV	5	2
HG02121		female	mother	EAS	KHV	2	5
HG02122		male	father	EAS	KHV	14	2
HG02126		female	child	EAS	KHV	2	2
HG02127		female	mother	EAS	KHV	4	2
HG02128		male	father	EAS	KHV	2	2
HG02129	YR3	male	child	EAS	KHV	5	2
HG02130		female	mother	EAS	KHV	2	5
HG02131		male	father	EAS	KHV	4	2
HG02132	YR2	male	child	EAS	KHV	5	4
HG02133		female	mother	EAS	KHV	2	5
HG02134		male	father	EAS	KHV	4	4
HG02135	YR2	male	child	EAS	KHV	2	2
HG02136		female	mother	EAS	KHV	5	2
HG02137		male	father	EAS	KHV	3	2
HG02138		male	proband	EAS	KHV		
HG02139		female	proband	EAS	KHV		
HG02140		female	proband	EAS	KHV		
HG02141		male	proband	EAS	KHV		
HG02142		female	proband	EAS	KHV		
HG02143		male	father	AFR	ACB	2	2
HG02144		female	mother	AFR	ACB	9	2
HG02145	HPRC+	male	child	AFR	ACB	2	2
HG02146		male	father	AMR	PEL	5	3
HG02147		female	mother	AMR	PEL	2	5
HG02148	YR1	female	child	AMR	PEL	5	3
HG02150		male	proband	AMR	PEL		
HG02151		female	proband	EAS	CDX		
HG02152		female	proband	EAS	CDX		
HG02153		female	proband	EAS	CDX		
HG02154		female	proband	EAS	CDX		
HG02155	YR3	female	proband	EAS	CDX		
HG02156		female	proband	EAS	CDX		
HG02164		female	proband	EAS	CDX		
HG02165	YR3	female	proband	EAS	CDX		
HG02166		female	proband	EAS	CDX		
HG02178	YR4	female	proband	EAS	CDX		
HG02179		female	proband	EAS	CDX		
HG02180		female	proband	EAS	CDX		
HG02181		female	proband	EAS	CDX		
HG02182		female	proband	EAS	CDX		
HG02184		female	proband	EAS	CDX		
HG02185		female	proband	EAS	CDX		
HG02186		female	proband	EAS	CDX		
HG02187		female	proband	EAS	CDX		
HG02188		female	proband	EAS	CDX		
HG02190		female	proband	EAS	CDX		
HG02215		female	proband	EUR	GBR		
HG02219		male	proband	EUR	IBS		
HG02220		female	mother	EUR	IBS	2	2
HG02221		male	father	EUR	IBS	12	2
HG02222		female	child	EUR	IBS	2	2
HG02223		female	mother	EUR	IBS	3	7
HG02224		male	father	EUR	IBS	2	2
HG02225		female	child	EUR	IBS	7	2
HG02229		female	child	EUR	IBS	6	2
HG02230		female	mother	EUR	IBS	3	6
HG02231		male	father	EUR	IBS	5	2
HG02232		female	mother	EUR	IBS	5	5
HG02233		male	father	EUR	IBS	2	2
HG02234		male	child	EUR	IBS	5	2
HG02235		female	mother	EUR	IBS	5	5
HG02236		male	father	EUR	IBS	2	5
HG02237		female	child	EUR	IBS	5	5
HG02238		male	father	EUR	IBS	5	2
HG02239		female	mother	EUR	IBS	5	7
HG02240		female	child	EUR	IBS	7	2
HG02250		male	proband	EAS	CDX		
HG02252		female	proband	AMR	PEL		
HG02253		male	proband	AMR	PEL		
HG02255		male	father	AFR	ACB	3	2
HG02256		female	mother	AFR	ACB	2	2
HG02257	YR1	female	child	AFR	ACB	2	2
HG02258	YR3	male	child	AFR	ACB	2	2
HG02259		male	father	AMR	PEL	3	3
HG02260		female	mother	AMR	PEL	5	5
HG02261		male	child	AMR	PEL	5	3
HG02262		male	proband	AMR	PEL		
HG02265		male	proband	AMR	PEL		
HG02266		female	proband	AMR	PEL		
HG02271		male	father	AMR	PEL	5	2
HG02272		female	mother	AMR	PEL	5	3
HG02273	YR3	female	child	AMR	PEL	3	2
HG02274		male	proband	AMR	PEL		
HG02275		female	proband	AMR	PEL		
HG02277		male	father	AMR	PEL	3	2
HG02278		female	mother	AMR	PEL	2	2
HG02279		male	child	AMR	PEL	2	2
HG02280	YR2	female	child	AFR	ACB	2	2
HG02281		male	father	AFR	ACB	5	2
HG02282	HGSVC	female	mother	AFR	ACB	5	2
HG02283		male	proband	AFR	ACB		
HG02284		male	proband	AFR	ACB		
HG02285		male	father	AMR	PEL	3	3
HG02286		female	mother	AMR	PEL	5	2
HG02287		female	child	AMR	PEL	2	3
HG02291		male	father	AMR	PEL	5	5
HG02292		female	mother	AMR	PEL	3	2
HG02293	YR2	female	child	AMR	PEL	2	5
HG02298		female	mother	AMR	PEL	7	4
HG02299		male	father	AMR	PEL	3	3
HG02300	YR2	male	child	AMR	PEL	4	3
HG02301		female	mother	AMR	PEL	3	5
HG02302		male	father	AMR	PEL	2	7
HG02303		female	child	AMR	PEL	5	7
HG02304		male	proband	AMR	PEL		
HG02307		male	father	AFR	ACB	5	2
HG02308		female	mother	AFR	ACB	5	2
HG02309		female	proband	AFR	ACB		
HG02312		female	proband	AMR	PEL		
HG02314		male	father	AFR	ACB	5	2
HG02315		female	mother	AFR	ACB	5	2
HG02316		male	child	AFR	ACB	4	4
HG02317		male	father	AFR	ACB	2	4
HG02318		female	mother	AFR	ACB	2	4
HG02321		female	child	AFR	ACB	2	2
HG02322		female	mother	AFR	ACB		
HG02323		male	proband	AFR	ACB		
HG02325		female	proband	AFR	ACB		
HG02330		male	proband	AFR	ACB		
HG02332		male	proband	AFR	ACB		
HG02334		male	proband	AFR	ACB		
HG02337		female	proband	AFR	ACB		
HG02339		female	proband	AFR	ACB		
HG02343		male	proband	AFR	ACB		
HG02345		female	proband	AMR	PEL		
HG02348		female	proband	AMR	PEL		
HG02351		male	proband	EAS	CDX		
HG02353		male	proband	EAS	CDX		
HG02355		male	proband	EAS	CDX		
HG02356		male	proband	EAS	CDX		
HG02360		male	proband	EAS	CDX		
HG02364		male	proband	EAS	CDX		
HG02367		male	proband	EAS	CDX		
HG02371		male	proband	EAS	CDX		
HG02373		male	proband	EAS	CDX		
HG02374		male	proband	EAS	CDX		
HG02375		male	proband	EAS	CDX		
HG02379		male	proband	EAS	CDX		
HG02380		male	proband	EAS	CDX		
HG02382		male	proband	EAS	CDX		
HG02383		male	proband	EAS	CDX		
HG02384		male	proband	EAS	CDX		
HG02385		male	proband	EAS	CDX		
HG02386		male	proband	EAS	CDX		
HG02389		male	proband	EAS	CDX		
HG02390		male	proband	EAS	CDX		
HG02391	YR3	male	proband	EAS	CDX		
HG02392	YR4	male	proband	EAS	CDX		
HG02394		male	proband	EAS	CDX		
HG02395		male	proband	EAS	CDX		
HG02396		male	proband	EAS	CDX		
HG02397		male	proband	EAS	CDX		
HG02398		male	proband	EAS	CDX		
HG02399		male	proband	EAS	CDX		
HG02401		male	proband	EAS	CDX		
HG02402		male	proband	EAS	CDX		
HG02406		male	proband	EAS	CDX		
HG02407		male	proband	EAS	CDX		
HG02408		male	proband	EAS	CDX		
HG02409		male	proband	EAS	CDX		
HG02410		male	proband	EAS	CDX		
HG02419		female	proband	AFR	ACB		
HG02420		male	proband	AFR	ACB		
HG02425		female	proband	AMR	PEL		
HG02427		female	proband	AFR	ACB		
HG02429		male	proband	AFR	ACB		
HG02433		male	proband	AFR	ACB		
HG02439		male	proband	AFR	ACB		
HG02442		male	proband	AFR	ACB		
HG02445		male	proband	AFR	ACB		
HG02449		male	father	AFR	ACB	2	2
HG02450		female	mother	AFR	ACB	2	5
HG02451	YR3	female	child	AFR	ACB	5	2
HG02455		male	proband	AFR	ACB		
HG02461		male	father	AFR	GWD	12	2
HG02462		female	mother	AFR	GWD	3	2
HG02463		male	child	AFR	GWD	2	2
HG02464		male	father	AFR	GWD	3	9
HG02465		female	mother	AFR	GWD	2	2
HG02466		male	child	AFR	GWD	2	9
HG02470		male	proband	AFR	ACB		
HG02471		female	proband	AFR	ACB		
HG02476		female	proband	AFR	ACB		
HG02477		female	proband	AFR	ACB		
HG02479		female	proband	AFR	ACB		
HG02481		male	proband	AFR	ACB		
HG02484		male	proband	AFR	ACB		
HG02485		female	proband	AFR	ACB		
HG02489		male	proband	AFR	ACB		
HG02490		male	father	SAS	PJL	3	2
HG02491		female	mother	SAS	PJL	2	4
HG02492	HGSVC	male	child	SAS	PJL	4	2
HG02493		male	father	SAS	PJL	2	5
HG02494		female	mother	SAS	PJL	5	5
HG02495		female	child	SAS	PJL	5	5
HG02496		male	proband	AFR	ACB		
HG02497		female	proband	AFR	ACB		
HG02501		male	proband	AFR	ACB		
HG02502		female	proband	AFR	ACB		
HG02505		female	proband	AFR	ACB		
HG02508		female	proband	AFR	ACB		
HG02511		female	proband	AFR	ACB		
HG02512		male	father	EAS	KHV	4	1
HG02513		female	mother	EAS	KHV	2	2
HG02514	YR3	male	child	EAS	KHV	2	1
HG02521		male	father	EAS	KHV	5	2
HG02522		female	mother	EAS	KHV	3	4
HG02523	YR2	female	child	EAS	KHV	4	2
HG02524		male	father	EAS	KHV	4	2
HG02525		female	mother	EAS	KHV	5	5
HG02526		female	child	EAS	KHV	5	2
HG02536		male	proband	AFR	ACB		
HG02537		female	proband	AFR	ACB		
HG02541		male	proband	AFR	ACB		
HG02545		male	proband	AFR	ACB		
HG02546		female	proband	AFR	ACB		
HG02549		female	proband	AFR	ACB		
HG02554	HGSVC	male	proband	AFR	ACB		
HG02555		female	proband	AFR	ACB		
HG02557		male	proband	AFR	ACB		
HG02558		female	proband	AFR	ACB		
HG02561		male	father	AFR	GWD	3	2
HG02562		female	mother	AFR	GWD	11	2
HG02563		male	child	AFR	GWD	2	2
HG02568		female	mother	AFR	GWD	2	2
HG02569		male	child	AFR	GWD	2	11
HG02570		male	father	AFR	GWD	9	2
HG02571		female	mother	AFR	GWD	2	9
HG02572	YR1	male	child	AFR	GWD	9	2
HG02573		male	father	AFR	GWD	2	5
HG02574		female	mother	AFR	GWD	2	2
HG02575		male	child	AFR	GWD	2	5
HG02577		female	proband	AFR	ACB		
HG02580		female	proband	AFR	ACB		
HG02582		male	father	AFR	GWD	5	2
HG02583	YR4	female	mother	AFR	GWD	13	9
HG02584		male	child	AFR	GWD	9	2
HG02585		male	father	AFR	GWD	3	2
HG02586		female	mother	AFR	GWD	11	5
HG02587	HGSVC	female	child	AFR	GWD	5	2
HG02588		male	father	AFR	GWD	5	4
HG02589		female	mother	AFR	GWD	11	2
HG02594		male	father	AFR	GWD	5	3
HG02595		female	mother	AFR	GWD	5	5
HG02596		male	child	AFR	GWD	5	3
HG02597		male	father	SAS	PJL		
HG02600		male	father	SAS	PJL	2	1
HG02601		female	mother	SAS	PJL	4	2
HG02602	YR2	male	child	SAS	PJL	2	1
HG02603		male	father	SAS	PJL	2	2
HG02604		female	mother	SAS	PJL	2	2
HG02605		female	child	SAS	PJL	2	2
HG02610		male	father	AFR	GWD	5	2
HG02611		female	mother	AFR	GWD	3	2
HG02612		male	child	AFR	GWD	2	2
HG02613		male	father	AFR	GWD	15	3
HG02614		female	mother	AFR	GWD	3	2
HG02615	YR2	female	child	AFR	GWD	2	3
HG02620		male	father	AFR	GWD	5	13
HG02621		female	mother	AFR	GWD	2	2
HG02622	YR1	female	child	AFR	GWD	2	13
HG02623		male	father	AFR	GWD	2	2
HG02624		female	mother	AFR	GWD	5	2
HG02625		male	child	AFR	GWD	2	2
HG02628		male	father	AFR	GWD	8	5
HG02629		female	mother	AFR	GWD	2	9
HG02630	YR1	female	child	AFR	GWD	9	5
HG02634		male	father	AFR	GWD	3	3
HG02635		female	mother	AFR	GWD	3	2
HG02636		male	child	AFR	GWD	2	3
HG02642		male	father	AFR	GWD	2	2
HG02643		female	mother	AFR	GWD	3	3
HG02644		male	child	AFR	GWD	3	2
HG02645		male	father	AFR	GWD	4	2
HG02646		female	mother	AFR	GWD	4	2
HG02647	YR2	male	child	AFR	GWD	2	2
HG02648		male	father	SAS	PJL	5	5
HG02649		female	mother	SAS	PJL	2	2
HG02650		male	child	SAS	PJL	2	5
HG02651		male	father	SAS	PJL	4	5
HG02652		female	mother	SAS	PJL	5	2
HG02653		female	child	SAS	PJL	2	5
HG02654		male	father	SAS	PJL	5	5
HG02655		female	mother	SAS	PJL	5	5
HG02656		male	child	SAS	PJL	5	5
HG02657		male	father	SAS	PJL	5	2
HG02658		female	mother	SAS	PJL	5	2
HG02659		female	child	SAS	PJL	2	2
HG02660		male	father	SAS	PJL	1	2
HG02661		female	mother	SAS	PJL	5	2
HG02662		female	child	SAS	PJL	2	2
HG02666	HGSVC	male	father	AFR	GWD	2	2
HG02667		female	mother	AFR	GWD	3	15
HG02668	YR2	male	child	AFR	GWD	15	2
HG02675		male	father	AFR	GWD	2	9
HG02676		female	mother	AFR	GWD	8	10
HG02677		female	child	AFR	GWD	10	9
HG02678		male	father	AFR	GWD	11	2
HG02679		female	mother	AFR	GWD	9	4
HG02680		female	child	AFR	GWD	4	2
HG02681		male	father	SAS	PJL	4	2
HG02682		female	mother	SAS	PJL	5	4
HG02683	YR2	female	child	SAS	PJL	4	2
HG02684		male	father	SAS	PJL	2	2
HG02685		female	mother	SAS	PJL	2	5
HG02686		male	child	SAS	PJL	5	2
HG02687		male	father	SAS	PJL	4	5
HG02688		female	mother	SAS	PJL	4	2
HG02689		male	child	SAS	PJL	2	5
HG02690		male	father	SAS	PJL	2	5
HG02691		female	mother	SAS	PJL	2	2
HG02692		female	child	SAS	PJL	2	5
HG02694		female	proband	SAS	PJL		
HG02696		male	father	SAS	PJL	2	5
HG02697		female	mother	SAS	PJL	5	5
HG02698	YR2	male	child	SAS	PJL	5	5
HG02699		male	father	SAS	PJL	2	1
HG02700		female	mother	SAS	PJL	2	2
HG02701		male	child	SAS	PJL	2	1
HG02702		male	father	AFR	GWD	2	2
HG02703		female	mother	AFR	GWD	5	5
HG02704		female	child	AFR	GWD	5	2
HG02715		male	father	AFR	GWD	2	11
HG02716		female	mother	AFR	GWD	5	3
HG02717	YR1	male	child	AFR	GWD	3	11
HG02721		male	father	AFR	GWD	4	5
HG02722		female	mother	AFR	GWD	2	2
HG02723	HPRC+	female	child	AFR	GWD	2	5
HG02724		male	father	SAS	PJL	5	4
HG02725		female	mother	SAS	PJL	2	5
HG02726		female	child	SAS	PJL	5	4
HG02727		male	father	SAS	PJL	4	5
HG02728		female	mother	SAS	PJL	2	1
HG02729		male	child	SAS	PJL	1	5
HG02731		female	proband	SAS	PJL		
HG02733		male	father	SAS	PJL	2	2
HG02734		female	mother	SAS	PJL	2	2
HG02735	YR3	male	child	SAS	PJL	2	2
HG02736		male	father	SAS	PJL	1	4
HG02737		female	mother	SAS	PJL	2	2
HG02738	YR2	male	child	SAS	PJL	2	4
HG02756		male		AFR	GWD		
HG02757		female	mother	AFR	GWD		
HG02759		male	father	AFR	GWD	9	3
HG02760		female	mother	AFR	GWD	2	15
HG02761		female	child	AFR	GWD	15	3
HG02762		male	father	AFR	GWD	2	2
HG02763		female	mother	AFR	GWD	2	3
HG02764		male	child	AFR	GWD	3	2
HG02768		male	father	AFR	GWD	15	11
HG02769	HGSVC	female	mother	AFR	GWD	3	2
HG02770		female	child	AFR	GWD	2	11
HG02771		male	father	AFR	GWD	2	5
HG02772		female	mother	AFR	GWD	15	5
HG02773		male	child	AFR	GWD	5	5
HG02774		male	father	SAS	PJL	2	2
HG02775		female	mother	SAS	PJL	2	5
HG02776		female	child	SAS	PJL	5	2
HG02778		female	mother	SAS	PJL		
HG02780		male	proband	SAS	PJL		
HG02783		male	father	SAS	PJL	2	4
HG02784		female	mother	SAS	PJL	2	4
HG02785		female	child	SAS	PJL	4	4
HG02786		male	father	SAS	PJL	2	2
HG02787		female	mother	SAS	PJL	4	2
HG02788		female	child	SAS	PJL	2	2
HG02789		male	father	SAS	PJL	2	5
HG02790		female	mother	SAS	PJL	5	4
HG02791		male	child	SAS	PJL	4	5
HG02792		male	father	SAS	PJL	4	2
HG02793		female	mother	SAS	PJL	2	2
HG02794		male	child	SAS	PJL	2	2
HG02798		male	father	AFR	GWD	4	2
HG02799		female	mother	AFR	GWD	2	2
HG02800		male	child	AFR	GWD	2	2
HG02804		male	father	AFR	GWD	3	15
HG02805		female	mother	AFR	GWD	2	5
HG02806		female	child	AFR	GWD	5	15
HG02807		male	father	AFR	GWD	8	4
HG02808		female	mother	AFR	GWD	5	5
HG02809	YR2	female	child	AFR	GWD	5	4
HG02810		male	father	AFR	GWD	4	13
HG02811		female	mother	AFR	GWD	8	3
HG02812		male	child	AFR	GWD	3	13
HG02813		male	father	AFR	GWD	3	5
HG02814		female	mother	AFR	GWD	2	4
HG02815		male	child	AFR	GWD	4	5
HG02816		male	father	AFR	GWD	2	10
HG02817		female	mother	AFR	GWD	3	2
HG02818	HPRC+/HGSVC	female	child	AFR	GWD	2	10
HG02819		male	father	AFR	GWD	2	2
HG02820		female	mother	AFR	GWD	5	2
HG02821		male	child	AFR	GWD	2	2
HG02836		male	father	AFR	GWD	4	2
HG02837		female	mother	AFR	GWD	3	5
HG02838		male	child	AFR	GWD	5	2
HG02839		male	father	AFR	GWD	5	11
HG02840		female	mother	AFR	GWD	2	2
HG02841	YR3	female	child	AFR	GWD	2	11
HG02851		male	father	AFR	GWD	3	2
HG02852		female	mother	AFR	GWD	16	2
HG02853		male	child	AFR	GWD	2	2
HG02854		male	father	AFR	GWD	2	5
HG02855		female	mother	AFR	GWD	2	2
HG02856		male	child	AFR	GWD	2	5
HG02860		male	father	AFR	GWD	2	5
HG02861		female	mother	AFR	GWD	2	11
HG02862		female	child	AFR	GWD	11	5
HG02869		male	father	AFR	GWD	13	10
HG02870		female	mother	AFR	GWD	2	2
HG02871		female	child	AFR	GWD	2	10
HG02878		male	father	AFR	GWD	2	5
HG02879		female	mother	AFR	GWD	10	7
HG02880		female	child	AFR	GWD	7	5
HG02881		male	father	AFR	GWD	2	5
HG02882		female	mother	AFR	GWD	15	3
HG02883		male	child	AFR	GWD	3	5
HG02884		male	father	AFR	GWD	4	2
HG02885		female	mother	AFR	GWD	5	3
HG02886	YR1	female	child	AFR	GWD	3	2
HG02887		male	father	AFR	GWD	2	4
HG02888		female	mother	AFR	GWD	2	2
HG02889		female	child	AFR	GWD	2	4
HG02890		male	father	AFR	GWD	11	3
HG02891		female	mother	AFR	GWD	2	5
HG02892		male	child	AFR	GWD	5	3
HG02895		male	father	AFR	GWD	4	5
HG02896		female	mother	AFR	GWD	2	3
HG02897		female	child	AFR	GWD	3	5
HG02922	YR3	female	mother	AFR	ESN	5	11
HG02923		male	father	AFR	ESN	2	2
HG02924		male	child	AFR	ESN	11	2
HG02938		male	father	AFR	ESN		
HG02941		male	father	AFR	ESN		
HG02943		female	mother	AFR	ESN	9	5
HG02944		male	father	AFR	ESN	2	2
HG02945		female	child	AFR	ESN	5	2
HG02946		female	mother	AFR	ESN	2	2
HG02947		male	father	AFR	ESN	5	2
HG02948		male	child	AFR	ESN	2	2
HG02952		female	mother	AFR	ESN	13	2
HG02953	HGSVC	male	father	AFR	ESN	2	5
HG02954		male	child	AFR	ESN	2	5
HG02964		female	mother	AFR	ESN	2	2
HG02965	YR3	male	father	AFR	ESN	4	9
HG02966		male	child	AFR	ESN	2	9
HG02968		male	father	AFR	ESN		
HG02970	HPRC+	female	mother	AFR	ESN	5	2
HG02971		male	father	AFR	ESN	2	2
HG02972		male	child	AFR	ESN	2	2
HG02973		male	father	AFR	ESN	2	2
HG02974		female	mother	AFR	ESN	5	3
HG02975		male	child	AFR	ESN	3	2
HG02976	YR3	female	mother	AFR	ESN	3	2
HG02977		male	father	AFR	ESN	5	2
HG02978		female	child	AFR	ESN	2	2
HG02979		female	mother	AFR	ESN	5	4
HG02980		male	child	AFR	ESN	4	2
HG02981		male	father	AFR	ESN	5	2
HG02982		male	father	AFR	GWD	2	4
HG02983		female	mother	AFR	GWD	5	2
HG02984	YR3	male	child	AFR	GWD	2	4
HG03006		male	father	SAS	BEB	1	17
HG03007		female	mother	SAS	BEB	2	2
HG03008		male	child	SAS	BEB	2	2
HG03009	HGSVC	male	proband	SAS	BEB		
HG03012		male	proband	SAS	BEB		
HG03015		male	father	SAS	PJL	5	5
HG03016		female	mother	SAS	PJL	2	5
HG03017	YR3	male	child	SAS	PJL	5	5
HG03018		male	proband	SAS	PJL		
HG03019		female	proband	SAS	PJL		
HG03021		male	father	SAS	PJL		
HG03022		female	proband	SAS	PJL		
HG03024		male	father	AFR	GWD	5	2
HG03025		female	mother	AFR	GWD	3	2
HG03026		female	child	AFR	GWD	2	2
HG03027		male	father	AFR	GWD	8	2
HG03028		female	mother	AFR	GWD	2	12
HG03029		male	child	AFR	GWD	12	2
HG03033		male	father	AFR	GWD	13	11
HG03034		female	mother	AFR	GWD	2	10
HG03035		male	child	AFR	GWD	10	11
HG03039		male	father	AFR	GWD	11	3
HG03040		female	mother	AFR	GWD	3	6
HG03041	YR3	female	child	AFR	GWD	6	3
HG03045		male	father	AFR	GWD	13	5
HG03046		female	mother	AFR	GWD	2	2
HG03047		female	child	AFR	GWD	2	5
HG03048		male	father	AFR	GWD	5	2
HG03049		female	mother	AFR	GWD	2	2
HG03050	YR3	male	child	AFR	GWD	2	2
HG03052		female	mother	AFR	MSL		
HG03054		male	father	AFR	MSL	5	3
HG03055		female	mother	AFR	MSL	2	5
HG03056		male	child	AFR	MSL	5	3
HG03057		male	proband	AFR	MSL		
HG03058		female	mother	AFR	MSL		
HG03060		male	proband	AFR	MSL		
HG03061		female	mother	AFR	MSL		
HG03063		male	father	AFR	MSL	2	4
HG03064		female	mother	AFR	MSL	4	5
HG03065	HGSVC	male	child	AFR	MSL	5	4
HG03066		male	proband	AFR	MSL		
HG03069		male	proband	AFR	MSL		
HG03072		male	proband	AFR	MSL		
HG03073		female	proband	AFR	MSL		
HG03074		male	proband	AFR	MSL		
HG03077		male	proband	AFR	MSL		
HG03078		male	proband	AFR	MSL		
HG03079		female	mother	AFR	MSL		
HG03081		male	proband	AFR	MSL		
HG03082		female	proband	AFR	MSL		
HG03084		male	proband	AFR	MSL		
HG03085		female	proband	AFR	MSL		
HG03086		female	proband	AFR	MSL		
HG03088		female	proband	AFR	MSL		
HG03091		female	proband	AFR	MSL		
HG03095		female	proband	AFR	MSL		
HG03096		male	father	AFR	MSL	18	13
HG03097		female	mother	AFR	MSL	3	4
HG03098	HPRC+	male	-	AFR	MSL	4	13
HG03099		female	mother	AFR	ESN	2	9
HG03100		male	father	AFR	ESN	2	2
HG03101		male	child	AFR	ESN	9	2
HG03103		male	father	AFR	ESN		
HG03105		female	mother	AFR	ESN		
HG03108		female	mother	AFR	ESN	2	3
HG03109		male	father	AFR	ESN	2	2
HG03110		female	child	AFR	ESN	3	2
HG03111		female	mother	AFR	ESN	2	2
HG03112		male	father	AFR	ESN	5	2
HG03113		female	child	AFR	ESN	2	2
HG03114		female	mother	AFR	ESN	3	2
HG03115		male	father	AFR	ESN	2	3
HG03116		female	child	AFR	ESN	2	3
HG03117		female	mother	AFR	ESN	5	2
HG03118		male	father	AFR	ESN	15	9
HG03119		female	child	AFR	ESN	2	9
HG03120		male	father	AFR	ESN	3	13
HG03121		female	mother	AFR	ESN	2	2
HG03122		male	child	AFR	ESN	2	13
HG03123		female	mother	AFR	ESN	2	5
HG03124		male	father	AFR	ESN	5	9
HG03125	HGSVC	female	child	AFR	ESN	5	9
HG03126		female	mother	AFR	ESN	2	11
HG03127		male	father	AFR	ESN	5	2
HG03128		male	child	AFR	ESN	11	2
HG03129		female	mother	AFR	ESN	5	4
HG03130	YR3	male	father	AFR	ESN	10	2
HG03131		male	child	AFR	ESN	4	2
HG03132		female	mother	AFR	ESN	2	5
HG03133		male	father	AFR	ESN	2	8
HG03134		male	child	AFR	ESN	5	8
HG03135		female	mother	AFR	ESN	3	5
HG03136		male	father	AFR	ESN	3	2
HG03137		male	child	AFR	ESN	5	2
HG03139	YR3	male	father	AFR	ESN		
HG03157		male	father	AFR	ESN		
HG03159		female	mother	AFR	ESN	2	2
HG03160		male	father	AFR	ESN	4	2
HG03161		male	child	AFR	ESN	2	2
HG03162		female	mother	AFR	ESN	2	5
HG03163		male	father	AFR	ESN	5	5
HG03164		female	child	AFR	ESN	5	5
HG03166		male	father	AFR	ESN		
HG03168		female	mother	AFR	ESN	5	5
HG03169		male	father	AFR	ESN	2	3
HG03170		male	child	AFR	ESN	5	3
HG03172		male	father	AFR	ESN		
HG03175		male	father	AFR	ESN		
HG03189		female	mother	AFR	ESN	2	5
HG03190		male	father	AFR	ESN	5	5
HG03191		male	child	AFR	ESN	5	5
HG03193		male	father	AFR	ESN		
HG03195	YR3	female	mother	AFR	ESN	5	2
HG03196		male	father	AFR	ESN	2	2
HG03197		male	child	AFR	ESN	2	2
HG03198		female	mother	AFR	ESN	13	5
HG03199		male	father	AFR	ESN	9	2
HG03200		female	child	AFR	ESN	5	2
HG03202		male	father	AFR	ESN		
HG03209	YR3	male	proband	AFR	MSL		
HG03212		female	proband	AFR	MSL		
HG03224		male	proband	AFR	MSL		
HG03225	YR3	male	proband	AFR	MSL		
HG03228		male	father	SAS	PJL	3	3
HG03229		female	mother	SAS	PJL	3	5
HG03230		female	child	SAS	PJL	5	3
HG03234		male	father	SAS	PJL	5	2
HG03235		female	mother	SAS	PJL	5	2
HG03236		female	child	SAS	PJL	2	2
HG03237		male	father	SAS	PJL	2	2
HG03238		female	mother	SAS	PJL	2	2
HG03239	YR3	female	child	SAS	PJL	2	2
HG03240		male	father	AFR	GWD	11	3
HG03241		female	mother	AFR	GWD	4	3
HG03242		male	child	AFR	GWD	3	3
HG03246		male	father	AFR	GWD	3	3
HG03247		female	mother	AFR	GWD	5	2
HG03248	HGSVC	male	child	AFR	GWD	2	3
HG03249		male	father	AFR	GWD	3	2
HG03250		female	mother	AFR	GWD	2	12
HG03251		female	child	AFR	GWD	12	2
HG03258		male	father	AFR	GWD	5	2
HG03259		female	mother	AFR	GWD	5	2
HG03260		male	child	AFR	GWD	2	2
HG03265		male	father	AFR	ESN		
HG03267		female	mother	AFR	ESN	5	13
HG03268		male	father	AFR	ESN	2	2
HG03269		male	child	AFR	ESN	13	2
HG03270	YR4	female	mother	AFR	ESN	2	13
HG03271		male	father	AFR	ESN	10	2
HG03272		female	child	AFR	ESN	13	2
HG03279		female	proband	AFR	ESN		
HG03280		male	proband	AFR	ESN		
HG03291		female	mother	AFR	ESN		
HG03294		female	mother	AFR	ESN	5	2
HG03295		male	father	AFR	ESN	2	15
HG03296		male	child	AFR	ESN	2	15
HG03297		female	mother	AFR	ESN	5	2
HG03298		male	father	AFR	ESN	2	13
HG03299		male	child	AFR	ESN	2	13
HG03300		female	mother	AFR	ESN	2	2
HG03301		male	father	AFR	ESN	5	4
HG03302		male	child	AFR	ESN	2	4
HG03303		female	mother	AFR	ESN	4	3
HG03304		male	father	AFR	ESN	5	2
HG03305		female	child	AFR	ESN	3	2
HG03306		female	mother	AFR	ESN	2	3
HG03307		male	father	AFR	ESN	9	2
HG03308		male	child	AFR	ESN	3	2
HG03309		female	mother	AFR	ESN	2	5
HG03310		female	child	AFR	ESN	5	13
HG03311		male	father	AFR	ESN	2	13
HG03312		female	mother	AFR	ESN	9	2
HG03313		male	father	AFR	ESN	2	2
HG03314		male	child	AFR	ESN	2	2
HG03342		female	mother	AFR	ESN	2	2
HG03343		male	father	AFR	ESN	2	10
HG03344		male	child	AFR	ESN	2	10
HG03350		male	child	AFR	ESN	2	13
HG03351		female	mother	AFR	ESN	4	2
HG03352		male	father	AFR	ESN	2	13
HG03354		female	proband	AFR	ESN		
HG03363		female	mother	AFR	ESN		
HG03366		female	mother	AFR	ESN	2	4
HG03367		male	father	AFR	ESN	4	2
HG03368		male	child	AFR	ESN	4	2
HG03369		female	mother	AFR	ESN	5	10
HG03370		male	father	AFR	ESN	5	2
HG03371	HGSVC	male	child	AFR	ESN	10	2
HG03372		female	mother	AFR	ESN	9	2
HG03373		male	father	AFR	ESN	10	2
HG03374		female	child	AFR	ESN	2	2
HG03376		male	proband	AFR	MSL		
HG03378		female	proband	AFR	MSL		
HG03380		female	proband	AFR	MSL		
HG03382		male	father	AFR	MSL		
HG03385		male	proband	AFR	MSL		
HG03388		male	father	AFR	MSL		
HG03391		male	proband	AFR	MSL		
HG03394		male	father	AFR	MSL		
HG03397		male	proband	AFR	MSL		
HG03401		female	mother	AFR	MSL		
HG03410		female	mother	AFR	MSL		
HG03419		female	proband	AFR	MSL		
HG03428		female	proband	AFR	MSL		
HG03432		male	proband	AFR	MSL		
HG03433		male	proband	AFR	MSL		
HG03436		male	proband	AFR	MSL		
HG03437		female	proband	AFR	MSL		
HG03438		female	child	AFR	MSL	2	5
HG03439		male	proband	AFR	MSL		
HG03442		male	proband	AFR	MSL		
HG03445		male	proband	AFR	MSL		
HG03446		female	proband	AFR	MSL		
HG03449		female	mother	AFR	MSL		
HG03451		male	father	AFR	MSL	2	8
HG03452	HGSVC	female	mother	AFR	MSL	2	2
HG03453	YR1	female	child	AFR	MSL	2	8
HG03454		male	father	AFR	MSL	2	11
HG03455		female	mother	AFR	MSL	5	4
HG03456	HGSVC	male	child	AFR	MSL	4	11
HG03457		male	proband	AFR	MSL		
HG03458	YR3	female	mother	AFR	MSL		
HG03460		male	proband	AFR	MSL		
HG03461		female	proband	AFR	MSL		
HG03464		female	mother	AFR	MSL		
HG03469		male	father	AFR	MSL	5	5
HG03470	YR3	female	mother	AFR	MSL	8	2
HG03472		male	proband	AFR	MSL		
HG03473		female	mother	AFR	MSL		
HG03476		female	mother	AFR	MSL		
HG03478		male	father	AFR	MSL	4	5
HG03479		female	mother	AFR	MSL	2	5
HG03480		female	child	AFR	MSL	5	5
HG03484		male	father	AFR	MSL	2	2
HG03485		female	mother	AFR	MSL	4	4
HG03486	HPRC+/HGSVC	female	child	AFR	MSL	4	2
HG03487		male	father	SAS	PJL	10	3
HG03488		female	mother	SAS	PJL	2	5
HG03489		male	child	SAS	PJL	5	3
HG03490		male	father	SAS	PJL	2	2
HG03491		female	mother	SAS	PJL	2	1
HG03492	HPRC+	male	child	SAS	PJL	1	2
HG03499		female	proband	AFR	ESN		
HG03511		female	mother	AFR	ESN		
HG03514		female	mother	AFR	ESN	3	2
HG03515		male	father	AFR	ESN	2	5
HG03516	YR1	female	child	AFR	ESN	2	5
HG03517		female	mother	AFR	ESN	2	9
HG03518		male	father	AFR	ESN	2	5
HG03519		male	child	AFR	ESN	9	5
HG03520	HGSVC	female	mother	AFR	ESN	5	2
HG03521		male	father	AFR	ESN	5	15
HG03522		female	child	AFR	ESN	2	15
HG03538		male	father	AFR	GWD	11	2
HG03539		female	mother	AFR	GWD	3	3
HG03540	YR1	female	child	AFR	GWD	3	2
HG03547		male	proband	AFR	MSL		
HG03548		female	proband	AFR	MSL		
HG03556		male	proband	AFR	MSL		
HG03557		female	proband	AFR	MSL		
HG03558		female	proband	AFR	MSL		
HG03559		male	proband	AFR	MSL		
HG03563		female	mother	AFR	MSL		
HG03565		male	proband	AFR	MSL		
HG03567		female	proband	AFR	MSL		
HG03571		male	proband	AFR	MSL		
HG03572	YR4	female	proband	AFR	MSL		
HG03574		male	father	AFR	MSL	13	18
HG03575		female	mother	AFR	MSL	4	2
HG03576		female	child	AFR	MSL	2	18
HG03577		male	father	AFR	MSL	4	4
HG03578		female	mother	AFR	MSL	2	3
HG03579	YR1	male	child	AFR	MSL	3	4
HG03582		male	father	AFR	MSL	3	3
HG03583		female	mother	AFR	MSL	10	5
HG03584		female	child	AFR	MSL	5	3
HG03585		male	father	SAS	BEB		
HG03589		female	mother	SAS	BEB		
HG03593		male	proband	SAS	BEB		
HG03594		male	father	SAS	BEB	4	5
HG03595		female	mother	SAS	BEB	5	4
HG03596		male	child	SAS	BEB	4	5
HG03598		female	mother	SAS	BEB		
HG03600		male	father	SAS	BEB		
HG03603		male	proband	SAS	BEB		
HG03604		female	proband	SAS	BEB		
HG03605		female	child	SAS	BEB	3	3
HG03606		male	father	SAS	BEB	2	3
HG03607		female	mother	SAS	BEB	2	3
HG03611	YR4	female	proband	SAS	BEB		
HG03615		male	father	SAS	BEB	2	4
HG03616		female	mother	SAS	BEB	2	4
HG03617		female	child	SAS	BEB	4	4
HG03618		male	father	SAS	PJL	2	5
HG03619		female	mother	SAS	PJL	2	3
HG03620		female	child	SAS	PJL	3	5
HG03624		male	father	SAS	PJL	5	5
HG03625		female	mother	SAS	PJL	2	5
HG03626		female	child	SAS	PJL	5	5
HG03629		male	proband	SAS	PJL		
HG03631		female	proband	SAS	PJL		
HG03633		male	father	SAS	PJL	5	2
HG03634		female	mother	SAS	PJL	2	5
HG03635		female	child	SAS	PJL	5	2
HG03636		male	father	SAS	PJL		
HG03639		male	father	SAS	PJL	4	5
HG03640		female	mother	SAS	PJL	2	2
HG03641		male	child	SAS	PJL	2	5
HG03642		female	mother	SAS	STU	2	2
HG03643		female	proband	SAS	STU		
HG03644		male	proband	SAS	STU		
HG03645		female	proband	SAS	STU		
HG03646		male	proband	SAS	STU		
HG03649		male	father	SAS	PJL	5	2
HG03650		female	mother	SAS	PJL	1	2
HG03651		male	child	SAS	PJL	2	2
HG03652		male	father	SAS	PJL	5	1
HG03653		female	mother	SAS	PJL	5	2
HG03654	YR2	male	child	SAS	PJL	2	1
HG03660		male	proband	SAS	PJL		
HG03663		male	proband	SAS	PJL		
HG03667		male	father	SAS	PJL	2	2
HG03668		female	mother	SAS	PJL	2	2
HG03669	YR2	female	child	SAS	PJL	2	2
HG03672		male	proband	SAS	STU		
HG03673		female	mother	SAS	STU		
HG03679		male	father	SAS	STU	2	5
HG03680		male	proband	SAS	STU		
HG03681		male	proband	SAS	STU		
HG03682		male	father	SAS	STU	2	2
HG03683	HGSVC	female	child	SAS	STU	2	2
HG03684		female	mother	SAS	STU	1	2
HG03685		male	proband	SAS	STU		
HG03686		male	proband	SAS	STU		
HG03687		male	proband	SAS	STU		
HG03688	YR2	male	child	SAS	STU	2	2
HG03689		female	proband	SAS	STU		
HG03690		female	proband	SAS	STU		
HG03691		male	proband	SAS	STU		
HG03692		female	proband	SAS	STU		
HG03693		male	proband	SAS	STU		
HG03694		male	proband	SAS	STU		
HG03695		male	proband	SAS	STU		
HG03696		male	father	SAS	STU		
HG03697		male	proband	SAS	STU		
HG03698		female	proband	SAS	STU		
HG03699		male	father	SAS	PJL	4	2
HG03700		female	mother	SAS	PJL	2	3
HG03701		male	child	SAS	PJL	3	2
HG03702		male	father	SAS	PJL	2	5
HG03703		female	mother	SAS	PJL	5	2
HG03704	YR3	female	child	SAS	PJL	2	5
HG03705		male	father	SAS	PJL	2	5
HG03706		female	mother	SAS	PJL	2	2
HG03707		male	child	SAS	PJL	2	5
HG03708		male	father	SAS	PJL	5	2
HG03709		female	mother	SAS	PJL	5	2
HG03710	YR2	male	child	SAS	PJL	2	2
HG03711		male	proband	SAS	STU		
HG03713		male	father	SAS	ITU		
HG03714		female	proband	SAS	ITU		
HG03716		male	proband	SAS	ITU		
HG03717		female	proband	SAS	ITU		
HG03718		male	proband	SAS	ITU		
HG03719		female	child	SAS	ITU	2	4
HG03720		male	proband	SAS	ITU		
HG03721		female	mother	SAS	ITU	5	5
HG03722		female	mother	SAS	ITU	2	2
HG03725		male	father	SAS	ITU	2	4
HG03727		male	father	SAS	ITU	2	2
HG03729		male	proband	SAS	ITU		
HG03730		female	proband	SAS	ITU		
HG03731		female	proband	SAS	ITU		
HG03732	HGSVC	male	child	SAS	ITU	5	2
HG03733		female	proband	SAS	STU		
HG03736		female	proband	SAS	STU		
HG03738		male	proband	SAS	STU		
HG03740		male	proband	SAS	STU		
HG03741		female	proband	SAS	STU		
HG03742	YR3	male	proband	SAS	ITU		
HG03743		male	proband	SAS	STU		
HG03744		male	proband	SAS	STU		
HG03745		male	proband	SAS	STU		
HG03746		male	proband	SAS	STU		
HG03750		male	father	SAS	STU		
HG03752		female	proband	SAS	STU		
HG03753		male	proband	SAS	STU		
HG03754		female	child	SAS	STU		
HG03755		male	proband	SAS	STU		
HG03756		female	proband	SAS	STU		
HG03757		female	proband	SAS	STU		
HG03760		female	proband	SAS	STU		
HG03761		male	father	SAS	PJL	2	5
HG03762		female	mother	SAS	PJL	5	5
HG03763		male	child	SAS	PJL	5	5
HG03765		female	mother	SAS	PJL		
HG03767		male	father	SAS	PJL		
HG03770		female	proband	SAS	ITU		
HG03771		male	proband	SAS	ITU		
HG03772		female	proband	SAS	ITU		
HG03773		male	proband	SAS	ITU		
HG03774		female	proband	SAS	ITU		
HG03775		male	proband	SAS	ITU		
HG03777		male	proband	SAS	ITU		
HG03778		male	proband	SAS	ITU		
HG03779		male	proband	SAS	ITU		
HG03780		female	proband	SAS	ITU		
HG03781		female	proband	SAS	ITU		
HG03782		female	mother	SAS	ITU		
HG03784		female	proband	SAS	ITU		
HG03785		male	proband	SAS	ITU		
HG03786		male	proband	SAS	ITU		
HG03787		female	proband	SAS	ITU		
HG03788		male	proband	SAS	ITU		
HG03789		female	proband	SAS	ITU		
HG03790		male	proband	SAS	ITU		
HG03792	YR3 (4?)	male	proband	SAS	ITU		
HG03793		female	mother	SAS	BEB	5	4
HG03794		male	father	SAS	BEB	5	1
HG03795		male	child	SAS	BEB	4	1
HG03796		female	mother	SAS	BEB	5	2
HG03797		male	father	SAS	BEB	3	2
HG03798		male	child	SAS	BEB	2	2
HG03799		female	mother	SAS	BEB	5	5
HG03800		male	father	SAS	BEB	5	5
HG03801		female	child	SAS	BEB	5	5
HG03802		female	mother	SAS	BEB	2	2
HG03803		male	father	SAS	BEB	3	2
HG03804	YR2	female	child	SAS	BEB	2	2
HG03805		female	mother	SAS	BEB	5	2
HG03806		male	father	SAS	BEB	2	2
HG03807	HGSVC	female	child	SAS	BEB	2	2
HG03808		female	proband	SAS	BEB		
HG03809		male	proband	SAS	BEB		
HG03812		male	proband	SAS	BEB		
HG03814		female	proband	SAS	BEB	2	2
HG03815		male	proband	SAS	BEB	3	2
HG03816	YR2	female	proband	SAS	BEB	2	2
HG03817		female	proband	SAS	BEB		
HG03821		male	father	SAS	BEB		
HG03823		female	mother	SAS	BEB	5	2
HG03824		male	father	SAS	BEB	5	4
HG03825		female	child	SAS	BEB	2	4
HG03826		female	proband	SAS	BEB		
HG03829		female	mother	SAS	BEB	2	2
HG03830		male	father	SAS	BEB	1	2
HG03831	YR2	female	child	SAS	BEB	2	2
HG03832		female	mother	SAS	BEB	4	2
HG03833		male	father	SAS	BEB	2	4
HG03834	YR3	female	child	SAS	BEB	2	4
HG03836		female	proband	SAS	STU		
HG03837		male	proband	SAS	STU		
HG03838		female	proband	SAS	STU		
HG03844		male	proband	SAS	STU		
HG03846		male	proband	SAS	STU		
HG03848		male	proband	SAS	STU		
HG03849		female	proband	SAS	STU		
HG03850		male	proband	SAS	STU		
HG03851		male	proband	SAS	STU		
HG03854		male	proband	SAS	STU		
HG03856		male	proband	SAS	STU		
HG03857		female	proband	SAS	STU		
HG03858		female	proband	SAS	STU		
HG03861		female	proband	SAS	ITU		
HG03862		female	proband	SAS	ITU		
HG03863		female	proband	SAS	ITU		
HG03864		male	proband	SAS	ITU		
HG03866		male	proband	SAS	ITU		
HG03867		male	proband	SAS	ITU		
HG03868		female	proband	SAS	ITU		
HG03869		male	proband	SAS	ITU		
HG03870		male	proband	SAS	ITU		
HG03871		male	proband	SAS	ITU		
HG03872		male	proband	SAS	ITU		
HG03873		female	proband	SAS	ITU		
HG03874	YR4	female	mother	SAS	ITU		
HG03875		male	proband	SAS	ITU		
HG03882		female	proband	SAS	ITU		
HG03884		female	proband	SAS	STU		
HG03885		male	father	SAS	STU	2	2
HG03886		female	mother	SAS	STU	4	2
HG03887		male	proband	SAS	STU		
HG03888		female	proband	SAS	STU		
HG03890		male	proband	SAS	STU		
HG03894		female	mother	SAS	STU	5	2
HG03895		female	proband	SAS	STU		
HG03896		male	father	SAS	STU	2	5
HG03897		female	proband	SAS	STU		
HG03898		female	proband	SAS	STU		
HG03899		male	proband	SAS	STU		
HG03900		male	proband	SAS	STU		
HG03902		male	proband	SAS	BEB		
HG03904		female	mother	SAS	BEB	2	2
HG03905		male	father	SAS	BEB	5	2
HG03906		male	child	SAS	BEB	2	2
HG03907		female	mother	SAS	BEB	2	7
HG03908		male	father	SAS	BEB	2	2
HG03909		male	child	SAS	BEB	7	2
HG03910		female	proband	SAS	BEB		
HG03911		male	proband	SAS	BEB		
HG03913		female	mother	SAS	BEB	2	5
HG03914		male	father	SAS	BEB	2	2
HG03915		female	child	SAS	BEB	5	2
HG03916		female	proband	SAS	BEB		
HG03917		male	proband	SAS	BEB		
HG03919		female	proband	SAS	BEB		
HG03920		male	proband	SAS	BEB		
HG03922		female	mother	SAS	BEB		
HG03925		female	mother	SAS	BEB	2	2
HG03926		male	father	SAS	BEB	2	4
HG03927	YR2	female	child	SAS	BEB	2	4
HG03928		female	mother	SAS	BEB	2	4
HG03929		male	father	SAS	BEB	4	2
HG03930		female	child	SAS	BEB	4	2
HG03931		female	proband	SAS	BEB		
HG03934		female	proband	SAS	BEB		
HG03937		female	mother	SAS	BEB		
HG03940		female	mother	SAS	BEB	1	2
HG03941		male	father	SAS	BEB	5	2
HG03942	YR2	male	child	SAS	BEB	2	2
HG03943		male	father	SAS	STU	5	2
HG03944		female	mother	SAS	STU	5	2
HG03945		female	proband	SAS	STU		
HG03947		female	proband	SAS	STU		
HG03949		female	proband	SAS	STU		
HG03950		male	proband	SAS	STU		
HG03951		female	proband	SAS	STU		
HG03953		male	proband	SAS	STU		
HG03955		female	proband	SAS	STU		
HG03960		male	proband	SAS	ITU		
HG03963		male	proband	SAS	ITU		
HG03965		male	proband	SAS	ITU		
HG03967		male	proband	SAS	ITU		
HG03968		female	proband	SAS	ITU		
HG03969		male	proband	SAS	ITU		
HG03971		male	proband	SAS	ITU		
HG03973		female	proband	SAS	ITU		
HG03974		male	proband	SAS	ITU		
HG03976		male	proband	SAS	ITU		
HG03977		female	proband	SAS	ITU		
HG03978		male	proband	SAS	ITU		
HG03985		male	proband	SAS	STU		
HG03986		female	proband	SAS	STU		
HG03989		female	proband	SAS	STU		
HG03990		male	proband	SAS	STU		
HG03991		male	proband	SAS	STU		
HG03992		male	child	SAS	STU	2	2
HG03995		female	proband	SAS	STU		
HG03998		male	proband	SAS	STU		
HG03999		male	proband	SAS	STU		
HG04001		female	proband	SAS	ITU		
HG04002		male	proband	SAS	ITU		
HG04003		male	proband	SAS	STU		
HG04006		male	proband	SAS	STU		
HG04014		female	proband	SAS	ITU		
HG04015		male	proband	SAS	ITU		
HG04017		male	proband	SAS	ITU		
HG04018		female	proband	SAS	ITU		
HG04019		male	proband	SAS	ITU		
HG04020		male	proband	SAS	ITU		
HG04022		male	proband	SAS	ITU		
HG04023		male	proband	SAS	ITU		
HG04025		female	proband	SAS	ITU		
HG04026		female	proband	SAS	ITU		
HG04029		female	mother	SAS	STU		
HG04033		male	proband	SAS	STU		
HG04035		female	proband	SAS	STU		
HG04036	HGSVC	female	child	SAS	STU	2	5
HG04038		female	proband	SAS	STU		
HG04039		male	proband	SAS	STU		
HG04042		female	proband	SAS	STU		
HG04047		female	proband	SAS	STU		
HG04054		female	proband	SAS	ITU		
HG04056		male	proband	SAS	ITU		
HG04059		female	proband	SAS	ITU		
HG04060		male	proband	SAS	ITU		
HG04061		male	proband	SAS	ITU		
HG04062		female	proband	SAS	ITU		
HG04063		female	proband	SAS	ITU		
HG04070		female	proband	SAS	ITU		
HG04075		female	mother	SAS	STU	2	1
HG04076		female	proband	SAS	ITU		
HG04080		male	proband	SAS	ITU		
HG04090		female	proband	SAS	ITU		
HG04093		male	proband	SAS	ITU		
HG04094		male	proband	SAS	ITU		
HG04096		male	proband	SAS	ITU		
HG04098		male	proband	SAS	ITU		
HG04099		female	mother	SAS	STU	2	2
HG04100		male	father	SAS	STU	2	5
HG04106		female	proband	SAS	STU		
HG04107		male	proband	SAS	STU		
HG04115	YR2	male	child	SAS	STU	2	5
HG04118		female	proband	SAS	ITU		
HG04122		male	child	SAS	STU	1	1
HG04127		male	father	SAS	STU	5	1
HG04131		male	father	SAS	BEB	2	2
HG04132		female	mother	SAS	BEB	2	2
HG04133		female	child	SAS	BEB	2	2
HG04134		male	father	SAS	BEB	1	2
HG04135		female	mother	SAS	BEB	3	2
HG04136		female	child	SAS	BEB	2	2
HG04140		male	father	SAS	BEB	2	2
HG04141		female	mother	SAS	BEB	3	5
HG04142		female	child	SAS	BEB	5	2
HG04144		female	proband	SAS	BEB		
HG04146		male	father	SAS	BEB	5	2
HG04147		female	mother	SAS	BEB	3	4
HG04148		female	child	SAS	BEB	4	2
HG04149		male	father	SAS	BEB	5	5
HG04150		female	mother	SAS	BEB	5	2
HG04151		female	child	SAS	BEB	2	5
HG04152		male	proband	SAS	BEB		
HG04153		female	proband	SAS	BEB		
HG04155		male	father	SAS	BEB	2	2
HG04156		female	mother	SAS	BEB	4	3
HG04157	YR2	male	child	SAS	BEB	3	2
HG04158		male	father	SAS	BEB	2	2
HG04159		female	mother	SAS	BEB	2	2
HG04160	YR2	male	child	SAS	BEB	2	2
HG04161		male	proband	SAS	BEB		
HG04162		female	proband	SAS	BEB		
HG04164		male	proband	SAS	BEB		
HG04171		female	proband	SAS	BEB		
HG04173		male	father	SAS	BEB	5	5
HG04174		female	mother	SAS	BEB	3	2
HG04175		female	child	SAS	BEB	2	5
HG04176		male	proband	SAS	BEB		
HG04177		female	proband	SAS	BEB		
HG04180		female	mother	SAS	BEB		
HG04182		male	father	SAS	BEB	2	5
HG04183		female	mother	SAS	BEB	5	3
HG04184	YR2	female	child	SAS	BEB	3	5
HG04185		male	father	SAS	BEB	2	5
HG04186		female	mother	SAS	BEB	5	2
HG04187	YR2	male	child	SAS	BEB	2	5
HG04188		male	proband	SAS	BEB		
HG04189		female	proband	SAS	BEB		
HG04191		male	father	SAS	BEB	4	2
HG04192		female	mother	SAS	BEB	5	5
HG04193		male	child	SAS	BEB	5	2
HG04194		male	proband	SAS	BEB		
HG04195		female	proband	SAS	BEB		
HG04198		male	father	SAS	ITU	5	2
HG04199	YR2	male	child	SAS	STU	2	5
HG04200		female	mother	SAS	ITU	4	2
HG04202		female	proband	SAS	ITU		
HG04204	YR2	male	child	SAS	STU	2	5
HG04206		male	-	SAS	ITU		
HG04209		female	proband	SAS	ITU		
HG04210		male	father	SAS	STU		
HG04211		male	proband	SAS	ITU		
HG04212		female	proband	SAS	ITU		
HG04214		female	proband	SAS	ITU		
HG04215		male	child	SAS	STU	2	2
HG04216		female	proband	SAS	ITU		
HG04217	HGSVC	female	child	SAS	ITU	2	2
HG04219		male	proband	SAS	ITU		
HG04222		male	proband	SAS	ITU		
HG04225		male	proband	SAS	ITU		
HG04227		female	mother	SAS	STU	2	2
HG04228	YR2	male	child	SAS	STU	2	6
HG04229		male	father	SAS	STU	2	6
HG04235		male	proband	SAS	ITU		
HG04238		male	proband	SAS	ITU		
HG04239		male	-	SAS	ITU		
NA06984		male	father	EUR	CEU	5	2
NA06985		female	maternal grandmother	EUR	CEU	7	2
NA06986		male	maternal grandfather	EUR	CEU	3	2
NA06989		female	mother	EUR	CEU	5	2
NA06991		female	mother	EUR	CEU	2	2
NA06993		male	maternal grandfather	EUR	CEU	2	2
NA06994		male	paternal grandfather	EUR	CEU	5	2
NA06995		male	father	EUR	CEU	7	4
NA06997		female	mother	EUR	CEU	2	2
NA07000		female	paternal grandmother	EUR	CEU	2	2
NA07014		female	mother	EUR	CEU	5	5
NA07019		female	mother	EUR	CEU	6	5
NA07022		male	maternal grandfather	EUR	CEU	2	5
NA07029		male	father	EUR	CEU	2	2
NA07031		female	maternal grandmother	EUR	CEU	5	5
NA07034		male	paternal grandfather	EUR	CEU	2	5
NA07037		female	paternal grandmother	EUR	CEU	4	7
NA07045		female	maternal grandmother	EUR	CEU	5	2
NA07048		male	father	EUR	CEU	2	5
NA07051		male	maternal grandfather	EUR	CEU	7	5
NA07055		female	paternal grandmother	EUR	CEU	6	2
NA07056		female	maternal grandmother	EUR	CEU	7	6
NA07345		female	maternal grandmother	EUR	CEU	2	7
NA07346		female	paternal grandmother	EUR	CEU	7	5
NA07347		male	paternal grandfather	EUR	CEU	5	5
NA07348		female	mother	EUR	CEU	7	4
NA07349		male	father	EUR	CEU	5	5
NA07357		male	maternal grandfather	EUR	CEU	7	4
NA07435		male	paternal grandfather	EUR	CEU	2	4
NA10830		male	father	EUR	CEU	6	2
NA10831		female	mother	EUR	CEU	2	2
NA10835		male	father	EUR	CEU	2	5
NA10836		female	mother	EUR	CEU	6	5
NA10837		male	father	EUR	CEU	2	5
NA10838		male	father	EUR	CEU	7	2
NA10839		female	mother	EUR	CEU	2	7
NA10840		female	mother	EUR	CEU	2	7
NA10842		male	father	EUR	CEU	7	2
NA10843		female	mother	EUR	CEU	4	2
NA10845		male	father	EUR	CEU	7	2
NA10846		male	father	EUR	CEU	2	7
NA10847		female	mother	EUR	CEU	3	5
NA10851		male	father	EUR	CEU	7	2
NA10852		female	mother	EUR	CEU	2	4
NA10854		female	mother	EUR	CEU	5	4
NA10855		female	mother	EUR	CEU	2	2
NA10856		male	father	EUR	CEU	2	6
NA10857		male	father	EUR	CEU	4	3
NA10859		female	mother	EUR	CEU	2	2
NA10860		male	father	EUR	CEU	5	6
NA10861		female	mother	EUR	CEU	5	7
NA10863		female	mother	EUR	CEU	5	7
NA10864		female	mother	EUR	CEU	2	2
NA10865		male	father	EUR	CEU	6	5
NA11829		male	paternal grandfather	EUR	CEU	4	6
NA11830		female	paternal grandmother	EUR	CEU	2	2
NA11831		male	maternal grandfather	EUR	CEU	2	2
NA11832		female	maternal grandmother	EUR	CEU	2	2
NA11839		male	maternal grandfather	EUR	CEU	5	4
NA11840		female	maternal grandmother	EUR	CEU	5	5
NA11843		male	paternal grandfather	EUR	CEU		
NA11881		male	maternal grandfather	EUR	CEU	7	2
NA11882		female	maternal grandmother	EUR	CEU	2	2
NA11891		male	paternal grandfather	EUR	CEU	2	5
NA11892		female	paternal grandmother	EUR	CEU	5	6
NA11893		male	maternal grandfather	EUR	CEU	5	2
NA11894		female	maternal grandmother	EUR	CEU	2	2
NA11917		male	paternal grandfather	EUR	CEU	5	2
NA11918		female	paternal grandmother	EUR	CEU	5	7
NA11919		male	maternal grandfather	EUR	CEU	2	2
NA11920		female	maternal grandmother	EUR	CEU	7	4
NA11930		male	paternal grandfather	EUR	CEU	6	2
NA11931		female	paternal grandmother	EUR	CEU	2	7
NA11932		male	maternal grandfather	EUR	CEU		
NA11933		female	maternal grandmother	EUR	CEU		
NA11992		male	paternal grandfather	EUR	CEU	2	6
NA11993		female	paternal grandmother	EUR	CEU	2	5
NA11994		male	maternal grandfather	EUR	CEU	7	7
NA11995		female	maternal grandmother	EUR	CEU	5	5
NA12003		male	paternal grandfather	EUR	CEU	2	2
NA12004		female	paternal grandmother	EUR	CEU	6	7
NA12005		male	maternal grandfather	EUR	CEU	6	7
NA12006		female	maternal grandmother	EUR	CEU	2	2
NA12043		male	paternal grandfather	EUR	CEU	2	3
NA12044		female	paternal grandmother	EUR	CEU	6	4
NA12045		male	maternal grandfather	EUR	CEU	5	4
NA12046		female	maternal grandmother	EUR	CEU	3	2
NA12056		male	paternal grandfather	EUR	CEU	6	2
NA12057		female	paternal grandmother	EUR	CEU	7	7
NA12058		female	maternal grandmother	EUR	CEU		
NA12144		male	paternal grandfather	EUR	CEU	2	7
NA12145		female	paternal grandmother	EUR	CEU	7	2
NA12146		male	maternal grandfather	EUR	CEU	2	5
NA12154		male	paternal grandfather	EUR	CEU	6	2
NA12155		male	maternal grandfather	EUR	CEU	2	2
NA12156		female	maternal grandmother	EUR	CEU	2	2
NA12234		female	maternal grandmother	EUR	CEU	5	5
NA12236		female	paternal grandmother	EUR	CEU	5	6
NA12239		female	maternal grandmother	EUR	CEU	4	3
NA12248		male	paternal grandfather	EUR	CEU	5	5
NA12249		female	paternal grandmother	EUR	CEU	6	2
NA12264		male	maternal grandfather	EUR	CEU	2	7
NA12272		male	paternal grandfather	EUR	CEU	3	5
NA12273		female	paternal grandmother	EUR	CEU	2	2
NA12274		male	maternal grandfather	EUR	CEU	3	5
NA12275		female	maternal grandmother	EUR	CEU	3	6
NA12282		male	paternal grandfather	EUR	CEU		
NA12283		female	paternal grandmother	EUR	CEU		
NA12286		male	maternal grandfather	EUR	CEU	5	7
NA12287		female	maternal grandmother	EUR	CEU	7	2
NA12329	HGSVC	female	daughter	EUR	CEU	2	2
NA12335		male	father	EUR	CEU	7	6
NA12336		female	mother	EUR	CEU	2	5
NA12340		male	paternal grandfather	EUR	CEU	2	6
NA12341		female	paternal grandmother	EUR	CEU	2	7
NA12342		male	maternal grandfather	EUR	CEU	5	5
NA12343		female	maternal grandmother	EUR	CEU	5	2
NA12344		male	father	EUR	CEU	5	5
NA12347		male	paternal grandfather	EUR	CEU	2	5
NA12348		female	paternal grandmother	EUR	CEU	10	5
NA12376		female	mother	EUR	CEU	5	2
NA12383		female	paternal grandmother	EUR	CEU		
NA12386		female	mother	EUR	CEU	7	6
NA12399		male	maternal grandfather	EUR	CEU	5	6
NA12400		female	maternal grandmother	EUR	CEU	5	7
NA12413		male	paternal grandfather	EUR	CEU	5	5
NA12414		female	paternal grandmother	EUR	CEU	5	5
NA12485		male	father	EUR	CEU	5	5
NA12489		female	maternal grandmother	EUR	CEU	4	5
NA12546		male	maternal grandfather	EUR	CEU	4	2
NA12707		male	father	EUR	CEU	4	5
NA12716		male	paternal grandfather	EUR	CEU	2	5
NA12717		female	paternal grandmother	EUR	CEU	3	4
NA12718		female	maternal grandmother	EUR	CEU		
NA12739		male	father	EUR	CEU	7	5
NA12740		female	mother	EUR	CEU	6	2
NA12748		male	paternal grandfather	EUR	CEU	5	5
NA12749		female	paternal grandmother	EUR	CEU	5	7
NA12750		male	maternal grandfather	EUR	CEU	3	2
NA12751		female	maternal grandmother	EUR	CEU	4	6
NA12752		male	father	EUR	CEU	2	2
NA12753		female	mother	EUR	CEU	5	2
NA12760		male	paternal grandfather	EUR	CEU	5	2
NA12761		female	paternal grandmother	EUR	CEU	5	2
NA12762		male	maternal grandfather	EUR	CEU	2	2
NA12763		female	maternal grandmother	EUR	CEU	2	5
NA12766		male	father	EUR	CEU	5	3
NA12767		female	mother	EUR	CEU	5	5
NA12775		male	paternal grandfather	EUR	CEU	2	3
NA12776		female	paternal grandmother	EUR	CEU	3	5
NA12777		male	maternal grandfather	EUR	CEU	5	5
NA12778		female	maternal grandmother	EUR	CEU	6	5
NA12801		male	father	EUR	CEU	5	2
NA12802		female	mother	EUR	CEU	2	3
NA12812		male	paternal grandfather	EUR	CEU	5	2
NA12813		female	paternal grandmother	EUR	CEU	2	5
NA12814		male	maternal grandfather	EUR	CEU	2	3
NA12815		female	maternal grandmother	EUR	CEU	2	2
NA12817		male	father	EUR	CEU	5	2
NA12818		female	mother	EUR	CEU	2	2
NA12827		male	paternal grandfather	EUR	CEU	7	2
NA12828		female	paternal grandmother	EUR	CEU	4	5
NA12829		male	maternal grandfather	EUR	CEU	6	2
NA12830		female	maternal grandmother	EUR	CEU	7	2
NA12832		female	mother	EUR	CEU	7	2
NA12842		male	maternal grandfather	EUR	CEU	5	2
NA12843		female	maternal grandmother	EUR	CEU	2	7
NA12864		male	father	EUR	CEU	5	7
NA12865		female	mother	EUR	CEU	5	5
NA12872		male	paternal grandfather	EUR	CEU	2	7
NA12873		female	paternal grandmother	EUR	CEU	2	5
NA12874		male	maternal grandfather	EUR	CEU	2	5
NA12875		female	maternal grandmother	EUR	CEU	2	5
NA12877		male	father	EUR	CEU	4	5
NA12878	HGSVC	female	mother	EUR	CEU	2	7
NA12889		male	paternal grandfather	EUR	CEU	6	5
NA12890		female	paternal grandmother	EUR	CEU	2	4
NA12891		male	maternal grandfather	EUR	CEU	2	7
NA12892		female	maternal grandmother	EUR	CEU	2	2
NA18484		female	child	AFR	YRI	4	2
NA18485		male	child	AFR	YRI	2	2
NA18486		male	father	AFR	YRI	5	2
NA18487		male	father	AFR	YRI	2	2
NA18488		female	mother	AFR	YRI	2	4
NA18489		female	mother	AFR	YRI	2	2
NA18497		male	child	AFR	YRI	13	2
NA18498		male	father	AFR	YRI	2	2
NA18499		female	mother	AFR	YRI	2	13
NA18500		male	child	AFR	YRI	2	2
NA18501		male	father	AFR	YRI	2	2
NA18502		female	mother	AFR	YRI	2	2
NA18503		male	child	AFR	YRI	5	2
NA18504		male	father	AFR	YRI	2	2
NA18505		female	mother	AFR	YRI	5	5
NA18506		male	child	AFR	YRI	2	5
NA18507		male	father	AFR	YRI	2	5
NA18508	YR4	female	mother	AFR	YRI	2	2
NA18510		male	proband	AFR	YRI		
NA18511		female	mother	AFR	YRI		
NA18515		male	child	AFR	YRI	2	2
NA18516		male	father	AFR	YRI	2	2
NA18517		female	mother	AFR	YRI	2	2
NA18518		female	child	AFR	YRI	2	3
NA18519		male	father	AFR	YRI	2	3
NA18520		female	mother	AFR	YRI	2	2
NA18521		male	child	AFR	YRI	10	2
NA18522	YR3	male	father	AFR	YRI	5	2
NA18523		female	mother	AFR	YRI	2	10
NA18525		female	proband	EAS	CHB		
NA18526		female	proband	EAS	CHB		
NA18528		female	proband	EAS	CHB		
NA18530		male	proband	EAS	CHB		
NA18531		female	proband	EAS	CHB		
NA18532		female	proband	EAS	CHB		
NA18533		female	proband	EAS	CHB		
NA18534	HGSVC	male	proband	EAS	CHB		
NA18535		female	proband	EAS	CHB		
NA18536		male	proband	EAS	CHB		
NA18537		female	proband	EAS	CHB		
NA18538		female	proband	EAS	CHB		
NA18539		female	proband	EAS	CHB		
NA18541		female	proband	EAS	CHB		
NA18542		female	proband	EAS	CHB		
NA18543		male	proband	EAS	CHB		
NA18544		male	proband	EAS	CHB		
NA18545		female	proband	EAS	CHB		
NA18546		male	proband	EAS	CHB		
NA18547		female	proband	EAS	CHB		
NA18548		male	proband	EAS	CHB		
NA18549		male	proband	EAS	CHB		
NA18550		female	proband	EAS	CHB		
NA18552		female	proband	EAS	CHB		
NA18553		female	proband	EAS	CHB		
NA18555		female	proband	EAS	CHB		
NA18557		male	proband	EAS	CHB		
NA18558		male	proband	EAS	CHB		
NA18559		male	proband	EAS	CHB		
NA18560		female	proband	EAS	CHB		
NA18561		male	proband	EAS	CHB		
NA18562		male	proband	EAS	CHB		
NA18563		male	proband	EAS	CHB		
NA18564		female	proband	EAS	CHB		
NA18565		female	proband	EAS	CHB		
NA18566		female	proband	EAS	CHB		
NA18567		female	proband	EAS	CHB		
NA18570	YR3	female	proband	EAS	CHB		
NA18571		female	proband	EAS	CHB		
NA18572		male	proband	EAS	CHB		
NA18573		female	proband	EAS	CHB		
NA18574		female	proband	EAS	CHB		
NA18577		female	proband	EAS	CHB		
NA18579		female	proband	EAS	CHB		
NA18582		female	proband	EAS	CHB		
NA18591		female	proband	EAS	CHB		
NA18592		female	proband	EAS	CHB		
NA18593		female	proband	EAS	CHB		
NA18595		female	proband	EAS	CHB		
NA18596		female	proband	EAS	CHB		
NA18597		female	proband	EAS	CHB		
NA18599		female	proband	EAS	CHB		
NA18602		female	proband	EAS	CHB		
NA18603		male	proband	EAS	CHB		
NA18605		male	proband	EAS	CHB		
NA18606		male	proband	EAS	CHB		
NA18608	YR4	male	proband	EAS	CHB		
NA18609		male	proband	EAS	CHB		
NA18610		female	proband	EAS	CHB		
NA18611		male	proband	EAS	CHB		
NA18612	YR3	male	proband	EAS	CHB		
NA18613		male	proband	EAS	CHB		
NA18614		female	proband	EAS	CHB		
NA18615		female	proband	EAS	CHB		
NA18616		female	proband	EAS	CHB		
NA18617		female	proband	EAS	CHB		
NA18618		female	proband	EAS	CHB		
NA18619		female	proband	EAS	CHB		
NA18620	YR4	male	proband	EAS	CHB		
NA18621		male	proband	EAS	CHB		
NA18622		male	proband	EAS	CHB		
NA18623		male	proband	EAS	CHB		
NA18624		male	proband	EAS	CHB		
NA18625		female	proband	EAS	CHB		
NA18626		female	proband	EAS	CHB		
NA18627		female	proband	EAS	CHB		
NA18628		female	proband	EAS	CHB		
NA18629		male	proband	EAS	CHB		
NA18630		female	proband	EAS	CHB		
NA18631		female	proband	EAS	CHB		
NA18632		male	proband	EAS	CHB		
NA18633		male	proband	EAS	CHB		
NA18634		female	proband	EAS	CHB		
NA18635		male	proband	EAS	CHB		
NA18636		male	proband	EAS	CHB		
NA18637		male	proband	EAS	CHB		
NA18638		male	proband	EAS	CHB		
NA18639		male	proband	EAS	CHB		
NA18640		female	proband	EAS	CHB		
NA18641		female	proband	EAS	CHB		
NA18642		female	proband	EAS	CHB		
NA18643		male	proband	EAS	CHB		
NA18644		female	proband	EAS	CHB		
NA18645		male	proband	EAS	CHB		
NA18646		female	proband	EAS	CHB		
NA18647		male	proband	EAS	CHB		
NA18648		male	proband	EAS	CHB		
NA18740		male	proband	EAS	CHB		
NA18745		male	proband	EAS	CHB		
NA18747	YR3	male	proband	EAS	CHB		
NA18748		male	proband	EAS	CHB		
NA18749		male	proband	EAS	CHB		
NA18757		male	proband	EAS	CHB		
NA18852		female	mother	AFR	YRI	2	9
NA18853		male	father	AFR	YRI	4	5
NA18854		male	child	AFR	YRI	9	5
NA18855		female	mother	AFR	YRI	5	5
NA18856		male	father	AFR	YRI	2	5
NA18857		male	child	AFR	YRI	5	5
NA18858		female	mother	AFR	YRI	11	2
NA18859		male	father	AFR	YRI	2	2
NA18860		male	child	AFR	YRI	2	2
NA18861		female	mother	AFR	YRI	2	5
NA18862		male	father	AFR	YRI	5	2
NA18863		male	child	AFR	YRI	5	2
NA18864		female	proband	AFR	YRI		
NA18865		male	proband	AFR	YRI		
NA18867		female	mother	AFR	YRI	5	3
NA18868		male	father	AFR	YRI	2	2
NA18869		male	child	AFR	YRI	3	2
NA18870		female	mother	AFR	YRI	5	5
NA18871		male	father	AFR	YRI	2	2
NA18872		male	child	AFR	YRI	5	2
NA18873		female	mother	AFR	YRI	2	3
NA18874		male	father	AFR	YRI	2	2
NA18875		female	child	AFR	YRI	3	2
NA18876		female	mother	AFR	YRI	9	2
NA18877		male	father	AFR	YRI	2	10
NA18878		female	proband	AFR	YRI		
NA18879		male	proband	AFR	YRI		
NA18881		female	proband	AFR	YRI		
NA18906	HPRC+	female	child	AFR	YRI	2	10
NA18907		female	mother	AFR	YRI		
NA18908		male	proband	AFR	YRI		
NA18909		female	mother	AFR	YRI	4	5
NA18910		male	father	AFR	YRI	5	5
NA18911		male	child	AFR	YRI	5	5
NA18912		female	mother	AFR	YRI	2	2
NA18913		male	father	AFR	YRI	2	2
NA18914		male	child	AFR	YRI	2	2
NA18915		male	proband	AFR	YRI		
NA18916		female	mother	AFR	YRI	5	2
NA18917		male	father	AFR	YRI	2	9
NA18923		male	father	AFR	YRI	2	5
NA18924		female	mother	AFR	YRI	9	2
NA18925		male	child	AFR	YRI	2	5
NA18930		female	child	AFR	YRI	2	9
NA18933		female	mother	AFR	YRI	2	3
NA18934		male	father	AFR	YRI	2	4
NA18935		male	child	AFR	YRI	3	4
NA18939	HGSVC	female	proband	EAS	JPT		
NA18940		male	proband	EAS	JPT		
NA18941		female	proband	EAS	JPT		
NA18942		female	proband	EAS	JPT		
NA18943		male	proband	EAS	JPT		
NA18944		male	proband	EAS	JPT		
NA18945		male	proband	EAS	JPT		
NA18946		female	proband	EAS	JPT		
NA18947		female	proband	EAS	JPT		
NA18948		male	proband	EAS	JPT		
NA18949		female	proband	EAS	JPT		
NA18950		female	proband	EAS	JPT		
NA18951		female	proband	EAS	JPT		
NA18952	YR4	male	proband	EAS	JPT		
NA18953		male	proband	EAS	JPT		
NA18954		female	proband	EAS	JPT		
NA18956		female	proband	EAS	JPT		
NA18957		female	proband	EAS	JPT		
NA18959		male	proband	EAS	JPT		
NA18960		male	proband	EAS	JPT		
NA18961		male	proband	EAS	JPT		
NA18962		male	proband	EAS	JPT		
NA18963		female	proband	EAS	JPT		
NA18964		female	proband	EAS	JPT		
NA18965		male	proband	EAS	JPT		
NA18966		male	proband	EAS	JPT		
NA18967		male	proband	EAS	JPT		
NA18968		female	proband	EAS	JPT		
NA18969		female	proband	EAS	JPT		
NA18970		male	proband	EAS	JPT		
NA18971	YR3	male	proband	EAS	JPT		
NA18972		female	proband	EAS	JPT		
NA18973		female	proband	EAS	JPT		
NA18974	YR4	male	proband	EAS	JPT		
NA18975		female	proband	EAS	JPT		
NA18976	YR4	female	proband	EAS	JPT		
NA18977		male	proband	EAS	JPT		
NA18978		female	proband	EAS	JPT		
NA18979		female	proband	EAS	JPT		
NA18980		female	proband	EAS	JPT		
NA18981		female	proband	EAS	JPT		
NA18982		male	proband	EAS	JPT		
NA18983	YR3	male	proband	EAS	JPT		
NA18984		male	proband	EAS	JPT		
NA18985		male	proband	EAS	JPT		
NA18986		male	proband	EAS	JPT		
NA18987		female	proband	EAS	JPT		
NA18988		male	proband	EAS	JPT		
NA18989	HGSVC	male	proband	EAS	JPT		
NA18990		male	proband	EAS	JPT		
NA18991		female	proband	EAS	JPT		
NA18992		female	proband	EAS	JPT		
NA18993		female	proband	EAS	JPT		
NA18994		male	proband	EAS	JPT		
NA18995		male	proband	EAS	JPT		
NA18997		female	proband	EAS	JPT		
NA18998		female	proband	EAS	JPT		
NA18999		female	proband	EAS	JPT		
NA19000		male	proband	EAS	JPT		
NA19001		female	proband	EAS	JPT		
NA19002		female	proband	EAS	JPT		
NA19003		female	proband	EAS	JPT		
NA19004		male	proband	EAS	JPT		
NA19005		male	proband	EAS	JPT		
NA19006		male	proband	EAS	JPT		
NA19007		male	proband	EAS	JPT		
NA19009		male	proband	EAS	JPT		
NA19010		female	proband	EAS	JPT		
NA19011		female	proband	EAS	JPT		
NA19012		male	proband	EAS	JPT		
NA19017		female	proband	AFR	LWK		
NA19019		female	proband	AFR	LWK		
NA19020		male	proband	AFR	LWK		
NA19023		female	proband	AFR	LWK		
NA19024		female	proband	AFR	LWK		
NA19025		male	proband	AFR	LWK		
NA19026		male	proband	AFR	LWK		
NA19027		male	proband	AFR	LWK		
NA19028		male	proband	AFR	LWK		
NA19030	HPRC+	female	proband	AFR	LWK		
NA19031		male	proband	AFR	LWK		
NA19035		male	proband	AFR	LWK		
NA19036	HGSVC	female	proband	AFR	LWK		
NA19037		female	proband	AFR	LWK		
NA19038		female	proband	AFR	LWK		
NA19041		male	proband	AFR	LWK		
NA19042		female	proband	AFR	LWK		
NA19043	YR3	male	proband	AFR	LWK		
NA19054		female	proband	EAS	JPT		
NA19055		male	proband	EAS	JPT		
NA19056		male	proband	EAS	JPT		
NA19057		female	proband	EAS	JPT		
NA19058		male	proband	EAS	JPT		
NA19059		female	proband	EAS	JPT		
NA19060		male	proband	EAS	JPT		
NA19062		male	-	EAS	JPT		
NA19063		male	proband	EAS	JPT		
NA19064		female	proband	EAS	JPT		
NA19065		female	proband	EAS	JPT		
NA19066		male	proband	EAS	JPT		
NA19067		male	proband	EAS	JPT		
NA19068		male	proband	EAS	JPT		
NA19070		male	proband	EAS	JPT		
NA19072		male	proband	EAS	JPT		
NA19074		female	proband	EAS	JPT		
NA19075		male	proband	EAS	JPT		
NA19076		male	proband	EAS	JPT		
NA19077		female	proband	EAS	JPT		
NA19078		female	proband	EAS	JPT		
NA19079		male	proband	EAS	JPT		
NA19080		female	proband	EAS	JPT		
NA19081		female	proband	EAS	JPT		
NA19082		male	proband	EAS	JPT		
NA19083		male	proband	EAS	JPT		
NA19084		female	proband	EAS	JPT		
NA19085		male	proband	EAS	JPT		
NA19086		male	proband	EAS	JPT		
NA19087	YR3	female	proband	EAS	JPT		
NA19088		male	proband	EAS	JPT		
NA19089		male	proband	EAS	JPT		
NA19090		female	proband	EAS	JPT		
NA19091		male	proband	EAS	JPT		
NA19092		male	father	AFR	YRI	2	2
NA19093		female	mother	AFR	YRI	2	2
NA19094		female	child	AFR	YRI	2	2
NA19095		female	mother	AFR	YRI	2	2
NA19096		male	father	AFR	YRI	2	11
NA19097		female	child	AFR	YRI	2	11
NA19098		male	father	AFR	YRI	5	3
NA19099		female	mother	AFR	YRI	4	2
NA19100		female	child	AFR	YRI	2	3
NA19101		male	father	AFR	YRI	5	2
NA19102		female	mother	AFR	YRI	5	2
NA19103		male	child	AFR	YRI	2	2
NA19107		male	father	AFR	YRI	2	2
NA19108		female	mother	AFR	YRI	2	2
NA19109		female	child	AFR	YRI	2	2
NA19113		male	father	AFR	YRI	4	2
NA19114		female	mother	AFR	YRI	2	5
NA19115		female	child	AFR	YRI	5	2
NA19116		female	mother	AFR	YRI	5	2
NA19117		male	father	AFR	YRI	5	2
NA19118		female	mother	AFR	YRI	2	7
NA19119		male	father	AFR	YRI	2	2
NA19120		male	child	AFR	YRI	2	2
NA19121		male	father	AFR	YRI	5	2
NA19122		female	mother	AFR	YRI	13	2
NA19123		male	child	AFR	YRI	2	2
NA19127		female	mother	AFR	YRI	5	10
NA19128		male	father	AFR	YRI	5	2
NA19129		female	child	AFR	YRI	10	2
NA19130		male	father	AFR	YRI	3	5
NA19131		female	mother	AFR	YRI	5	4
NA19132		female	child	AFR	YRI	4	5
NA19137		female	mother	AFR	YRI	2	5
NA19138		male	father	AFR	YRI	4	11
NA19139		male	child	AFR	YRI	5	11
NA19140		female	mother	AFR	YRI	10	2
NA19141		male	father	AFR	YRI	2	10
NA19142		male	child	AFR	YRI	2	10
NA19143		female	mother	AFR	YRI	2	2
NA19144		male	father	AFR	YRI	9	2
NA19145		male	child	AFR	YRI	2	2
NA19146		male	father	AFR	YRI	5	4
NA19147		female	mother	AFR	YRI	2	2
NA19148		female	child	AFR	YRI	2	4
NA19149		female	mother	AFR	YRI	2	2
NA19150		male	father	AFR	YRI	2	2
NA19151		female	child	AFR	YRI	2	2
NA19152		female	mother	AFR	YRI	4	2
NA19153		male	father	AFR	YRI	2	5
NA19154		male	child	AFR	YRI	2	5
NA19159	YR3	female	mother	AFR	YRI	5	2
NA19160		male	father	AFR	YRI	4	2
NA19161		male	child	AFR	YRI	2	2
NA19171		male	father	AFR	YRI	2	4
NA19172		female	mother	AFR	YRI	2	2
NA19173		male	child	AFR	YRI	2	4
NA19174		male	child	AFR	YRI	7	2
NA19175	YR4	male	father	AFR	YRI	3	2
NA19176		female	mother	AFR	YRI	4	15
NA19177		male	child	AFR	YRI	15	2
NA19184		male	father	AFR	YRI	2	2
NA19185	YR3	female	mother	AFR	YRI	2	3
NA19186		male	child	AFR	YRI	3	2
NA19189		male	father	AFR	YRI	2	2
NA19190		female	mother	AFR	YRI	2	4
NA19191		male	child	AFR	YRI	4	2
NA19197		female	mother	AFR	YRI	15	2
NA19198		male	father	AFR	YRI	2	11
NA19199		female	child	AFR	YRI	2	11
NA19200		male	father	AFR	YRI	2	2
NA19201		female	mother	AFR	YRI	5	2
NA19202		female	child	AFR	YRI	2	2
NA19203		male	father	AFR	YRI	2	5
NA19204		female	mother	AFR	YRI	2	3
NA19205		male	child	AFR	YRI	3	5
NA19206		female	mother	AFR	YRI	2	2
NA19207		male	father	AFR	YRI	2	2
NA19208		male	child	AFR	YRI	2	2
NA19209		female	mother	AFR	YRI	2	12
NA19210		male	father	AFR	YRI	2	4
NA19211		male	child	AFR	YRI	12	4
NA19213		male	father	AFR	YRI	5	2
NA19214		female	mother	AFR	YRI	2	2
NA19215		female	child	AFR	YRI	2	2
NA19221		female	child	AFR	YRI	2	2
NA19222		female	mother	AFR	YRI	2	2
NA19223		male	father	AFR	YRI	10	2
NA19224		male	child	AFR	YRI	2	5
NA19225		female	mother	AFR	YRI	2	2
NA19226		male	father	AFR	YRI	2	5
NA19235		female	mother	AFR	YRI	3	2
NA19236		male	father	AFR	YRI	5	2
NA19237		female	child	AFR	YRI	2	2
NA19238	HGSVC	female	mother	AFR	YRI	2	2
NA19239	HGSVC	male	father	AFR	YRI	5	4
NA19240	HPRC+/HGSVC	female	child	AFR	YRI	2	4
NA19247		female	mother	AFR	YRI	10	5
NA19248		male	father	AFR	YRI	2	3
NA19249		male	child	AFR	YRI	5	3
NA19256		male	father	AFR	YRI	4	5
NA19257		female	mother	AFR	YRI	4	2
NA19258		male	child	AFR	YRI	2	5
NA19307		male	proband	AFR	LWK		
NA19308		male	proband	AFR	LWK		
NA19309		male	proband	AFR	LWK		
NA19310		female	proband	AFR	LWK		
NA19312		male	proband	AFR	LWK		
NA19314		female	proband	AFR	LWK		
NA19315		female	proband	AFR	LWK		
NA19316		female	proband	AFR	LWK		
NA19317	HGSVC	male	proband	AFR	LWK		
NA19318		male	proband	AFR	LWK		
NA19319		male	proband	AFR	LWK		
NA19320		female	proband	AFR	LWK		
NA19321		female	proband	AFR	LWK		
NA19323		female	proband	AFR	LWK		
NA19324		female	proband	AFR	LWK		
NA19327		female	proband	AFR	LWK		
NA19328		female	proband	AFR	LWK		
NA19331	HGSVC	male	proband	AFR	LWK		
NA19332		female	proband	AFR	LWK		
NA19334		male	proband	AFR	LWK		
NA19338	YR3	female	proband	AFR	LWK		
NA19346		male	proband	AFR	LWK		
NA19347	HGSVC	male	proband	AFR	LWK		
NA19350		male	proband	AFR	LWK		
NA19351		female	proband	AFR	LWK		
NA19355		female	proband	AFR	LWK		
NA19360		male	proband	AFR	LWK		
NA19372		male	proband	AFR	LWK		
NA19374		male	proband	AFR	LWK		
NA19375		male	proband	AFR	LWK		
NA19376		male	proband	AFR	LWK		
NA19377		female	proband	AFR	LWK		
NA19378		female	proband	AFR	LWK		
NA19379		female	proband	AFR	LWK		
NA19380		male	proband	AFR	LWK		
NA19383		male	proband	AFR	LWK		
NA19384	HGSVC	male	proband	AFR	LWK		
NA19385		male	proband	AFR	LWK		
NA19390	YR4	female	proband	AFR	LWK		
NA19391	YR3	female	proband	AFR	LWK		
NA19393		male	proband	AFR	LWK		
NA19394		male	proband	AFR	LWK		
NA19395		female	proband	AFR	LWK		
NA19397		male	proband	AFR	LWK		
NA19399		female	proband	AFR	LWK		
NA19401		female	proband	AFR	LWK		
NA19403		female	proband	AFR	LWK		
NA19404		female	proband	AFR	LWK		
NA19428		male	proband	AFR	LWK		
NA19429		male	proband	AFR	LWK		
NA19430		male	proband	AFR	LWK		
NA19431		female	proband	AFR	LWK		
NA19434	HGSVC	female	proband	AFR	LWK		
NA19435		female	proband	AFR	LWK		
NA19436		female	proband	AFR	LWK		
NA19437		female	proband	AFR	LWK		
NA19438		female	proband	AFR	LWK		
NA19439		female	proband	AFR	LWK		
NA19440		female	proband	AFR	LWK		
NA19443		male	proband	AFR	LWK		
NA19445		female	proband	AFR	LWK		
NA19446		female	proband	AFR	LWK		
NA19448		male	proband	AFR	LWK		
NA19449		female	proband	AFR	LWK		
NA19451		male	proband	AFR	LWK		
NA19452		male	proband	AFR	LWK		
NA19454		male	proband	AFR	LWK		
NA19455		male	proband	AFR	LWK		
NA19456		female	proband	AFR	LWK		
NA19457		female	proband	AFR	LWK		
NA19461		male	proband	AFR	LWK		
NA19462		female	proband	AFR	LWK		
NA19463		female	proband	AFR	LWK		
NA19466		male	proband	AFR	LWK		
NA19467		female	proband	AFR	LWK		
NA19468	YR3	female	proband	AFR	LWK		
NA19471		female	proband	AFR	LWK		
NA19472		female	proband	AFR	LWK		
NA19473		female	proband	AFR	LWK		
NA19474		female	proband	AFR	LWK		
NA19475		female	proband	AFR	LWK		
NA19625		female	child	AFR	ASW		
NA19648		female	mother	AMR	MXL	2	5
NA19649		male	father	AMR	MXL	2	7
NA19650	HGSVC	male	child	AMR	MXL	5	7
NA19651		female	mother	AMR	MXL	5	5
NA19652		male	father	AMR	MXL	5	5
NA19653		female	child	AMR	MXL	5	5
NA19654		female	mother	AMR	MXL	5	6
NA19655		male	father	AMR	MXL	5	13
NA19656		female	child	AMR	MXL	6	13
NA19657		female	mother	AMR	MXL	5	5
NA19658		male	father	AMR	MXL	2	4
NA19659		female	child	AMR	MXL	5	4
NA19660		female	mother	AMR	MXL	2	2
NA19661		male	father	AMR	MXL	7	2
NA19662		female	child	AMR	MXL	2	2
NA19663		female	mother	AMR	MXL	5	3
NA19664		male	father	AMR	MXL	5	6
NA19665		female	child	AMR	MXL	3	6
NA19669		female	mother	AMR	MXL	11	2
NA19670		male	father	AMR	MXL	5	2
NA19671		female	child	AMR	MXL	2	2
NA19675		female	mother	AMR	MXL	4	5
NA19676		male	father	AMR	MXL	3	2
NA19677		female	child	AMR	MXL	4	2
NA19678		female	mother	AMR	MXL	5	4
NA19679		male	father	AMR	MXL	5	5
NA19680		female	child	AMR	MXL	5	5
NA19681		female	mother	AMR	MXL	5	5
NA19682	YR4	male	father	AMR	MXL	3	2
NA19683		female	child	AMR	MXL	5	2
NA19684		female	mother	AMR	MXL	2	7
NA19685		male	father	AMR	MXL	2	7
NA19686		female	child	AMR	MXL	7	7
NA19700	YR4	male	father	AFR	ASW	7	7
NA19701		female	mother	AFR	ASW	9	2
NA19702		male	child	AFR	ASW	2	7
NA19703		male	father	AFR	ASW	2	2
NA19704		female	mother	AFR	ASW	5	5
NA19705	HGSVC	male	child	AFR	ASW	5	2
NA19707		female	mother	AFR	ASW		
NA19711		male	proband	AFR	ASW		
NA19712		female	proband	AFR	ASW		
NA19713		female	mother	AFR	ASW	2	5
NA19716		female	mother	AMR	MXL	5	2
NA19717		male	father	AMR	MXL	5	3
NA19718		female	child	AMR	MXL	2	3
NA19719		female	mother	AMR	MXL	2	7
NA19720		male	father	AMR	MXL	2	2
NA19721		female	child	AMR	MXL	7	2
NA19722		female	mother	AMR	MXL	2	5
NA19723		male	father	AMR	MXL	2	3
NA19724		male	child	AMR	MXL	5	3
NA19725		female	mother	AMR	MXL	5	2
NA19726		male	father	AMR	MXL	5	5
NA19727		male	child	AMR	MXL	2	5
NA19728		female	mother	AMR	MXL	2	2
NA19729		male	father	AMR	MXL	3	2
NA19730		female	child	AMR	MXL	2	2
NA19731		female	mother	AMR	MXL	6	2
NA19732		male	father	AMR	MXL	3	2
NA19733		female	child	AMR	MXL	2	2
NA19734		female	proband	AMR	MXL		
NA19735		male	proband	AMR	MXL		
NA19740		female	proband	AMR	MXL		
NA19741		male	proband	AMR	MXL		
NA19746		female	mother	AMR	MXL	5	2
NA19747		male	father	AMR	MXL	7	5
NA19748		female	child	AMR	MXL	2	5
NA19749		female	mother	AMR	MXL	5	5
NA19750		male	father	AMR	MXL	7	2
NA19751		male	child	AMR	MXL	5	2
NA19752		female	proband	AMR	MXL		
NA19755		female	mother	AMR	MXL	5	5
NA19756		male	father	AMR	MXL	4	4
NA19757		male	child	AMR	MXL	5	4
NA19758		female	mother	AMR	MXL	2	5
NA19759		male	father	AMR	MXL	5	3
NA19760		female	child	AMR	MXL	5	3
NA19761		female	mother	AMR	MXL	5	10
NA19762		male	father	AMR	MXL	4	6
NA19763		female	child	AMR	MXL	10	6
NA19764		female	proband	AMR	MXL		
NA19770		female	mother	AMR	MXL	2	3
NA19771		male	father	AMR	MXL	5	5
NA19772		male	child	AMR	MXL	3	5
NA19773		female	mother	AMR	MXL	2	5
NA19774		male	father	AMR	MXL	5	5
NA19775		female	child	AMR	MXL	5	5
NA19776	YR4	female	mother	AMR	MXL	2	5
NA19777		male	father	AMR	MXL	5	7
NA19778		male	child	AMR	MXL	5	7
NA19779		female	mother	AMR	MXL	2	5
NA19780		male	father	AMR	MXL	2	2
NA19781		female	child	AMR	MXL	5	2
NA19782		female	mother	AMR	MXL	10	2
NA19783		male	father	AMR	MXL	5	5
NA19784		male	child	AMR	MXL	2	5
NA19785		female	mother	AMR	MXL	5	5
NA19786		male	father	AMR	MXL	2	2
NA19787		male	child	AMR	MXL	5	2
NA19788		female	mother	AMR	MXL	5	2
NA19789		male	father	AMR	MXL	3	5
NA19790		female	-	AMR	MXL	2	5
NA19792		male	proband	AMR	MXL		
NA19794		female	mother	AMR	MXL	6	5
NA19795		male	father	AMR	MXL	5	2
NA19796		male	child	AMR	MXL	5	2
NA19818		male	father	AFR	ASW	2	2
NA19819		female	mother	AFR	ASW	2	2
NA19828		male	child	AFR	ASW	2	2
NA19834		male	father	AFR	ASW	2	2
NA19835		female	mother	AFR	ASW	4	2
NA19836	HGSVC	female	child	AFR	ASW	2	2
NA19900		male	father	AFR	ASW	2	2
NA19901		female	mother	AFR	ASW	2	2
NA19902		female	child	AFR	ASW	2	2
NA19904		male	father	AFR	ASW		
NA19908		male	father	AFR	ASW	5	5
NA19909	YR4	female	mother	AFR	ASW	4	5
NA19913		female	child	AFR	ASW		
NA19914		female	mother	AFR	ASW		
NA19916		male	father	AFR	ASW	2	2
NA19917		female	mother	AFR	ASW	2	5
NA19918		male	child	AFR	ASW	5	2
NA19919		male	child	AFR	ASW	5	5
NA19920		male	father	AFR	ASW	2	2
NA19921		female	mother	AFR	ASW	2	7
NA19922		male	proband	AFR	ASW	13	13
NA19923		female	proband	AFR	ASW	6	2
NA19924		female	child	AFR	ASW	2	12
NA19982		male	father	AFR	ASW	2	3
NA19983	HGSVC	female	child	AFR	ASW	5	3
NA19984		male	father	AFR	ASW		
NA20126		male	father	AFR	ASW	5	5
NA20127		female	mother	AFR	ASW	2	2
NA20128		female	child	AFR	ASW	2	5
NA20129	HPRC+	female	child	AFR	ASW	7	2
NA20274		female	maternal aunt	AFR	ASW		
NA20276		female	mother	AFR	ASW		
NA20278		male	father	AFR	ASW	3	2
NA20279		male	child	AFR	ASW	2	2
NA20281		male	proband	AFR	ASW		
NA20282	YR4	female	mother	AFR	ASW	2	2
NA20287	YR4	female	mother	AFR	ASW		
NA20289		female	mother	AFR	ASW		
NA20291		male	father	AFR	ASW		
NA20294		female	mother	AFR	ASW		
NA20296		female	mother	AFR	ASW		
NA20298		male	father	AFR	ASW		
NA20299		female	mother	AFR	ASW		
NA20314		female	mother	AFR	ASW		
NA20317		female	mother	AFR	ASW		
NA20318		male	child	AFR	ASW		
NA20320		female	proband	AFR	ASW		
NA20321		female	proband	AFR	ASW		
NA20332		female	mother	AFR	ASW		
NA20334		female	mother	AFR	ASW		
NA20339		female	proband	AFR	ASW		
NA20340		male	proband	AFR	ASW		
NA20342		male	father	AFR	ASW		
NA20346	YR4	male	father	AFR	ASW		
NA20348		male	proband	AFR	ASW		
NA20351		male	proband	AFR	ASW		
NA20355		female	child	AFR	ASW		
NA20356		male	father	AFR	ASW	5	9
NA20357	YR4	female	mother	AFR	ASW	2	2
NA20358		male	child	AFR	ASW	2	9
NA20359		female	mother	AFR	ASW		
NA20362		male	child	AFR	ASW		
NA20412		female	proband	AFR	ASW		
NA20502		female	proband	EUR	TSI		
NA20503	YR4	female	proband	EUR	TSI		
NA20504		female	proband	EUR	TSI		
NA20505		female	proband	EUR	TSI		
NA20506		female	proband	EUR	TSI		
NA20507		female	proband	EUR	TSI		
NA20508		female	proband	EUR	TSI		
NA20509	HGSVC	male	proband	EUR	TSI		
NA20510		male	proband	EUR	TSI		
NA20511		male	proband	EUR	TSI		
NA20512		male	proband	EUR	TSI		
NA20513		male	proband	EUR	TSI		
NA20514		female	proband	EUR	TSI		
NA20515		male	proband	EUR	TSI		
NA20516		male	proband	EUR	TSI		
NA20517		female	proband	EUR	TSI		
NA20518		male	proband	EUR	TSI		
NA20519		male	proband	EUR	TSI		
NA20520		male	proband	EUR	TSI		
NA20521		male	proband	EUR	TSI		
NA20522		female	proband	EUR	TSI		
NA20524		male	proband	EUR	TSI		
NA20525		male	proband	EUR	TSI		
NA20527		male	proband	EUR	TSI		
NA20528		male	proband	EUR	TSI		
NA20529		female	proband	EUR	TSI		
NA20530		female	proband	EUR	TSI		
NA20531		female	proband	EUR	TSI		
NA20532		male	proband	EUR	TSI		
NA20533		female	proband	EUR	TSI		
NA20534		male	proband	EUR	TSI		
NA20535		female	proband	EUR	TSI		
NA20536		male	proband	EUR	TSI		
NA20538		male	proband	EUR	TSI		
NA20539		male	proband	EUR	TSI		
NA20540		female	proband	EUR	TSI		
NA20541		female	proband	EUR	TSI		
NA20542		female	proband	EUR	TSI		
NA20543		male	proband	EUR	TSI		
NA20544		male	proband	EUR	TSI		
NA20581		male	proband	EUR	TSI		
NA20582		female	proband	EUR	TSI		
NA20585		female	proband	EUR	TSI		
NA20586		male	proband	EUR	TSI		
NA20587		female	proband	EUR	TSI		
NA20588		male	proband	EUR	TSI		
NA20589		female	proband	EUR	TSI		
NA20752	YR3	male	proband	EUR	TSI		
NA20753		female	proband	EUR	TSI		
NA20755		male	proband	EUR	TSI		
NA20756		female	proband	EUR	TSI		
NA20757		female	proband	EUR	TSI		
NA20758		male	proband	EUR	TSI		
NA20759		male	proband	EUR	TSI		
NA20760		female	proband	EUR	TSI		
NA20761		female	proband	EUR	TSI		
NA20762		male	proband	EUR	TSI		
NA20763		male	proband	EUR	TSI		
NA20764		female	proband	EUR	TSI		
NA20765		male	proband	EUR	TSI		
NA20766		female	proband	EUR	TSI		
NA20767		male	proband	EUR	TSI		
NA20768		female	proband	EUR	TSI		
NA20769		female	proband	EUR	TSI		
NA20770		male	proband	EUR	TSI		
NA20771		female	proband	EUR	TSI		
NA20772		female	proband	EUR	TSI		
NA20773		female	proband	EUR	TSI		
NA20774		female	proband	EUR	TSI		
NA20775		female	proband	EUR	TSI		
NA20778		male	proband	EUR	TSI		
NA20783		male	proband	EUR	TSI		
NA20785		male	proband	EUR	TSI		
NA20786		female	proband	EUR	TSI		
NA20787		male	proband	EUR	TSI		
NA20790		female	proband	EUR	TSI		
NA20792		male	proband	EUR	TSI		
NA20795		female	proband	EUR	TSI		
NA20796		male	proband	EUR	TSI		
NA20797		female	proband	EUR	TSI		
NA20798		male	proband	EUR	TSI		
NA20799	YR3	female	proband	EUR	TSI		
NA20800		female	proband	EUR	TSI		
NA20801		male	proband	EUR	TSI		
NA20802		female	proband	EUR	TSI		
NA20803		male	proband	EUR	TSI		
NA20804		female	proband	EUR	TSI		
NA20805	YR3	male	proband	EUR	TSI		
NA20806		male	proband	EUR	TSI		
NA20807		female	proband	EUR	TSI		
NA20808		female	proband	EUR	TSI		
NA20809		male	proband	EUR	TSI		
NA20810		male	proband	EUR	TSI		
NA20811		male	proband	EUR	TSI		
NA20812		male	proband	EUR	TSI		
NA20813		female	proband	EUR	TSI		
NA20814		male	proband	EUR	TSI		
NA20815		male	proband	EUR	TSI		
NA20818		female	proband	EUR	TSI		
NA20819		female	proband	EUR	TSI		
NA20821		female	proband	EUR	TSI		
NA20822		female	proband	EUR	TSI		
NA20826		female	proband	EUR	TSI		
NA20827		male	proband	EUR	TSI		
NA20828		female	proband	EUR	TSI		
NA20832		female	proband	EUR	TSI		
NA20845		male	proband	SAS	GIH		
NA20846		male	proband	SAS	GIH		
NA20847	HGSVC	female	proband	SAS	GIH		
NA20849		female	proband	SAS	GIH		
NA20850		male	proband	SAS	GIH		
NA20851		female	proband	SAS	GIH		
NA20852		male	proband	SAS	GIH		
NA20853		female	proband	SAS	GIH		
NA20854		female	proband	SAS	GIH		
NA20856		female	proband	SAS	GIH		
NA20858	YR3 (4?)	male	proband	SAS	GIH		
NA20859		female	proband	SAS	GIH		
NA20861		male	proband	SAS	GIH		
NA20862		female	proband	SAS	GIH		
NA20863		male	proband	SAS	GIH		
NA20864		male	proband	SAS	GIH		
NA20866		male	proband	SAS	GIH		
NA20867		male	proband	SAS	GIH		
NA20868		female	proband	SAS	GIH		
NA20869		female	proband	SAS	GIH		
NA20870	YR4	male	proband	SAS	GIH		
NA20872		female	proband	SAS	GIH		
NA20874		female	proband	SAS	GIH		
NA20875		female	proband	SAS	GIH		
NA20876		female	proband	SAS	GIH		
NA20877		female	proband	SAS	GIH		
NA20878		female	proband	SAS	GIH		
NA20881		female	proband	SAS	GIH		
NA20882		female	proband	SAS	GIH		
NA20884		male	proband	SAS	GIH		
NA20885		male	proband	SAS	GIH		
NA20886		female	proband	SAS	GIH		
NA20887		male	proband	SAS	GIH		
NA20888		female	proband	SAS	GIH		
NA20889		male	proband	SAS	GIH		
NA20890		male	proband	SAS	GIH		
NA20891		male	proband	SAS	GIH		
NA20892		female	proband	SAS	GIH		
NA20894		female	proband	SAS	GIH		
NA20895		male	proband	SAS	GIH		
NA20896		female	proband	SAS	GIH		
NA20897		male	proband	SAS	GIH		
NA20899		female	proband	SAS	GIH		
NA20900		female	proband	SAS	GIH		
NA20901		male	proband	SAS	GIH		
NA20902		female	proband	SAS	GIH		
NA20903		male	proband	SAS	GIH		
NA20904		male	proband	SAS	GIH		
NA20905	YR3	male	proband	SAS	GIH		
NA20906		female	proband	SAS	GIH		
NA20908		female	proband	SAS	GIH		
NA20910		female	proband	SAS	GIH		
NA20911		male	proband	SAS	GIH		
NA21086		female	proband	SAS	GIH		
NA21087		male	proband	SAS	GIH		
NA21088		female	proband	SAS	GIH		
NA21089		female	proband	SAS	GIH		
NA21090		male	proband	SAS	GIH		
NA21091		male	proband	SAS	GIH		
NA21092		male	proband	SAS	GIH		
NA21093	YR4	male	proband	SAS	GIH		
NA21094		male	proband	SAS	GIH		
NA21095		male	proband	SAS	GIH		
NA21097		female	proband	SAS	GIH		
NA21098		male	proband	SAS	GIH		
NA21099		male	proband	SAS	GIH		
NA21100		male	proband	SAS	GIH		
NA21101		female	proband	SAS	GIH		
NA21102		female	proband	SAS	GIH		
NA21103		female	proband	SAS	GIH		
NA21104		male	proband	SAS	GIH		
NA21105		male	proband	SAS	GIH		
NA21106	YR4	female	proband	SAS	GIH		
NA21107		male	proband	SAS	GIH		
NA21108		female	proband	SAS	GIH		
NA21109		male	proband	SAS	GIH		
NA21110	YR4	female	proband	SAS	GIH		
NA21111		male	proband	SAS	GIH		
NA21112		male	proband	SAS	GIH		
NA21113		male	proband	SAS	GIH		
NA21114		male	proband	SAS	GIH		
NA21115		male	proband	SAS	GIH		
NA21116		male	proband	SAS	GIH		
NA21117		male	proband	SAS	GIH		
NA21118		male	proband	SAS	GIH		
NA21119		male	proband	SAS	GIH		
NA21120		female	proband	SAS	GIH		
NA21122		female	proband	SAS	GIH		
NA21123		male	proband	SAS	GIH		
NA21124		male	proband	SAS	GIH		
NA21125		female	proband	SAS	GIH		
NA21126		male	proband	SAS	GIH		
NA21127		male	proband	SAS	GIH		
NA21128		male	proband	SAS	GIH		
NA21129		male	proband	SAS	GIH		
NA21130		male	proband	SAS	GIH		
NA21133		male	proband	SAS	GIH		
NA21135		male	proband	SAS	GIH		
NA21137		female	proband	SAS	GIH		
NA21141		female	proband	SAS	GIH		
NA21142		female	proband	SAS	GIH		
NA21143		female	proband	SAS	GIH		
NA21144		female	proband	SAS	GIH		
