id	mat_cenhap	pat_cenhap	pop	spop	sex	subsample	flank_cenhap	core_cenhap	prob	match	cen11_hor	ch1-1	ch1-2	ch2-1	ch2-2	ch3,6-1	ch3,6-2	ch4-1	ch4-2	ch5-1	ch5-2	ch7-1	ch7-2	ch9-1	ch9-2	ch10-1	ch10-2	ch11-1	ch11-2	ch12-1	ch12-2
HG00096								3/6,4	0.885, 0.986		1.0	0.02714	0.02796	0.29524	0.01727	1.63655	1.02552	1.20891	0.93752	0.44162	0.00164	0.0074	0.00164	0.01069	0.00082	0.06415	0.03372	0.00164	0.125	0.02138	0.00164
HG00097								3/6,3/6	0.979		1.0	0.03189	0.03488	0.35081	0.01894	2.26233	1.19993	0.07176	0.09368	0.31593	0.001	0.01993	0.001	0.01296	0.0	0.07275	0.01694	0.00199	0.12458	0.10465	0.02093
HG00099								2,5	0.947, 0.91		1.0	0.03632	0.01757	5.36174	4.10419	0.09372	0.0	0.17865	0.01113	4.95291	2.0313	0.34675	0.0123	0.11715	0.0	0.07614	0.01347	0.00234	0.04334	0.08962	0.03339
HG00100								4,4	0.973		1.0	0.03304	0.0321	0.55891	0.03682	0.24452	0.0	2.57834	1.33212	0.78644	0.00094	0.0085	0.00094	0.01511	0.00094	0.06798	0.00755	0.00189	0.21903	0.03493	0.01133
HG00101								2,4	0.912, 0.959		1.0	0.03054	0.02605	2.36487	1.6176	0.18502	0.0009	1.78196	0.72123	0.49848	0.00719	0.00988	0.0	0.01796	0.0009	0.03952	0.00359	0.0	0.16886	0.03054	0.00449
HG00102								3/6,3/6	0.996		1.0	0.02673	0.04113	0.25294	0.02365	2.56025	1.47549	0.09665	0.04318	0.37221	0.0	0.01337	0.0	0.01234	0.0	0.09665	0.0401	0.0	0.16246	0.09871	0.00514
HG00103								3/6,3/6	0.996		1.0	0.03693	0.03232	0.2747	0.015	1.88479	1.33424	0.10503	0.00693	0.39127	0.00577	0.00346	0.0	0.01847	0.0	0.12811	0.01039	0.0	0.09926	0.0831	0.00462
HG00105								2,3/6	0.969, 0.948		1.0	0.03047	0.01882	6.37015	5.04916	1.12562	0.38984	0.24197	0.00358	0.1873	0.00538	0.01165	0.0	0.01255	0.0	0.06453	0.02151	0.0	0.16311	0.11919	0.03674
HG00106								2,3/6	0.982, 0.957		1.0	0.02329	0.02329	6.8686	4.45716	1.25072	0.52056	0.13659	0.08435	0.29018	0.00252	0.02266	0.00063	0.01322	0.00063	0.0705	0.0491	0.00126	0.09819	0.04973	0.0321
HG00107								1,3/6	0.958, 0.985		1.0	2.51121	2.37301	0.232	0.10812	1.3247	1.10631	0.05657	0.02649	0.36232	0.00072	0.01647	0.0	0.01289	0.00143	0.11887	0.02506	0.0	0.11887	0.03938	0.00501
HG00108								1,2	0.948, 0.951		1.0	2.09663	2.01834	8.79832	5.7528	0.12292	0.0	0.13544	0.02349	0.47209	0.00235	0.00626	0.00078	0.00861	0.0	0.09395	0.03132	0.00157	0.08142	0.08221	0.03132
HG00109								2,3/6	0.972, 0.974		1.0	0.0275	0.02146	7.25128	4.79908	1.10671	0.52585	0.15091	0.06841	0.25287	0.00134	0.01476	0.00805	0.01811	0.0	0.07177	0.04829	0.00201	0.13683	0.04024	0.03957
HG00110								1,3/6	0.962, 0.973		1.0	5.30422	5.10049	0.19519	0.02497	1.17769	0.59739	0.09135	0.03615	0.3286	0.0	0.00789	0.00066	0.01117	0.0	0.10449	0.03877	0.00131	0.11698	0.02826	0.00329
HG00111								3/6,3/6	0.986		1.0	0.03234	0.02875	0.44473	0.02605	2.96126	1.15989	0.17609	0.06199	0.30727	0.00629	0.01527	0.0018	0.01707	0.0	0.10063	0.0027	0.0009	0.20754	0.04402	0.01438
HG00112								3/6,3/6	0.996		1.0	0.03989	0.04432	0.26261	0.01773	2.53964	1.31857	0.1241	0.00886	0.26482	0.00554	0.00665	0.0	0.02105	0.0	0.12189	0.00554	0.00111	0.12853	0.14848	0.00443
HG00113								3/6,4	0.911, 0.941		1.0	0.03202	0.07399	0.46491	0.01104	1.5195	0.65263	1.71827	0.91325	0.7211	0.00552	0.01877	0.0011	0.00663	0.0	0.05742	0.04196	0.00221	0.1292	0.02871	0.00442
HG00114								3/6,3/6	0.997		1.0	0.05207	0.03843	0.21201	0.03595	2.40649	1.2051	0.13142	0.01488	0.27152	0.00124	0.00372	0.00124	0.01116	0.00124	0.07315	0.00248	0.0	0.1091	0.10786	0.00248
HG00115								5,5	0.986		1.0	0.03192	0.02723	0.24507	0.04319	0.12112	0.00094	0.09389	0.00282	11.38946	5.05718	0.7352	0.01033	0.2	0.0	0.16056	0.00376	0.0	0.00094	0.20751	0.00469
HG00116								3/6,3/6	0.996		1.0	0.02956	0.03326	0.27639	0.04434	2.52893	1.37754	0.10568	0.03695	0.33404	0.00148	0.01921	0.00148	0.01404	0.00074	0.13155	0.06208	0.0	0.17071	0.07169	0.00961
HG00117								4,4	0.987		1.0	0.02509	0.03607	0.46495	0.01647	0.21013	0.00078	2.70972	1.31644	0.88913	0.00392	0.0047	0.00157	0.0149	0.0	0.06821	0.01098	0.0	0.17641	0.01411	0.00314
HG00118								2,3/6	0.96, 0.922		1.0	0.03832	0.02657	11.01978	7.1949	1.25271	0.67178	0.13782	0.03152	0.25277	0.00124	0.01792	0.0	0.01236	0.0	0.02905	0.02966	0.0	0.08776	0.04017	0.02039
HG00119								3/6,4	0.838, 0.959		1.0	0.02812	0.03983	0.31165	0.01796	2.26666	1.10833	1.97063	0.78966	0.43349	0.00469	0.00469	0.00078	0.00937	0.0	0.07186	0.02499	0.00234	0.15699	0.02968	0.01093
HG00120								3/6,3/6	0.997		1.0	0.04556	0.04454	0.22272	0.01417	2.47925	1.35655	0.12351	0.01114	0.44341	0.00202	0.00202	0.0	0.01215	0.0	0.07795	0.00911	0.00101	0.09212	0.18121	0.00304
HG00121								3/6,3/6	0.996		1.0	0.03028	0.03109	0.42222	0.02455	2.76819	1.66353	0.07937	0.08101	0.33058	0.00409	0.02782	0.0	0.01391	0.0	0.09083	0.02864	0.0	0.1121	0.036	0.00491
HG00122								1,3/6	0.976, 0.987		1.0	3.50357	3.33618	0.33714	0.07118	1.43147	0.55147	0.09308	0.06727	0.32619	0.00078	0.01564	0.00704	0.0219	0.00078	0.10325	0.03051	0.00235	0.13454	0.03442	0.00939
HG00123								1,3/6	0.992, 0.934		1.0	2.79315	2.6339	0.24991	0.03603	1.20072	0.8183	0.10577	0.0279	0.65441	0.00116	0.00116	0.0	0.00814	0.0	0.25223	0.01976	0.0	0.09648	0.13018	0.02325
HG00125								1,5	0.966, 0.998		1.0	5.36729	5.14478	0.29771	0.05194	0.12017	0.0	0.12249	0.0093	4.41989	1.85681	0.34423	0.00233	0.13955	0.0	0.12094	0.01628	0.00078	0.10699	0.08451	0.0062
HG00126								2,3/6	0.963, 0.717		1.0	0.02313	0.037	6.1255	4.81662	0.30723	0.38982	0.21804	0.01454	0.19623	0.00198	0.00595	0.00066	0.02048	0.0	0.08259	0.03105	0.00132	0.11827	0.04625	0.04691
HG00127								3/6,3/6	0.997		1.0	0.04945	0.04505	0.35383	0.01868	3.05921	1.45268	0.08351	0.0989	0.36482	0.0044	0.02198	0.0	0.01758	0.0022	0.10659	0.01978	0.0011	0.13736	0.05604	0.0044
HG00128								3/6,3/6	0.996		1.0	0.03213	0.02984	0.20732	0.03596	2.61718	1.39083	0.10787	0.00765	0.28765	0.00689	0.00459	0.00077	0.01454	0.0	0.14689	0.00689	0.00077	0.14383	0.16066	0.00459
HG00129								1,1	0.996		1.0	5.3402	5.17106	0.27353	0.07935	0.16182	0.00209	0.12528	0.03654	0.54185	0.00313	0.00209	0.0	0.01357	0.00104	0.20567	0.03654	0.0	0.12424	0.10753	0.0167
HG00130								3/6,5	0.962, 0.96		1.0	0.03471	0.04859	0.29618	0.03934	1.79445	0.83996	0.11685	0.04049	4.52605	1.50406	0.77632	0.00463	0.1747	0.0	0.11454	0.03355	0.00116	0.12727	0.01967	0.00463
HG00131								3/6,3/6	0.994		1.0	0.0472	0.04832	0.32812	0.05618	1.50575	1.09336	0.1517	0.00787	0.37082	0.00337	0.00225	0.0191	0.01236	0.0	0.07754	0.01011	0.0	0.12923	0.13147	0.00449
HG00132								3/6,4	0.942, 0.992		1.0	0.03226	0.02542	0.38522	0.0176	1.7061	0.74697	1.78627	0.7499	0.57	0.00489	0.02053	0.0	0.00978	0.00098	0.05866	0.02346	0.00098	0.15839	0.05768	0.00196
HG00133								3/6,4	0.966, 0.98		1.0	0.0302	0.03611	0.36572	0.01248	1.0315	0.58042	1.1569	0.9619	0.48653	0.00197	0.00197	0.0	0.0151	0.0	0.07485	0.01116	0.0	0.13132	0.04071	0.00394
HG00136								3/6,3/6	0.997		1.0	0.03897	0.03779	0.25742	0.02598	1.70154	1.60708	0.08266	0.01299	0.36723	0.00354	0.00236	0.0	0.01063	0.00118	0.14406	0.00708	0.0	0.09446	0.10273	0.00236
HG00137								3/6,3/6	0.981		1.0	0.02942	0.03957	0.44438	0.20088	1.86273	0.90803	0.12276	0.05682	0.32669	0.00406	0.02638	0.00101	0.01623	0.0	0.05783	0.01522	0.00203	0.1532	0.0974	0.02638
HG00138								1,3/6	0.985, 0.988		1.0	4.67963	4.55431	0.20857	0.04635	0.67122	0.41801	0.09785	0.01116	0.32702	0.00515	0.00172	0.00086	0.01631	0.0	0.12446	0.02489	0.0	0.11244	0.04206	0.00257
HG00139								1,3/6	0.985, 0.99		1.0	2.81497	2.57983	0.25911	0.08387	1.24161	0.51896	0.07339	0.01123	0.43509	0.00449	0.01872	0.0	0.01423	0.0	0.13854	0.03295	0.00075	0.1318	0.02097	0.00374
HG00140								3/6,4	0.983, 0.98		1.0	0.03716	0.02991	0.32269	0.02629	0.84478	0.5366	2.12918	0.8756	0.56833	0.00091	0.00363	0.0	0.01178	0.0	0.06073	0.00816	0.0	0.10968	0.05801	0.00181
HG00141								1,3/6	0.971, 0.956		1.0	2.54813	2.12638	0.51957	0.02005	2.24986	1.35585	0.15074	0.06334	0.30468	0.00241	0.02405	0.0016	0.02245	0.0	0.24776	0.02566	0.0	0.21408	0.02245	0.02486
HG00142								3/6,3/6	0.997		1.0	0.0327	0.02492	0.26863	0.01324	2.86618	1.24816	0.07475	0.0584	0.28888	0.00156	0.01168	0.0	0.01402	0.0	0.07786	0.00701	0.0	0.12458	0.05918	0.00467
HG00143								3/6,3/6	0.989		1.0	0.03199	0.03818	0.45615	0.10527	2.16725	1.56971	0.14964	0.02786	0.33644	0.00619	0.00929	0.01032	0.04334	0.0	0.12591	0.00722	0.0	0.24253	0.10011	0.01651
HG00145								1,3/6	0.962, 0.991		1.0	4.30765	4.11153	0.19612	0.01585	1.0311	0.51406	0.07627	0.00594	0.46454	0.00495	0.00792	0.0	0.0109	0.0	0.13471	0.01585	0.0	0.12975	0.02773	0.00099
HG00146								3/6,4	0.955, 0.961		1.0	0.01355	0.0224	0.28395	0.01355	1.31713	0.58979	0.90813	0.56218	0.52154	0.00104	0.02136	0.0	0.01407	0.00104	0.06356	0.0224	0.00052	0.16725	0.02136	0.00208
HG00148								3/6,4	0.888, 0.981		1.0	0.02815	0.03897	0.39515	0.01949	1.03172	0.49475	1.11183	0.87258	0.48717	0.00217	0.00541	0.0249	0.02165	0.00108	0.0314	0.00758	0.0	0.07578	0.02057	0.00541
HG00149								3/6,4	0.972, 0.991		1.0	0.03849	0.04399	0.4366	0.0176	0.83472	0.39921	1.99276	0.81492	0.56968	0.0033	0.0066	0.0011	0.0088	0.0	0.09788	0.0033	0.0	0.18586	0.06489	0.0055
HG00150								1,5	0.985, 0.98		1.0	2.58629	2.36961	0.21113	0.12431	0.08612	0.00139	0.07917	0.00833	5.44691	2.21543	0.40975	0.00278	0.14862	0.0	0.1639	0.02431	0.00069	0.06181	0.1014	0.00069
HG00151								1,4	0.961, 0.939		1.0	1.32316	1.1993	0.36372	0.05898	0.14942	0.0	2.35338	0.92208	0.92602	0.00098	0.00492	0.00197	0.01081	0.0	0.14745	0.04325	0.00098	0.14451	0.04227	0.00885
HG00154								1,3/6	0.956, 0.992		1.0	2.81356	2.70545	0.21531	0.01544	1.74246	0.7931	0.09266	0.01544	0.40882	0.00363	0.01908	0.0	0.01272	0.0	0.10993	0.0427	0.0	0.1499	0.01454	0.00727
HG00155								3/6,3/6	0.965		1.0	0.04821	0.0466	0.53509	0.0225	0.8195	0.33583	0.12694	0.12855	0.77129	0.00321	0.01285	0.01928	0.00803	0.0	0.12694	0.00803	0.00161	0.12373	0.03696	0.01125
HG00157								3/6,3/6	0.994		1.0	0.04983	0.03194	0.29385	0.02811	2.12209	1.28654	0.0626	0.07666	0.45866	0.0	0.02044	0.0	0.01789	0.0	0.16098	0.01533	0.00128	0.08432	0.07538	0.00256
HG00158								3/6,3/6	0.997		1.0	0.03396	0.03919	0.28475	0.02003	2.4835	1.22695	0.07315	0.09143	0.28562	0.00174	0.02177	0.00087	0.00784	0.0	0.06705	0.02003	0.0	0.12714	0.0418	0.00435
HG00159								3/6,3/6	0.996		1.0	0.0358	0.03855	0.26342	0.02111	2.96002	1.34004	0.08628	0.0257	0.39834	0.00184	0.04038	0.0	0.01377	0.0	0.08261	0.02111	0.0	0.13492	0.11473	0.00367
HG00160								3/6,3/6	0.996		1.0	0.04239	0.02544	0.20985	0.03392	2.11868	1.88339	0.12083	0.00848	0.30524	0.0053	0.00636	0.00106	0.00848	0.0	0.10811	0.0106	0.00106	0.10175	0.1346	0.00212
HG00171								3/6,3/6	0.991		1.0	0.04975	0.07086	0.41914	0.09498	2.66558	2.00522	0.1372	0.02865	0.34526	0.00452	0.00905	0.00452	0.03618	0.00302	0.14926	0.00754	0.00151	0.15077	0.08443	0.01357
HG00173								1,3/6	0.954, 0.965		1.0	2.90265	2.74281	0.29397	0.04947	1.57357	0.63457	0.08658	0.08753	0.34154	0.0	0.04281	0.0	0.01237	0.0	0.09514	0.0371	0.0	0.10751	0.06564	0.00285
HG00174								1,3/6	0.955, 0.957		1.0	3.77496	3.47757	0.32253	0.02601	1.61871	0.70575	0.11878	0.05722	0.38235	0.00694	0.02861	0.0	0.01647	0.0	0.07803	0.01387	0.0	0.14913	0.04422	0.01474
HG00176								3/6,4	0.859, 0.977		1.0	0.01454	0.04815	0.34071	0.02544	1.12572	1.67631	0.76502	0.49699	0.46701	0.00727	0.00182	0.0	0.01545	0.00091	0.06633	0.01635	0.00091	0.15355	0.09903	0.00363
HG00177								1,3/6	0.98, 0.991		1.0	4.03406	3.89621	0.28296	0.08344	0.85071	0.66207	0.11065	0.02993	0.4317	0.00091	0.00453	0.0	0.01995	0.0	0.12516	0.02086	0.00091	0.15962	0.07074	0.00544
HG00178								1,3/6	0.973, 0.98		1.0	5.82066	5.56089	0.24941	0.03731	1.18969	0.48431	0.08152	0.01865	0.35926	0.00207	0.01313	0.0	0.00967	0.0	0.08912	0.02142	0.00069	0.12229	0.02833	0.00069
HG00179								1,5	0.98, 0.975		1.0	2.22199	1.93374	0.26369	0.03878	0.38132	0.0	0.13314	0.08402	4.47759	1.50847	0.6825	0.00388	0.10599	0.0	0.31281	0.03878	0.00259	0.08273	0.04912	0.00905
HG00180								1,3/6	0.985, 0.993		1.0	4.11112	3.98485	0.42068	0.05156	1.19403	0.45355	0.10162	0.05529	0.39228	0.00299	0.02017	0.00075	0.02092	0.0	0.14346	0.03512	0.00149	0.18307	0.02989	0.00374
HG00181								1,3/6	0.973, 0.968		1.0	3.11656	3.02233	0.22006	0.02207	1.17065	0.5725	0.07693	0.09542	0.26597	0.00239	0.01193	0.0006	0.00716	0.0	0.11569	0.03817	0.0006	0.10615	0.02922	0.01312
HG00182								3/6,5	0.961, 0.987		1.0	0.03981	0.04379	0.27372	0.03185	0.75944	0.50563	0.12939	0.00896	7.22014	2.87253	0.33742	0.02588	0.12342	0.0	0.11148	0.00597	0.0	0.04379	0.12342	0.00796
HG00183								3/6,3/6	0.996		1.0	0.02755	0.03674	0.3226	0.03559	2.15946	1.42931	0.06659	0.06085	0.34326	0.0023	0.01952	0.0	0.01263	0.00115	0.06314	0.01722	0.0	0.09988	0.10562	0.0
HG00185								1,1	0.986		1.0	6.86079	6.43935	0.22948	0.05222	0.10297	0.00221	0.08605	0.01545	0.40011	0.00221	0.01471	0.0	0.00662	0.0	0.10518	0.03089	0.0	0.114	0.04045	0.01692
HG00186								1,3/6	0.997, 0.916		1.0	4.5731	4.36513	0.26164	0.05702	0.85312	0.54564	0.12523	0.02683	0.56353	0.00894	0.00559	0.0	0.01789	0.00112	0.20014	0.02236	0.0	0.13194	0.06261	0.02124
HG00187								3/6,5	0.953, 0.982		1.0	0.03335	0.03826	0.24328	0.03041	1.16637	0.62095	0.1599	0.00687	6.61468	2.6339	0.30901	0.00294	0.0981	0.0	0.08044	0.00196	0.0	0.06965	0.0775	0.01079
HG00188								3/6,3/6	0.996		1.0	0.03524	0.02776	0.31607	0.01388	2.64706	1.22476	0.07688	0.0331	0.38441	0.00214	0.01495	0.0	0.01068	0.0	0.10144	0.04378	0.0	0.0993	0.05659	0.0032
HG00189								3/6,3/6	0.992		1.0	0.01878	0.04798	0.23575	0.02503	2.1311	0.96176	0.04172	0.02608	0.29938	0.00209	0.01878	0.0	0.01982	0.00104	0.05737	0.01669	0.0	0.13978	0.06572	0.00313
HG00190								3/6,3/6	0.996		1.0	0.02823	0.03985	0.27561	0.01743	2.15258	1.41375	0.10543	0.03985	0.25901	0.00332	0.00498	0.00166	0.0166	0.0	0.05064	0.01992	0.0	0.13531	0.10128	0.00747
HG00231								3/6,3/6	0.994		1.0	0.04426	0.03288	0.26049	0.05564	2.21539	1.24679	0.05311	0.11254	0.45016	0.00632	0.02023	0.01391	0.01644	0.0	0.08599	0.0177	0.0	0.07966	0.14921	0.00506
HG00232								2,2	0.996		1.0	0.01708	0.02145	11.63026	8.36044	0.07507	0.0	0.11638	0.02423	0.22998	0.00119	0.00477	0.0	0.00953	0.0	0.05164	0.04528	0.00079	0.08421	0.03615	0.04886
HG00233								1,3/6	0.954, 0.987		1.0	3.80457	3.67847	0.32383	0.05509	0.83988	0.35811	0.11753	0.00551	0.42178	0.00184	0.0049	0.00061	0.01469	0.00122	0.10468	0.01408	0.00122	0.1359	0.08999	0.00306
HG00234								3/6,3/6	0.996		1.0	0.03482	0.03652	0.31761	0.02208	2.61223	1.18552	0.13248	0.03397	0.40508	0.00255	0.02208	0.0	0.01868	0.00085	0.06709	0.02633	0.0	0.13078	0.05605	0.00679
HG00235								3/6,4	0.955, 0.991		1.0	0.02114	0.04065	0.36341	0.02358	1.67885	0.83983	1.41137	0.79755	0.54309	0.00244	0.01301	0.0	0.01463	0.0	0.06504	0.02439	0.00081	0.15528	0.05691	0.00244
HG00236								1,3/6,4	0.915, 0.963, 0.946		1.0	3.19558	3.06844	0.38586	0.04831	0.71514	0.31148	3.06399	0.9567	0.53906	0.00318	0.00572	0.00064	0.01843	0.0	0.08137	0.01589	0.0	0.22694	0.03306	0.00509
HG00237								3/6,4	0.909, 0.937		1.0	0.03044	0.03329	0.31868	0.01712	1.5915	0.703	1.00836	0.39954	0.56221	0.0019	0.02283	0.0	0.01332	0.0	0.09037	0.03139	0.0	0.14174	0.01998	0.01046
HG00238								2,2	0.889		1.0	0.0196	0.02117	10.97825	8.06687	0.12467	0.0	0.17564	0.01568	0.21563	0.00392	0.00706	0.00157	0.01333	0.00157	0.04391	0.03136	0.00235	0.1035	0.03685	0.06979
HG00239								3/6,3/6	0.997		1.0	0.03199	0.0349	0.41783	0.02424	2.4207	1.43865	0.10955	0.01357	0.22588	0.00291	0.00872	0.00097	0.03199	0.00194	0.1047	0.00679	0.0	0.18032	0.12021	0.00291
HG00240								1,3/6	0.976, 0.985		1.0	4.22311	4.06713	0.27029	0.01175	1.04162	0.55019	0.0876	0.01068	0.44336	0.00748	0.00855	0.0	0.00534	0.0	0.15384	0.03205	0.0	0.14743	0.05235	0.0032
HG00242								1,2	0.95, 0.935		1.0	4.15605	4.09696	6.05017	4.0776	0.08864	0.0	0.17219	0.02242	0.38514	0.00255	0.00815	0.00204	0.01732	0.0	0.08406	0.05451	0.0	0.14927	0.0321	0.03362
HG00243								2,3/6	0.968, 0.966		1.0	0.01786	0.02048	5.7322	4.06097	1.14234	0.47479	0.10557	0.07353	0.29517	0.00105	0.02311	0.00105	0.01313	0.0	0.07721	0.04307	0.00158	0.09559	0.07931	0.02784
HG00244								1,3/6	0.996, 0.933		1.0	2.73817	2.2811	0.46671	0.02783	0.75252	0.45708	0.16592	0.07386	0.30507	0.00535	0.00856	0.00107	0.01927	0.0	0.31257	0.02355	0.00214	0.14772	0.07814	0.02462
HG00245								1,4	0.956, 0.935		1.0	4.15113	3.99226	0.44768	0.04993	0.19349	0.0017	0.94076	0.75238	0.6128	0.00454	0.00511	0.00113	0.02043	0.0	0.0766	0.02894	0.0	0.2054	0.01816	0.01021
HG00246								1,3/6	0.944, 0.979		1.0	3.05985	2.94477	0.3476	0.02601	1.25405	0.5754	0.10089	0.08119	0.47766	0.00315	0.02128	0.0	0.01655	0.0	0.08355	0.03941	0.0	0.18838	0.04493	0.00867
HG00250								1,3/6	0.999, 0.945		1.0	2.76509	2.33771	0.31869	0.01382	1.01503	0.46423	0.10592	0.10869	0.24777	0.00276	0.00553	0.0	0.01382	0.0	0.2754	0.0175	0.00092	0.1225	0.06263	0.01382
HG00251								2,3/6	0.964, 0.973		1.0	0.02618	0.02147	8.13919	5.46645	1.09706	0.66557	0.19323	0.03037	0.21732	0.00314	0.01204	0.00733	0.011	0.00105	0.07488	0.06755	0.00052	0.12044	0.02985	0.03927
HG00252								3/6,3/6	0.995		1.0	0.03711	0.0567	0.36491	0.01959	2.49974	1.33594	0.11236	0.05566	0.3278	0.00722	0.03196	0.01443	0.01959	0.0	0.0938	0.00618	0.0	0.0969	0.06288	0.00515
HG00253								1,4	0.989, 0.914		1.0	2.53022	2.13759	0.31109	0.03322	0.26729	0.00227	0.98083	1.01632	0.42359	0.00378	0.00453	0.0	0.01359	0.00076	0.25521	0.01812	0.0	0.1344	0.00227	0.01284
HG00254								3/6,3/6	0.996		1.0	0.02913	0.03708	0.24452	0.02383	3.24591	1.31443	0.07062	0.04149	0.34428	0.00265	0.02825	0.00177	0.01148	0.0	0.04767	0.04061	0.00177	0.12535	0.03001	0.0053
HG00255								1,3/6	0.988, 0.971		1.0	3.47169	3.39148	0.26478	0.04673	1.37918	0.54046	0.05841	0.05841	0.4766	0.00312	0.0148	0.01246	0.00857	0.00078	0.14251	0.05062	0.00078	0.1246	0.05218	0.01713
HG00256								1,3/6	0.961, 0.969		1.0	3.58862	3.49443	0.25859	0.07193	0.89651	0.47352	0.0685	0.00771	0.51376	0.00343	0.02055	0.0	0.01284	0.0	0.06936	0.03083	0.0	0.12587	0.11303	0.01456
HG00257								3/6,4	0.977, 0.991		1.0	0.02775	0.03726	0.38847	0.01903	1.49364	0.7159	1.01082	0.62552	0.56289	0.00396	0.02378	0.0	0.00951	0.0	0.06897	0.01982	0.00079	0.14984	0.05391	0.00634
HG00258								3/6,3/6	0.997		1.0	0.04069	0.04941	0.39913	0.02519	2.09254	0.94552	0.10753	0.00969	0.37588	0.00484	0.04263	0.00097	0.01647	0.0	0.09591	0.00775	0.00194	0.16469	0.06006	0.00194
HG00259								4,5	1.0, 0.868		1.0	0.02058	0.01921	0.26138	0.02744	0.19415	0.00137	0.89389	0.49119	7.06058	2.93688	0.697	0.00206	0.12074	0.0	0.09879	0.0048	0.0	0.06517	0.10496	0.00137
HG00260								1,3/6	0.975, 0.991		1.0	3.355	3.16227	0.26844	0.04425	1.05114	0.50935	0.09636	0.01278	0.37955	0.0059	0.00688	0.00098	0.02163	0.0	0.10226	0.02458	0.00098	0.11308	0.0531	0.00492
HG00261								1,1	0.976		1.0	4.28685	4.08864	0.4137	0.05186	0.17862	0.00115	0.08758	0.08067	0.70295	0.00346	0.00461	0.0	0.01383	0.00115	0.07145	0.01844	0.0	0.15672	0.06108	0.01729
HG00262								2,5	0.951, 0.984		1.0	0.02852	0.03523	8.22576	5.91245	0.10652	0.0	0.16608	0.01594	5.07872	2.1422	0.40512	0.00084	0.10233	0.00168	0.0671	0.02013	0.0	0.06542	0.08052	0.01929
HG00263								3/6,4	0.986, 0.984		1.0	0.02974	0.03414	0.43396	0.02754	1.43184	0.64984	2.0178	0.84369	0.619	0.0	0.00551	0.0	0.02093	0.0	0.06168	0.00991	0.0011	0.17402	0.04626	0.00661
HG00264								1,3/6	0.966, 0.976		1.0	3.01344	2.89629	0.28963	0.05695	1.45221	0.67444	0.12936	0.04312	0.37993	0.00651	0.0179	0.0	0.01302	0.0	0.08949	0.01953	0.0	0.13505	0.04475	0.00732
HG00265								3/6,4	0.934, 0.991		1.0	0.01829	0.02819	0.25604	0.016	1.41125	0.49607	1.06149	0.56846	0.55856	0.00152	0.00914	0.0	0.016	0.0	0.07011	0.00686	0.0	0.14935	0.05029	0.00533
HG00266								3/6,3/6	0.996		1.0	0.03586	0.03287	0.26149	0.06126	2.85544	1.66455	0.11655	0.01494	0.43631	0.00448	0.00598	0.0	0.01793	0.0	0.13747	0.01345	0.0	0.08816	0.04333	0.00747
HG00267								3/6,3/6	0.996		1.0	0.03843	0.04634	0.25772	0.01356	2.75809	1.73963	0.09043	0.00904	0.38206	0.00791	0.02261	0.00113	0.01017	0.00113	0.08365	0.03617	0.00226	0.08704	0.0633	0.00452
HG00268								3/6,5	0.68, 0.979		1.0	0.03026	0.02191	0.32871	0.01983	1.56214	0.6762	0.10435	0.03339	2.92706	1.02264	0.10853	0.00626	0.15027	0.0	0.04174	0.03235	0.0	0.0647	0.0647	0.00522
HG00269								3/6,3/6	0.997		1.0	0.04053	0.04576	0.37919	0.03138	2.2987	1.20819	0.16345	0.00915	0.2942	0.00262	0.00523	0.00131	0.02484	0.0	0.10984	0.00654	0.0	0.14383	0.1216	0.00915
HG00271								1,3/6	0.999, 0.949		1.0	2.34635	2.03744	0.35491	0.01972	1.42058	0.53049	0.1521	0.0676	0.21689	0.00094	0.00939	0.0	0.00845	0.0	0.30515	0.02441	0.00188	0.09952	0.04507	0.01596
HG00272								3/6,3/6	0.995		1.0	0.03676	0.03431	0.21157	0.02124	1.62717	1.0374	0.09394	0.01062	0.18298	0.00327	0.00572	0.01389	0.0196	0.00082	0.04574	0.00817	0.00082	0.15684	0.08332	0.00245
HG00273								3/6,5	1.0, 0.929		1.0	0.05086	0.04624	0.21037	0.09131	1.16975	0.69584	0.09825	0.00578	8.47146	3.55087	0.61609	0.00347	0.18841	0.0	0.16991	0.00578	0.0	0.0289	0.13177	0.00116
HG00274								3/6,5	0.97, 0.987		1.0	0.02573	0.03753	0.21124	0.0386	1.06475	1.53119	0.09543	0.00751	5.86526	2.42545	0.49109	0.00214	0.10723	0.00107	0.09221	0.00965	0.0	0.05469	0.16942	0.00214
HG00275								3/6,3/6	0.989		1.0	0.0163	0.04076	0.21555	0.04347	2.372	1.46722	0.07155	0.05887	0.27261	0.00272	0.01721	0.00181	0.02174	0.0	0.07064	0.0154	0.00181	0.10144	0.06068	0.00362
HG00276								3/6,3/6	0.995		1.0	0.03884	0.03625	0.31464	0.11265	1.60687	1.15886	0.08934	0.06086	0.3004	0.00259	0.00388	0.00129	0.05568	0.0	0.13078	0.01165	0.0	0.15797	0.13078	0.00777
HG00277								3/6,4	0.945, 0.991		1.0	0.02819	0.03208	0.34514	0.01361	1.57792	0.48222	1.13361	0.92847	0.43458	0.00194	0.00681	0.00097	0.00486	0.0	0.07097	0.00778	0.00097	0.15264	0.10889	0.00486
HG00278								3/6,3/6	0.994		1.0	0.03719	0.02479	0.35685	0.02922	2.35536	1.81876	0.09032	0.07969	0.3719	0.0062	0.02922	0.01771	0.01594	0.0	0.05224	0.0425	0.0	0.09386	0.0912	0.00266
HG00280								3/6,3/6	0.996		1.0	0.03326	0.02993	0.25944	0.04074	2.50954	1.02361	0.09895	0.00748	0.26276	0.00166	0.00499	0.00249	0.0133	0.0	0.09729	0.00665	0.0	0.09396	0.20705	0.00416
HG00281								3/6,3/6	0.992		1.0	0.02074	0.03176	0.27478	0.04731	1.75434	0.88138	0.09397	0.08166	0.23655	0.00389	0.01296	0.0	0.00972	0.0	0.06481	0.02592	0.00065	0.11989	0.04925	0.00324
HG00282								1,4	0.999, 0.908		1.0	2.5368	2.17716	0.39577	0.02941	0.29494	0.00168	1.0243	0.82431	0.37645	0.00504	0.0042	0.00756	0.01092	0.0	0.26217	0.01513	0.0	0.09495	0.01765	0.01344
HG00284								3/6,3/6	0.996		1.0	0.03271	0.04634	0.20855	0.0259	2.49172	1.70931	0.10359	0.00818	0.35168	0.00682	0.00273	0.0	0.00954	0.0	0.1404	0.00409	0.0	0.0777	0.08315	0.00545
HG00285								1,3/6	0.964, 0.966		1.0	2.87277	2.7575	0.32615	0.04557	1.38947	0.57545	0.10276	0.07863	0.4709	0.00179	0.01072	0.00179	0.00536	0.00179	0.09561	0.04289	0.0	0.0965	0.04736	0.00894
HG00288								1,3/6	0.985, 0.94		1.0	3.92191	3.77783	0.45057	0.05247	1.28759	0.55218	0.13825	0.01999	0.35813	0.00583	0.02582	0.0	0.02249	0.0	0.14825	0.02915	0.0	0.21654	0.03415	0.00833
HG00290								1,5	0.971, 0.982		1.0	3.47348	3.34223	0.24681	0.0672	0.09671	0.0	0.08918	0.03077	5.59802	2.28467	0.39501	0.00314	0.10927	0.00063	0.12874	0.02324	0.00063	0.0628	0.15386	0.01633
HG00304								3/6,4	0.972, 0.942		1.0	0.03053	0.0317	0.40626	0.01879	0.88884	0.50606	2.39295	0.87593	0.68571	0.00352	0.0047	0.0	0.01174	0.0	0.11507	0.00587	0.00117	0.14794	0.02113	0.00939
HG00306								1,3/6	0.984, 0.969		1.0	2.24732	1.97473	0.32437	0.03064	1.17807	0.65507	0.10566	0.08453	0.34972	0.00211	0.00528	0.0	0.01057	0.0	0.31803	0.03592	0.00106	0.10566	0.07396	0.00317
HG00308								2,3/6	0.992, 0.986		1.0	0.01026	0.02906	7.47164	4.94747	0.54022	0.45132	0.15044	0.03163	0.27609	0.00085	0.00598	0.00085	0.01453	0.0	0.04616	0.02821	0.00085	0.14018	0.06069	0.03334
HG00309								1,3/6	0.967, 0.977		1.0	4.53221	4.24979	0.22177	0.01629	1.32789	0.9803	0.09866	0.01086	0.38198	0.00272	0.01358	0.0	0.00905	0.0	0.10772	0.04254	0.00181	0.12763	0.04073	0.01901
HG00310								3/6,5	0.973, 0.979		1.0	0.03435	0.04171	0.2613	0.02822	0.94951	0.59252	0.10918	0.00491	3.60297	0.98754	0.51892	0.00368	0.13249	0.00123	0.1558	0.00491	0.00123	0.0503	0.01717	0.00123
HG00311								1,3/6	0.958, 0.974		1.0	2.89787	2.74879	0.2938	0.05056	1.63376	1.00693	0.09939	0.0218	0.31734	0.00262	0.06277	0.0	0.01395	0.0	0.10462	0.03749	0.0	0.13949	0.04708	0.0061
HG00313								3/6,3/6	0.993		1.0	0.03097	0.03777	0.32631	0.02493	3.74346	2.36194	0.10046	0.07553	0.29534	0.00604	0.0287	0.0	0.01737	0.00076	0.0423	0.02795	0.00076	0.19261	0.02946	0.00906
HG00315								1,5	0.991, 0.922		1.0	3.3609	2.83861	0.39384	0.02654	0.33333	0.00425	0.20276	0.0966	2.93521	0.95222	0.22187	0.00425	0.08917	0.0	0.27919	0.01486	0.0	0.11465	0.03397	0.01911
HG00318								1,1	0.985		1.0	4.99181	4.41317	0.27526	0.02813	0.23608	0.001	0.0884	0.0874	0.56056	0.001	0.00201	0.0211	0.01909	0.001	0.38074	0.02813	0.001	0.12457	0.08539	0.0221
HG00319								1,2	0.99, 0.943		1.0	1.79253	1.52321	4.80882	3.70613	0.18014	0.0	0.16537	0.07146	0.1382	0.00177	0.00709	0.00059	0.00768	0.00059	0.19372	0.02303	0.00059	0.11812	0.01299	0.05138
HG00320								1,1	0.981		1.0	5.51762	5.25118	0.29896	0.10467	0.16018	0.00159	0.15146	0.01031	0.42821	0.00079	0.00634	0.00079	0.01665	0.00079	0.10785	0.02458	0.00079	0.12212	0.04996	0.00476
HG00321								3/6,3/6	0.979		1.0	0.02155	0.02763	0.3586	0.03371	2.93347	1.72782	0.04918	0.0757	0.4122	0.00332	0.0442	0.01547	0.01271	0.0	0.10443	0.04641	0.0	0.12543	0.03647	0.00221
HG00323								3/6,4	0.895, 0.971		1.0	0.0291	0.04029	0.53162	0.04029	1.04421	0.62003	0.40067	0.38388	0.46558	0.00224	0.01007	0.00112	0.02462	0.00224	0.06491	0.00448	0.0	0.14661	0.21153	0.01119
HG00324								2,4	0.995, 0.907		1.0	0.02101	0.02251	5.32938	4.08688	0.1193	0.0	0.97539	0.71654	0.34364	0.0045	0.00375	0.0	0.01351	0.0	0.03676	0.01651	0.0	0.09904	0.00675	0.01951
HG00325								3/6,3/6	0.997		1.0	0.02984	0.03762	0.32174	0.01557	1.86559	2.36637	0.10249	0.01038	0.29839	0.0013	0.00389	0.0	0.01038	0.0	0.03762	0.00649	0.0013	0.11936	0.16087	0.00389
HG00326								3/6,3/6	0.996		1.0	0.03284	0.04201	0.33377	0.03895	2.50137	2.44409	0.08096	0.05728	0.32155	0.00153	0.03361	0.00076	0.01069	0.00153	0.0611	0.03208	0.00153	0.1665	0.10998	0.00687
HG00327								3/6,3/6	0.996		1.0	0.03254	0.06396	0.22891	0.01908	1.83465	2.39907	0.08865	0.00785	0.41069	0.00337	0.00449	0.0	0.00898	0.0	0.08079	0.00673	0.0	0.0965	0.147	0.00561
HG00328								3/6,3/6	0.995		1.0	0.03737	0.02831	0.41109	0.02831	1.96261	1.09172	0.17554	0.01925	0.25255	0.00566	0.01472	0.02152	0.02831	0.0	0.08267	0.00906	0.0	0.13816	0.12004	0.00566
HG00329								3/6,3/6	0.996		1.0	0.02879	0.03064	0.33058	0.0195	2.7403	1.80241	0.07243	0.07707	0.38351	0.0065	0.01207	0.0	0.01857	0.0	0.05479	0.05293	0.0	0.156	0.06222	0.0065
HG00330								1,4	0.951, 0.823		1.0	3.04996	2.86141	0.34809	0.0373	0.15229	0.0	0.50556	0.37088	0.52007	0.00311	0.00104	0.0	0.00725	0.0	0.09635	0.01761	0.00104	0.1295	0.05802	0.00414
HG00331								1,3/6	0.99, 0.623		1.0	5.50459	5.24246	0.22171	0.05024	0.29707	0.06662	0.1256	0.00983	0.56138	0.00765	0.00655	0.00109	0.00983	0.0	0.12342	0.02294	0.0	0.09502	0.0426	0.00218
HG00332								2,4	0.994, 0.933		1.0	0.01893	0.01319	9.2848	6.44201	0.22825	0.0	0.81436	0.67442	0.32689	0.00172	0.00401	0.00057	0.01893	0.0	0.04129	0.02466	0.00057	0.11584	0.01319	0.01032
HG00334								1,3/6	0.961, 0.984		1.0	3.38437	3.2344	0.27128	0.07451	1.11189	0.49958	0.12609	0.00955	0.27224	0.00382	0.01719	0.00096	0.02006	0.0	0.09361	0.02293	0.0	0.13087	0.0726	0.00669
HG00335								3/6,3/6	0.985		1.0	0.02532	0.02604	0.57443	0.01881	2.43299	1.48164	0.13746	0.10201	0.28866	0.00579	0.03328	0.00217	0.02243	0.0	0.07813	0.03328	0.0	0.26696	0.03256	0.01013
HG00336								3/6,3/6	0.983		1.0	0.02235	0.02389	0.44549	0.01387	2.93419	1.07595	0.158	0.06089	0.37458	0.00462	0.01619	0.01464	0.01233	0.0	0.08709	0.05781	0.00077	0.10867	0.04856	0.01079
HG00337								3/6,3/6	0.996		1.0	0.03457	0.03254	0.27863	0.03254	2.38463	1.11249	0.0722	0.03661	0.38744	0.00407	0.00407	0.00203	0.01729	0.0	0.08949	0.04779	0.00102	0.10983	0.08745	0.00203
HG00338								1,3/6	0.992, 0.953		1.0	2.15545	1.82592	0.43439	0.04119	1.04702	0.37447	0.17301	0.05617	0.2449	0.00075	0.00824	0.00075	0.01423	0.00075	0.22543	0.01872	0.00075	0.16701	0.08313	0.01123
HG00339								3/6,5	0.986, 0.957		1.0	0.02986	0.03981	0.36658	0.04562	0.76551	0.50011	0.16256	0.00912	6.46662	2.78669	0.49928	0.00663	0.11197	0.0	0.11362	0.00912	0.00249	0.06718	0.17666	0.00829
HG00341								1,1	0.981		1.0	6.57226	6.16938	0.26376	0.02734	0.1158	0.00322	0.08202	0.01287	0.39483	0.00161	0.00161	0.0	0.00402	0.0008	0.11178	0.03458	0.0	0.11982	0.04905	0.02252
HG00342								1,5	0.956, 0.982		1.0	2.0004	1.89721	0.33831	0.05749	0.08403	0.00074	0.11277	0.01106	8.84774	3.8954	0.62282	0.00369	0.1312	0.00074	0.14668	0.01622	0.0	0.04275	0.18648	0.00221
HG00343								3/6,5	0.99, 0.99		1.0	0.02845	0.0317	0.3251	0.02682	1.50603	0.72497	0.11785	0.01788	5.42511	2.26351	0.41532	0.00244	0.11541	0.0	0.09103	0.01707	0.00081	0.07802	0.10728	0.00244
HG00344								1,3/6	0.992, 0.974		1.0	2.3026	1.9662	0.25707	0.0231	0.93691	0.35448	0.13858	0.06025	0.3113	0.00301	0.00301	0.001	0.01707	0.001	0.26611	0.05021	0.0	0.10644	0.08536	0.001
HG00345								1,3/6	0.992, 0.985		1.0	3.79816	3.61928	0.35193	0.04746	1.27043	0.51182	0.10733	0.05841	0.38551	0.00365	0.01679	0.0073	0.0146	0.00073	0.17085	0.01533	0.00146	0.14311	0.02555	0.00292
HG00346								1,3/6	0.999, 0.939		1.0	2.5637	2.13429	0.39378	0.03837	1.10734	0.38556	0.14436	0.09776	0.20192	0.00548	0.00365	0.00091	0.01553	0.0	0.25034	0.0201	0.00183	0.15806	0.03289	0.01827
HG00349								3/6,3/6	0.996		1.0	0.03039	0.03285	0.33097	0.03449	2.95412	1.71318	0.06652	0.08788	0.46484	0.00329	0.03778	0.00164	0.023	0.0	0.06242	0.06077	0.00164	0.15029	0.06324	0.00411
HG00350								1,1	0.997		1.0	2.81	2.3885	0.49372	0.02954	0.27181	0.00066	0.16676	0.17989	0.41494	0.00066	0.00394	0.00131	0.01444	0.0	0.27509	0.0151	0.00066	0.16282	0.04793	0.01773
HG00351								3/6,4	0.982, 0.991		1.0	0.03671	0.03671	0.35443	0.01266	0.95948	0.56835	1.33163	1.04176	0.51771	0.00127	0.00759	0.00127	0.02025	0.0	0.07089	0.00506	0.0	0.12152	0.02658	0.00506
HG00353								3/6,4	0.987, 0.983		1.0	0.03037	0.03702	0.32747	0.02468	1.0574	0.51066	1.08492	0.66253	0.53155	0.0038	0.00095	0.00095	0.01709	0.0	0.07499	0.01044	0.0	0.15946	0.05126	0.00664
HG00355								3/6,3/6	0.996		1.0	0.05182	0.02887	0.21393	0.01777	2.22744	1.1015	0.13621	0.01036	0.41158	0.00444	0.00518	0.00074	0.01258	0.00074	0.14731	0.03405	0.00074	0.06884	0.09845	0.00074
HG00356								1,1	0.997		1.0	6.12528	5.63274	0.32999	0.01797	0.26791	0.00245	0.11599	0.09475	0.3594	0.00245	0.00653	0.0	0.0196	0.00082	0.33571	0.02777	0.00082	0.12987	0.0245	0.0147
HG00357								1,1	0.993		1.0	7.85055	7.54765	0.22278	0.04039	0.11725	0.00195	0.0925	0.00586	0.40191	0.00195	0.00391	0.0	0.01107	0.0	0.15894	0.01954	0.0	0.13353	0.0215	0.00326
HG00358								1,3/6	0.888, 0.988		1.0	3.95165	3.78842	0.27111	0.03052	0.7459	1.30019	0.11	0.00923	0.28033	0.00213	0.00284	0.00071	0.00994	0.0	0.1313	0.00923	0.00071	0.11142	0.09226	0.00497
HG00360								1,3/6	0.979, 0.934		1.0	2.98344	2.83554	0.33787	0.0357	1.76584	1.17425	0.06375	0.0255	0.80961	0.00255	0.01912	0.00127	0.02167	0.00255	0.1734	0.03187	0.0	0.10582	0.12495	0.02805
HG00361								1,3/6	0.991, 0.907		1.0	2.63189	2.54726	0.32899	0.08145	1.34027	0.54796	0.05924	0.05818	0.67701	0.00317	0.0074	0.0	0.01164	0.00106	0.18089	0.06347	0.00212	0.11848	0.08357	0.00846
HG00362								3/6,4	0.954, 0.931		1.0	0.02695	0.01311	0.30296	0.01457	1.5119	0.63433	0.90816	0.4945	0.56951	0.00073	0.00728	0.00073	0.02185	0.0	0.06263	0.02913	0.00073	0.1391	0.03204	0.00291
HG00364								1,1	0.991		1.0	6.82068	6.53239	0.29686	0.05688	0.15349	0.00078	0.10441	0.0335	0.56255	0.00234	0.01247	0.0	0.01792	0.0	0.11765	0.01948	0.0	0.1683	0.04052	0.02026
HG00365								3/6,3/6	0.997		1.0	0.04172	0.03435	0.29201	0.06871	2.05389	1.5533	0.10552	0.02699	0.25275	0.0	0.00859	0.0	0.01718	0.0	0.06625	0.00245	0.00123	0.10797	0.09938	0.0
HG00366								1,3/6	0.981, 0.966		1.0	4.08615	3.94861	0.36996	0.03743	0.48139	0.61022	0.10881	0.01567	0.31599	0.00348	0.00871	0.0	0.01567	0.0	0.13319	0.01915	0.0	0.11665	0.12535	0.00348
HG00367								1,3/6	0.956, 0.905		1.0	6.20957	6.08341	0.56513	0.03921	1.08252	0.7893	0.18326	0.01108	0.36311	0.00767	0.03495	0.0	0.01875	0.0	0.08779	0.04091	0.0017	0.21906	0.04006	0.01193
HG00368								1,3/6	0.99, 0.94		1.0	3.81508	3.62551	0.37124	0.04186	0.84753	0.36334	0.18009	0.0079	0.33017	0.00158	0.00474	0.0	0.01975	0.00158	0.17535	0.02607	0.00237	0.20695	0.06714	0.01106
HG00369								1,3/6	0.962, 0.991		1.0	2.79531	2.67126	0.37279	0.04071	1.54524	0.58909	0.0897	0.06934	0.35244	0.00636	0.01718	0.0	0.01463	0.0	0.09097	0.04708	0.00127	0.18067	0.04326	0.00445
HG00371								3/6,3/6	0.996		1.0	0.02537	0.02368	0.2918	0.04483	2.29214	1.11139	0.08966	0.04906	0.26389	0.00507	0.02199	0.00085	0.0093	0.00085	0.08458	0.03383	0.0	0.11503	0.01692	0.00507
HG00372								3/6,4	0.963, 0.984		1.0	0.02351	0.04231	0.30371	0.01787	1.52045	0.47861	1.84861	1.06723	0.51622	0.00282	0.00564	0.0094	0.00846	0.0	0.11189	0.00752	0.00094	0.11472	0.08369	0.00658
HG00373								1,3/6	0.981, 0.985		1.0	4.24636	4.07271	0.24164	0.04423	0.865	0.53407	0.10321	0.00491	0.34076	0.0041	0.00737	0.00082	0.01229	0.0	0.15563	0.0213	0.0	0.10075	0.02294	0.00328
HG00375								1,3/6	0.996, 0.958		1.0	4.24049	4.02629	0.37903	0.04865	1.18792	0.39718	0.15466	0.01597	0.33401	0.00726	0.01162	0.0	0.0196	0.00145	0.17209	0.02324	0.0	0.21057	0.11473	0.00581
HG00376								1,3/6	0.999, 0.941		1.0	2.79823	2.3276	0.36935	0.02213	1.12423	0.45446	0.15234	0.12	0.2451	0.00255	0.00936	0.0	0.01191	0.0	0.29531	0.02298	0.00085	0.11915	0.06042	0.01532
HG00378								1,2	0.986, 0.966		1.0	3.46872	3.32512	5.2827	3.12051	0.09226	0.0	0.13393	0.00893	0.26041	0.00074	0.0119	0.00074	0.01786	0.00074	0.13244	0.02827	0.00074	0.15104	0.04985	0.02455
HG00379								1,1	0.989		1.0	6.75817	6.54774	0.25287	0.06235	0.12124	0.00433	0.0814	0.01126	0.42174	0.00173	0.0026	0.0	0.00866	0.0	0.12817	0.0407	0.0	0.15241	0.05975	0.00173
HG00380								1,5	0.981, 0.943		1.0	3.00564	2.48222	0.33276	0.02248	0.24372	0.0018	0.10253	0.09533	4.04979	1.33554	0.5576	0.0018	0.07555	0.0	0.29859	0.01259	0.0	0.06835	0.04767	0.02069
HG00381								1,1	0.983		1.0	6.62698	6.26115	0.31207	0.02885	0.14817	0.0	0.099	0.04065	0.2747	0.00131	0.00656	0.0	0.01246	0.0	0.20455	0.04327	0.0	0.11932	0.05114	0.00262
HG00382								3/6,3/6	0.996		1.0	0.03192	0.03295	0.32431	0.01133	2.11265	1.00897	0.12561	0.07104	0.39329	0.00103	0.02471	0.0	0.0175	0.00103	0.1009	0.02162	0.0	0.10296	0.25842	0.00309
HG00383								1,1	0.995		1.0	6.17068	5.97671	0.25686	0.04698	0.07198	0.00152	0.07956	0.025	0.51902	0.00076	0.00455	0.00076	0.00758	0.00076	0.22428	0.02425	0.00152	0.08335	0.0788	0.00985
HG00384								2,3/6	0.93, 0.974		1.0	0.02477	0.03097	6.56505	4.88869	1.23525	0.50098	0.1569	0.0695	0.3895	0.00275	0.01514	0.0	0.01239	0.0	0.06744	0.0289	0.00138	0.10047	0.01376	0.03716
HG00403	1	1	CHS	EAS	2.0	train	1,1	1,1	0.98	True	1.0	6.47311	6.06831	0.21999	0.16486	0.07665	0.0021	0.07403	0.03045	0.35492	0.0	0.00368	0.0	0.0126	0.0	0.06983	0.02573	0.00105	0.12233	0.07613	0.00368
HG00404	2		CHS	EAS	2.0	train	2,3/6	2,3/6	0.99, 0.978	True	1.0	0.0178	0.0178	6.20982	4.05819	1.14667	0.54013	0.08489	0.03971	0.23686	0.00411	0.02875	0.0	0.0267	0.0	0.10679	0.02464	0.00137	0.08215	0.02464	0.02807
HG00405		1	CHS	EAS	2.0	train	1,3/6	1,3/6	0.981, 0.993	True	1.0	4.12736	3.90726	0.25124	0.10899	1.04812	0.62137	0.08351	0.04105	0.35669	0.00212	0.02477	0.0	0.01982	0.0	0.10333	0.01982	0.0	0.19179	0.06511	0.00142
HG00406		2	CHS	EAS	2.0	train	2,3/6	2,3/6	0.989, 0.992	True	1.0	0.02138	0.02375	9.92185	6.66603	0.79099	0.38718	0.09897	0.00792	0.27317	0.00238	0.00633	0.0	0.01108	0.0	0.04434	0.06572	0.0	0.10689	0.00396	0.019
HG00407			CHS	EAS	2.0	train	3/6,3/6	3/6,3/6	0.996	True	1.0	0.0422	0.03692	0.2822	0.01319	2.8273	1.49541	0.07736	0.02725	0.39825	0.00088	0.00352	0.0	0.00967	0.0	0.10989	0.01495	0.00088	0.10462	0.03956	0.00264
HG00408		2	CHS	EAS	2.0	train	2,3/6	2,3/6	0.983, 0.993	True	1.0	0.01996	0.0212	8.63784	5.89369	1.36085	0.69789	0.07422	0.02058	0.27504	0.00437	0.00437	0.00062	0.01684	0.0	0.0605	0.05675	0.00125	0.14095	0.01434	0.01372
HG00409								3/6,3/6	0.997		1.0	0.04913	0.04445	0.38837	0.03977	2.83208	1.33474	0.11464	0.0234	0.45856	0.00351	0.01404	0.00117	0.01989	0.0	0.08189	0.00234	0.00117	0.17079	0.03626	0.00585
HG00410								1,3/6	0.96, 0.977		1.0	3.21824	3.03392	0.30446	0.01975	1.69346	0.99156	0.07653	0.01317	0.35959	0.00165	0.03374	0.00082	0.00823	0.00082	0.08558	0.01728	0.0	0.14976	0.04279	0.01728
HG00418		2	CHS	EAS	2.0	train	2,3/6	2,3/6	0.922, 0.994	True	1.0	0.0378	0.02617	6.82594	4.73518	1.34693	0.76244	0.10759	0.04478	0.28439	0.0	0.04013	0.0	0.01803	0.0	0.07386	0.01047	0.00116	0.08258	0.05525	0.01047
HG00419	2	2	CHS	EAS	2.0	train	2,2	2,2	0.995	True	1.0	0.01568	0.02326	9.8284	7.07993	0.13953	0.0	0.20659	0.01893	0.2093	0.00054	0.00919	0.00108	0.01677	0.0	0.0265	0.04759	0.0027	0.07463	0.00757	0.01406
HG00420	2	2	CHS	EAS	2.0	train	2,2	2,2	0.997	True	1.0	0.02287	0.01673	10.26892	6.93499	0.09481	0.0	0.17177	0.0106	0.20021	0.00279	0.00781	0.00056	0.0145	0.0	0.02621	0.02956	0.00167	0.087	0.02175	0.01171
HG00421	2	2	CHS	EAS	2.0	train	2,2	2,2	0.997	True	1.0	0.02005	0.01847	13.03492	9.0627	0.09816	0.00053	0.13035	0.01214	0.23695	0.00211	0.01003	0.0	0.01161	0.0	0.04961	0.03958	0.00053	0.1066	0.01214	0.038
HG00422	2		CHS	EAS	2.0	train	2,3/6	2,3/6	0.974, 0.983	True	1.0	0.02958	0.03164	7.33602	5.15736	1.17979	0.79042	0.19537	0.01032	0.25728	0.00206	0.00619	0.00069	0.01857	0.0	0.05435	0.0055	0.0	0.13621	0.01651	0.01926
HG00423		2	CHS	EAS	2.0	train	2,3/6	2,3/6	0.996, 0.985	True	1.0	0.02371	0.01602	7.44647	5.12538	0.99714	0.72991	0.12048	0.0141	0.24736	0.00192	0.00449	0.00064	0.0173	0.00064	0.03268	0.03525	0.00192	0.11727	0.01602	0.01282
HG00427		2	CHS	EAS	2.0	train	2,3/6	2,3/6	0.973, 0.993	True	1.0	0.0216	0.02382	6.53707	4.34494	1.45773	0.62419	0.10634	0.0432	0.23926	0.00554	0.02049	0.0	0.02105	0.00055	0.06369	0.00775	0.00111	0.09748	0.04818	0.01218
HG00428			CHS	EAS	2.0	train	3/6,3/6	3/6,3/6	0.997	True	1.0	0.03407	0.05536	0.43518	0.0247	2.94579	1.49205	0.12774	0.01959	0.44029	0.00766	0.04003	0.00085	0.0264	0.00085	0.11156	0.00596	0.00255	0.24697	0.03832	0.00596
HG00429		2	CHS	EAS	2.0	train	2,3/6	2,3/6	0.985, 0.993	True	1.0	0.0226	0.02127	7.18924	4.75671	1.17705	0.53768	0.12694	0.01063	0.30905	0.00465	0.0093	0.0	0.01462	0.0	0.04652	0.00997	0.00133	0.10568	0.04121	0.01196
HG00436			CHS	EAS	2.0	train	3/6,3/6	3/6,3/6	0.995	True	1.0	0.03957	0.04059	0.21715	0.05175	2.74274	1.53423	0.04668	0.03856	0.38863	0.00406	0.03349	0.00101	0.00812	0.00101	0.16235	0.00913	0.0	0.1035	0.01725	0.00507
HG00437	2		CHS	EAS	2.0	train	2,3/6	2,3/6	0.943, 0.987	True	1.0	0.02934	0.02162	7.70805	5.41077	1.64555	0.97297	0.10039	0.03475	0.36988	0.00618	0.01467	0.0	0.00927	0.0	0.05174	0.03166	0.0	0.13822	0.03243	0.03938
HG00438			CHS	EAS	2.0	train	3/6,3/6	3/6,3/6	0.996	True	1.0	0.05771	0.05601	0.24103	0.00764	3.00104	1.8052	0.04838	0.0628	0.49395	0.00339	0.04498	0.0	0.01188	0.0	0.10948	0.01528	0.0017	0.13579	0.03225	0.0017
HG00442		1	CHS	EAS	2.0	train	1,3/6	1,3/6	0.985, 0.99	True	1.0	2.59537	2.37538	0.31392	0.0931	1.45835	0.70611	0.08816	0.02554	0.35182	0.00494	0.01977	0.00082	0.01648	0.0	0.14501	0.01977	0.00082	0.10052	0.03378	0.00412
HG00443	2	2	CHS	EAS	2.0	train	2,2	2,2	0.987	True	1.0	0.01685	0.01552	13.29431	9.28163	0.13081	0.00089	0.15919	0.01064	0.16762	0.00177	0.01729	0.00089	0.01951	0.0	0.03814	0.07405	0.00089	0.0776	0.00266	0.01242
HG00444	2	1	CHS	EAS	2.0	train	1,2	1,2	0.969, 0.955	True	1.0	1.95332	1.81547	7.07829	4.78241	0.08623	0.00176	0.09796	0.00763	0.25458	0.00059	0.01584	0.00059	0.01994	0.0	0.07919	0.01936	0.00176	0.09972	0.02346	0.00939
HG00445			CHS	EAS	2.0	train	3/6,3/6	3/6,3/6	0.996	True	1.0	0.02397	0.02538	0.33701	0.03807	2.39572	1.46507	0.10294	0.04935	0.24747	0.00282	0.02468	0.00141	0.01692	0.0	0.08601	0.02115	0.00071	0.15158	0.04935	0.00494
HG00446	1	2	CHS	EAS	2.0	train	1,2	1,2	0.951, 0.983	True	1.0	2.98248	2.86098	7.75467	5.34638	0.13727	0.00058	0.14136	0.00876	0.26285	0.00234	0.0111	0.00117	0.00818	0.0	0.02395	0.066	0.0	0.09171	0.02161	0.02804
HG00447	2		CHS	EAS	2.0	test	2,3/6	2,3/6	0.985, 0.985	True	1.0	0.01825	0.02434	7.95162	5.58391	0.75791	0.39619	0.12914	0.00811	0.26165	0.00203	0.00406	0.00135	0.01893	0.00068	0.03448	0.05341	0.00135	0.1359	0.03178	0.02366
HG00448		2	CHS	EAS	2.0	train	2,3/6	2,3/6	0.948, 0.992	True	1.0	0.02625	0.03544	7.43093	5.09679	1.43579	0.4751	0.16733	0.0105	0.23427	0.00262	0.00787	0.0	0.02034	0.00131	0.08006	0.01772	0.00066	0.23952	0.05643	0.0374
HG00449			CHS	EAS	2.0	train	3/6,3/6	3/6,3/6	0.997	True	1.0	0.0351	0.0329	0.29503	0.03071	2.66953	1.0189	0.10858	0.01316	0.40142	0.0	0.00768	0.0	0.01097	0.0011	0.11735	0.00658	0.0	0.08335	0.02632	0.00658
HG00450		2	CHS	EAS	2.0	train	2,3/6	2,3/6	0.97, 0.99	True	1.0	0.02767	0.0236	8.67584	5.95071	0.99029	0.41174	0.11148	0.01546	0.34827	0.00163	0.01221	0.0	0.0179	0.0	0.0952	0.02929	0.0	0.11555	0.03743	0.01872
HG00451			CHS	EAS	2.0	train	3/6,3/6	3/6,3/6	0.997	True	1.0	0.04987	0.03395	0.28861	0.0626	2.15184	1.0929	0.12839	0.00955	0.32362	0.00743	0.00318	0.0	0.0191	0.0	0.08064	0.00637	0.0	0.14749	0.02122	0.00637
HG00452	1		CHS	EAS	2.0	train	1,3/6	1,3/6	0.971, 0.991	True	1.0	4.24163	3.92053	0.2727	0.10333	1.29289	0.64808	0.0994	0.03924	0.42769	0.00262	0.01439	0.00196	0.01112	0.0	0.07586	0.017	0.0	0.10333	0.06801	0.00458
HG00453			CHS	EAS	2.0	test	3/6,3/6	3/6,3/6	0.996	True	1.0	0.03592	0.02873	0.2541	0.03592	2.72869	1.47524	0.06555	0.02604	0.47768	0.0	0.01975	0.0009	0.01347	0.0009	0.09248	0.01437	0.0009	0.1275	0.03143	0.00269
HG00457		2	CHS	EAS	2.0	test	2,3/6	2,3/6	0.997, 0.981	True	1.0	0.02445	0.01592	7.35609	5.20879	1.05972	0.59752	0.12849	0.03241	0.27005	0.00114	0.04491	0.00114	0.01194	0.0	0.04832	0.02899	0.0	0.12507	0.01649	0.01762
HG00458			CHS	EAS	2.0	train	3/6,3/6	3/6,3/6	0.997	True	1.0	0.04121	0.02711	0.35246	0.01627	2.76976	1.36428	0.09327	0.01193	0.28739	0.00217	0.00325	0.0	0.01301	0.00108	0.10953	0.00868	0.0	0.10845	0.01518	0.00434
HG00459		2	CHS	EAS	2.0	test	2,3/6	2,3/6	0.993, 0.984	True	1.0	0.02401	0.0262	8.70603	6.23626	0.70877	0.43734	0.13171	0.01092	0.21976	0.00073	0.01965	0.00073	0.01164	0.00073	0.05239	0.04584	0.0	0.11134	0.00146	0.03056
HG00463			CHS	EAS	2.0	train	3/6,3/6	3/6,3/6	0.997	True	1.0	0.0277	0.03232	0.27317	0.01924	2.67011	1.33813	0.07079	0.06848	0.32395	0.00154	0.0177	0.0	0.01154	0.00077	0.09619	0.00923	0.0	0.10157	0.05156	0.00308
HG00464	2		CHS	EAS	2.0	train	2,3/6	2,3/6	0.994, 0.982	True	1.0	0.01132	0.03001	8.20962	5.8628	1.20936	0.54523	0.14438	0.02604	0.26327	0.0051	0.01699	0.0	0.01415	0.0	0.03907	0.04133	0.0017	0.11267	0.01302	0.01585
HG00465			CHS	EAS	2.0	train	3/6,3/6	3/6,3/6	0.997	True	1.0	0.02998	0.02313	0.25101	0.02056	2.6883	1.39127	0.05654	0.02656	0.39836	0.00685	0.01542	0.0	0.01628	0.0	0.09167	0.00343	0.0	0.16106	0.05569	0.00257
HG00472			CHS	EAS	2.0	train	3/6,3/6	3/6,3/6	0.997	True	1.0	0.03202	0.04589	0.31589	0.03095	2.96469	1.48768	0.08538	0.0587	0.397	0.00747	0.02775	0.0	0.01814	0.00107	0.12593	0.01067	0.00107	0.11953	0.03735	0.00213
HG00473	2		CHS	EAS	2.0	train	2,3/6	2,3/6	0.994, 0.988	True	1.0	0.02724	0.02658	6.44977	4.30184	1.34403	0.66238	0.10497	0.03255	0.25911	0.00465	0.0691	0.0	0.01395	0.00066	0.0578	0.0279	0.00066	0.10298	0.03123	0.0206
HG00474			CHS	EAS	2.0	train	3/6,3/6	3/6,3/6	0.996	True	1.0	0.0353	0.03945	0.18167	0.0436	3.07079	1.68904	0.07371	0.06748	0.40279	0.00208	0.01453	0.0	0.01246	0.0	0.109	0.01661	0.0	0.12769	0.02699	0.00208
HG00475		2	CHS	EAS	2.0	train	2,3/6	2,3/6	0.995, 0.985	True	1.0	0.01813	0.02216	7.88751	5.63796	1.01599	0.3371	0.13766	0.01343	0.24644	0.00269	0.0047	0.00067	0.01544	0.0	0.03895	0.04701	0.0	0.06312	0.02753	0.03156
HG00476	2	1	CHS	EAS	2.0	train	1,2	1,2	0.946, 0.985	True	1.0	1.95152	1.78295	8.4853	5.72105	0.1052	0.00062	0.13166	0.00861	0.32238	0.00062	0.01354	0.0	0.016	0.0	0.0726	0.03814	0.0	0.13228	0.02461	0.03015
HG00477	1	2	CHS	EAS	2.0	train	1,2	1,2	0.952, 0.978	True	1.0	1.94868	1.78012	7.03279	5.1513	0.0951	0.0	0.123	0.01082	0.28131	0.00171	0.00683	0.0	0.01025	0.0	0.07232	0.05239	0.00171	0.13838	0.01993	0.01993
HG00478			CHS	EAS	2.0	train	3/6,3/6	3/6,3/6	0.997	True	1.0	0.03299	0.04483	0.39667	0.02876	3.09558	1.67551	0.11334	0.02622	0.47872	0.00338	0.03975	0.00085	0.02114	0.00085	0.10234	0.00846	0.00169	0.15647	0.03383	0.00592
HG00479			CHS	EAS	2.0	train	3/6,3/6	3/6,3/6	0.988	True	1.0	0.01971	0.01872	0.37342	0.04138	2.5883	1.405	0.13597	0.03941	0.30051	0.00296	0.01971	0.0	0.01281	0.0	0.10345	0.03054	0.00099	0.17045	0.05813	0.00985
HG00480			CHS	EAS	2.0	test	3/6,3/6	3/6,3/6	0.996	True	1.0	0.03235	0.01659	0.28782	0.01742	3.08975	1.56105	0.04645	0.04811	0.4081	0.00249	0.03733	0.0	0.0141	0.00083	0.11778	0.0365	0.0	0.13686	0.04147	0.00249
HG00500	1	1	CHS	EAS	2.0	train	1,1	1,1	0.972	True	1.0	6.44929	6.07668	0.36298	0.1393	0.12628	0.0	0.11382	0.02435	0.44906	0.0068	0.0068	0.0017	0.01869	0.0	0.10589	0.02945	0.00057	0.18574	0.05549	0.0068
HG00501	2	1	CHS	EAS	2.0	train	1,2	1,2	0.953, 0.964	True	1.0	2.31905	2.13184	9.26024	6.69811	0.13206	0.0	0.13206	0.01088	0.31201	0.00218	0.03483	0.00073	0.01451	0.0	0.07982	0.06603	0.00073	0.10231	0.02032	0.01814
HG00502	1	1	CHS	EAS	2.0	train	1,1	1,1	0.99	True	1.0	6.67822	6.36622	0.21654	0.06805	0.10518	0.00354	0.0548	0.00884	0.48699	0.00088	0.00884	0.0	0.00884	0.0	0.11401	0.03093	0.0	0.16351	0.05922	0.01414
HG00512	1	1	CHS	EAS	2.0	train	1,1	1,1	0.985	True	1.0	6.58758	6.21299	0.19851	0.09042	0.10877	0.00272	0.0775	0.02787	0.49084	0.00476	0.00884	0.00068	0.01428	0.0	0.09178	0.04147	0.00068	0.13257	0.08566	0.01632
HG00513	1	2	CHS	EAS	2.0	test	1,2	1,2	0.965, 0.941	True	1.0	3.6698	3.51615	7.16847	5.0574	0.08047	0.0	0.09394	0.04151	0.28109	0.00182	0.00437	0.0	0.01238	0.00073	0.09139	0.02512	0.00036	0.14564	0.03932	0.03241
HG00514	2	1	CHS	EAS	2.0	train	1,2	1,2	0.959, 0.972	True	1.0	3.40042	3.1911	6.54089	4.525	0.08277	0.00342	0.12108	0.02052	0.39538	0.00342	0.00889	0.0	0.01437	0.0	0.06772	0.03352	0.0	0.15802	0.06704	0.02257
HG00524	1		CHS	EAS	2.0	test	1,3/6	1,3/6	0.981, 0.985	True	1.0	4.17905	3.9717	0.25343	0.09439	0.60794	0.56558	0.12783	0.0223	0.36046	0.00223	0.0052	0.0	0.0104	0.0	0.10851	0.03121	0.0	0.10925	0.06838	0.00372
HG00525	2	1	CHS	EAS	2.0	train	1,2	1,2	0.987, 0.935	True	1.0	2.88318	2.77107	6.64466	4.28832	0.18501	0.00275	0.15957	0.00825	0.19395	0.00413	0.01238	0.0	0.02476	0.00206	0.09491	0.0227	0.00206	0.2194	0.03989	0.05984
HG00526	1		CHS	EAS	2.0	train	1,3/6	1,3/6	0.952, 0.991	True	1.0	4.23162	4.0952	0.25828	0.02001	0.81122	0.7903	0.09549	0.02092	0.31467	0.00273	0.00637	0.0	0.01182	0.0	0.10731	0.03001	0.0	0.12186	0.04547	0.00273
HG00530			CHS	EAS	2.0	train	3/6,3/6	3/6,3/6	0.997	True	1.0	0.03446	0.02828	0.25274	0.02651	2.10145	1.39802	0.11842	0.02563	0.41622	0.00177	0.01679	0.00088	0.01414	0.0	0.08395	0.0053	0.00177	0.14139	0.05214	0.00265
HG00531	1		CHS	EAS	2.0	train	1,3/6	1,3/6	0.971, 0.983	True	1.0	3.70992	3.49371	0.26836	0.0903	0.71922	0.55515	0.12845	0.03688	0.35166	0.00509	0.00445	0.0	0.01717	0.0	0.0585	0.02862	0.0	0.15389	0.08013	0.00636
HG00532			CHS	EAS	2.0	train	3/6,3/6	3/6,3/6	0.995	True	1.0	0.02242	0.0274	0.18931	0.02325	1.57095	1.30193	0.10462	0.03238	0.23332	0.00581	0.00747	0.00083	0.01993	0.0	0.08469	0.01328	0.00083	0.14198	0.11209	0.00249
HG00533		1	CHS	EAS	2.0	train	1,3/6	1,3/6	0.959, 0.975	True	1.0	4.08917	3.76634	0.31207	0.02332	1.44735	0.72547	0.06726	0.03497	0.46452	0.00448	0.01524	0.0	0.00986	0.0	0.04753	0.0269	0.0009	0.10761	0.0278	0.01435
HG00534		1	CHS	EAS	2.0	train	1,3/6	1,3/6	0.964, 0.993	True	1.0	3.36804	3.25271	0.25968	0.06276	1.44591	0.70295	0.07296	0.05256	0.41973	0.00392	0.01961	0.0	0.00863	0.00078	0.06041	0.02197	0.0	0.11219	0.04393	0.00314
HG00535	1	1	CHS	EAS	2.0	test	1,1	1,1	0.955	True	1.0	6.82457	6.4659	0.21353	0.06687	0.11854	0.00152	0.05851	0.01596	0.34119	0.00608	0.01672	0.0	0.00988	0.0	0.04179	0.02812	0.00152	0.15274	0.03647	0.01672
HG00536			CHS	EAS	2.0	train	3/6,3/6	3/6,3/6	0.994	True	1.0	0.03386	0.03269	0.22998	0.05604	1.8212	1.13941	0.07238	0.00584	0.32805	0.00233	0.00584	0.0	0.05253	0.0	0.08872	0.00584	0.00117	0.12025	0.02802	0.00584
HG00537	2	4	CHS	EAS	2.0	train	2,4	2,4	0.993, 0.93	True	1.0	0.01974	0.02609	9.74342	6.03191	0.23126	0.00071	1.1394	0.54361	0.34267	0.00141	0.01128	0.00071	0.01692	0.0	0.04019	0.02538	0.00212	0.21293	0.01763	0.03173
HG00538	4		CHS	EAS	2.0	train	3/6,4	3/6,4	0.977, 0.981	True	1.0	0.03921	0.03921	0.26857	0.05489	0.73514	0.48323	1.38107	0.80963	0.49891	0.00098	0.01176	0.0	0.0196	0.0	0.09116	0.01862	0.0	0.14997	0.03039	0.00098
HG00542	2	2	CHS	EAS	2.0	train	2,2	2,2	0.972	True	1.0	0.01819	0.04281	12.85208	8.76835	0.16159	0.0	0.23276	0.01017	0.14822	0.00268	0.01926	0.0	0.02301	0.00054	0.04495	0.03103	0.00054	0.14929	0.03317	0.03264
HG00543			CHS	EAS	2.0	train	3/6,3/6	3/6,3/6	0.997	True	1.0	0.03792	0.04965	0.27716	0.02167	2.69121	1.56814	0.08757	0.06139	0.33855	0.00722	0.02438	0.0	0.01625	0.0	0.08938	0.00722	0.0009	0.11736	0.02257	0.00271
HG00544		2	CHS	EAS	2.0	test	2,3/6	2,3/6	0.972, 0.981	True	1.0	0.02258	0.07105	8.81287	5.79822	0.80479	0.45485	0.13347	0.00996	0.19854	0.00531	0.00664	0.00199	0.01328	0.00066	0.05644	0.0166	0.00133	0.1255	0.00398	0.0259
HG00551	5	2	PUR	AMR	2.0	train	2,5	2,5	0.981, 0.961	True	1.0	0.01834	0.01786	9.67507	6.36349	0.11198	0.0	0.1448	0.00772	3.81114	1.59715	0.27078	0.00145	0.08109	0.0	0.08109	0.02124	0.00097	0.09267	0.05261	0.04344
HG00552	2	4	PUR	AMR	2.0	test	2,4	2,4	0.989, 0.944	True	1.0	0.02294	0.01871	9.49331	6.11979	0.13221	0.0	0.82225	0.51194	0.35317	0.00121	0.00362	0.0	0.00966	0.0006	0.04226	0.0332	0.00121	0.22458	0.01509	0.02777
HG00553	2		PUR	AMR	2.0	train	2,3/6	2,3/6	0.924, 0.968	True	1.0	0.03088	0.0272	8.5199	6.3414	3.6078	1.80206	0.18601	0.01765	0.28601	0.00368	0.00662	0.0	0.01397	0.0	0.04779	0.02794	0.0	0.12352	0.00074	0.01985
HG00554	4		PUR	AMR	2.0	test	3/6,4	3/6,4	0.917, 0.991	True	1.0	0.03056	0.02801	0.35737	0.02716	1.34799	1.30555	1.46004	0.94478	0.42613	0.00255	0.01528	0.0017	0.01613	0.00085	0.06282	0.01783	0.0	0.16298	0.01867	0.00509
HG00555			PUR	AMR	2.0	test	3/6,3/6	3/6,3/6	0.996	True	1.0	0.0301	0.05326	0.26398	0.04631	6.68975	4.30584	0.08915	0.05326	0.40176	0.00232	0.04515	0.0	0.03242	0.00116	0.09031	0.07178	0.00116	0.17135	0.03589	0.00463
HG00556		1	CHS	EAS	2.0	test	1,3/6	1,3/6	0.971, 0.953	True	1.0	4.7319	4.4844	0.19895	0.1523	0.71868	0.30746	0.05235	0.03046	0.48452	0.00381	0.00952	0.0	0.01713	0.0	0.07425	0.03617	0.0	0.16468	0.06758	0.00286
HG00557	2		CHS	EAS	2.0	train	2,3/6	2,3/6	0.984, 0.98	True	1.0	0.02558	0.0264	5.79819	4.11905	1.0999	0.58502	0.17988	0.01155	0.24754	0.00083	0.0066	0.0	0.01898	0.0	0.06766	0.04126	0.0	0.09241	0.00083	0.00495
HG00558		1	CHS	EAS	2.0	test	1,3/6	1,3/6	0.975, 0.98	True	1.0	4.39058	4.13847	0.19516	0.11726	0.97997	0.48244	0.07203	0.02345	0.38445	0.00419	0.00503	0.0	0.0201	0.00084	0.09046	0.02932	0.00084	0.15328	0.07119	0.0
HG00559			CHS	EAS	2.0	train	3/6,3/6	3/6,3/6	0.997	True	1.0	0.03356	0.05304	0.20676	0.03247	2.11412	0.97208	0.04546	0.01515	0.34207	0.00108	0.00216	0.0	0.00758	0.0	0.12882	0.00433	0.00108	0.09201	0.08552	0.00433
HG00560	2	1	CHS	EAS	2.0	train	1,2	1,2	0.941, 0.983	True	1.0	3.39343	3.26984	7.79496	5.3143	0.09289	0.00081	0.11793	0.01131	0.38207	0.00404	0.01535	0.0	0.00969	0.0	0.04604	0.03393	0.00081	0.09612	0.02343	0.02585
HG00561	1		CHS	EAS	2.0	test	1,3/6	1,3/6	0.973, 0.987	True	1.0	3.89945	3.76547	0.23057	0.07712	1.09443	0.45335	0.05842	0.01324	0.28666	0.00234	0.02181	0.0	0.01246	0.0	0.10126	0.02103	0.00078	0.148	0.03194	0.00389
HG00565		2	CHS	EAS	2.0	train	2,3/6	2,3/6	0.994, 0.977	True	1.0	0.02161	0.02577	8.89921	6.34174	0.63417	0.32748	0.17454	0.00831	0.20779	0.00249	0.03657	0.0	0.01829	0.0	0.04738	0.06649	0.00083	0.13548	0.02161	0.03325
HG00566		2	CHS	EAS	2.0	test	2,3/6	2,3/6	0.974, 0.992	True	1.0	0.01961	0.0222	6.82486	4.49639	0.6158	0.54405	0.13008	0.00465	0.20079	0.00155	0.00723	0.00103	0.01136	0.00052	0.07485	0.01858	0.00052	0.1084	0.06762	0.03871
HG00567	2	2	CHS	EAS	2.0	train	2,2	2,2	0.997	True	1.0	0.02418	0.01518	11.02665	7.59119	0.10177	0.00056	0.13776	0.00843	0.18948	0.0	0.01631	0.0	0.01012	0.0	0.04386	0.04723	0.00056	0.09783	0.02024	0.03149
HG00577		1	CHS	EAS	2.0	train	1,3/6	1,3/6	0.971, 0.993	True	1.0	1.56432	1.46313	0.15178	0.10666	1.70242	0.88061	0.08888	0.02461	0.44578	0.00273	0.02325	0.00273	0.03829	0.00137	0.09162	0.05333	0.00137	0.11486	0.08615	0.0041
HG00578	1		CHS	EAS	2.0	train	1,3/6	1,3/6	0.985, 0.985	True	1.0	3.75495	3.44795	0.2456	0.06004	1.21708	0.59694	0.06208	0.0382	0.43048	0.00273	0.01364	0.00068	0.01433	0.0	0.11939	0.0191	0.00068	0.15623	0.04571	0.00341
HG00579		1	CHS	EAS	2.0	train	1,3/6	1,3/6	0.978, 0.994	True	1.0	1.34552	1.28311	0.21262	0.07193	1.89134	1.00279	0.07087	0.03279	0.57967	0.00423	0.02644	0.0	0.01798	0.00106	0.13222	0.03068	0.00106	0.1555	0.04654	0.00423
HG00580	1		CHS	EAS	2.0	train	1,3/6	1,3/6	0.967, 0.981	True	1.0	3.66429	3.47434	0.2569	0.01868	1.14903	0.71698	0.06851	0.01401	0.31295	0.00078	0.00467	0.00078	0.01479	0.00078	0.123	0.01557	0.0	0.11677	0.07785	0.01401
HG00581			CHS	EAS	2.0	train	3/6,3/6	3/6,3/6	0.997	True	1.0	0.02985	0.06485	0.36952	0.01544	2.77398	1.53366	0.06176	0.03603	0.4951	0.00309	0.03705	0.0	0.0175	0.0	0.13999	0.00823	0.00206	0.13484	0.02162	0.00412
HG00582			CHS	EAS	2.0	train	3/6,3/6	3/6,3/6	0.997	True	1.0	0.03007	0.05431	0.27545	0.02328	2.545	1.56347	0.06886	0.02134	0.40542	0.00485	0.0194	0.0	0.01649	0.00097	0.13676	0.0097	0.00291	0.09602	0.07953	0.00097
HG00583	2		CHS	EAS	2.0	train	2,3/6	2,3/6	0.911, 0.974	True	1.0	0.02928	0.02295	7.74941	5.41003	0.86184	0.6442	0.1931	0.01187	0.31419	0.00712	0.00633	0.00317	0.01345	0.0	0.08785	0.01741	0.0	0.20339	0.05698	0.03482
HG00584	1		CHS	EAS	2.0	train	1,3/6	1,3/6	0.966, 0.987	True	1.0	5.02164	4.73586	0.34382	0.07255	0.94377	0.42709	0.11923	0.04101	0.47378	0.00126	0.01514	0.0	0.01325	0.0	0.09274	0.02082	0.0	0.15204	0.05552	0.00505
HG00585			CHS	EAS	2.0	train	3/6,3/6	3/6,3/6	0.996	True	1.0	0.03316	0.03999	0.25555	0.04779	2.05511	1.40844	0.07413	0.05657	0.33065	0.00293	0.04097	0.0	0.03316	0.0	0.12875	0.03999	0.00195	0.17167	0.08388	0.00195
HG00589			CHS	EAS	2.0	train	3/6,3/6	3/6,3/6	0.989	True	1.0	0.0243	0.03471	0.43477	0.03818	3.01387	1.5039	0.0998	0.08244	0.38877	0.00347	0.03645	0.00087	0.01128	0.00087	0.09459	0.01475	0.0	0.13191	0.04339	0.00868
HG00590	2	2	CHS	EAS	2.0	train	2,2	2,2	0.989	True	1.0	0.01993	0.01993	12.03005	8.08324	0.05314	0.0	0.08514	0.01147	0.24335	0.00121	0.00543	0.0	0.00725	0.00121	0.07307	0.01208	0.00121	0.09903	0.0157	0.05676
HG00591	2		CHS	EAS	2.0	train	2,3/6	2,3/6	0.968, 0.989	True	1.0	0.02801	0.02154	7.79345	5.45606	1.18701	0.71594	0.107	0.04021	0.34397	0.00503	0.02944	0.00072	0.01293	0.0	0.08473	0.03806	0.0	0.11418	0.05386	0.0237
HG00592			CHS	EAS	2.0	train	3/6,3/6	3/6,3/6	0.991	True	1.0	0.05433	0.05033	0.56404	0.02796	1.86949	0.82769	1.04659	0.45539	0.38428	0.0008	0.02557	0.0008	0.01678	0.0	0.08549	0.00559	0.0	0.18695	0.03915	0.0032
HG00593		1	CHS	EAS	2.0	train	1,3/6	1,3/6	0.966, 0.987	True	1.0	3.82398	3.55922	0.29149	0.09716	0.97034	0.61951	0.12129	0.03521	0.32214	0.0013	0.00456	0.01369	0.01239	0.0	0.07434	0.01761	0.00196	0.13499	0.0626	0.00391
HG00594	1		CHS	EAS	2.0	train	1,3/6	1,3/6	0.963, 0.944	True	1.0	3.3175	3.06074	0.34178	0.10656	0.65352	0.14227	0.75555	0.34688	0.42113	0.00227	0.03344	0.01304	0.01927	0.0	0.06405	0.02267	0.00283	0.15814	0.07765	0.0017
HG00595	1	2	CHS	EAS	2.0	train	1,2	1,2	0.938, 0.974	True	1.0	2.30437	2.14318	7.44132	5.29442	0.08431	0.00062	0.13081	0.01302	0.31742	0.00062	0.00496	0.00062	0.01178	0.0	0.0465	0.07439	0.00124	0.10911	0.04712	0.0155
HG00596	2	2	CHS	EAS	2.0	train	2,2	2,2	0.988	True	1.0	0.01707	0.02561	13.49609	9.31378	0.04962	0.0	0.14245	0.00907	0.41028	0.00267	0.0048	0.0	0.00694	0.0	0.07309	0.02454	0.0016	0.11044	0.01814	0.04428
HG00597	2	2	CHS	EAS	2.0	train	2,2	2,2	0.997	True	1.0	0.01759	0.02123	13.61566	9.59671	0.08734	0.0	0.16619	0.01516	0.25232	0.00121	0.00849	0.00061	0.01274	0.0	0.04428	0.06308	0.00121	0.10614	0.01031	0.02547
HG00598								2,3/6	0.975, 0.986		1.0	0.02585	0.03705	9.51692	6.55688	0.82898	0.29299	0.16028	0.00689	0.22405	0.00086	0.01551	0.0	0.01723	0.0	0.06118	0.03447	0.0112	0.08876	0.05774	0.02327
HG00599								1,4	0.843, 0.836		1.0	3.58252	3.40361	0.30458	0.05766	0.17225	0.0	1.26416	0.87826	0.4103	0.00074	0.00887	0.0	0.01552	0.00148	0.04805	0.00517	0.0	0.15229	0.0377	0.00813
HG00607		2	CHS	EAS	2.0	train	2,3/6	2,3/6	0.982, 0.988	True	1.0	0.0172	0.02039	8.46367	5.7344	0.87344	0.42239	0.08601	0.01147	0.30962	0.00319	0.00382	0.0	0.00892	0.00127	0.06052	0.01656	0.00255	0.07836	0.00956	0.02803
HG00608	1	1	CHS	EAS	2.0	test	1,1	1,1	0.984	True	1.0	5.42216	5.08896	0.25018	0.14215	0.08927	0.00455	0.08017	0.01137	0.29112	0.00171	0.00284	0.0	0.0199	0.0	0.09609	0.03355	0.00057	0.16034	0.07847	0.00171
HG00609	1	2	CHS	EAS	2.0	train	1,2	1,2	0.964, 0.984	True	1.0	1.88038	1.76066	7.22131	4.79356	0.09292	0.0006	0.07743	0.01489	0.22098	0.0006	0.0137	0.0	0.02502	0.0	0.0679	0.02025	0.0	0.12985	0.03812	0.0137
HG00610	2	2	CHS	EAS	2.0	train	2,2	2,2	0.995	True	1.0	0.01341	0.01824	12.746	9.0396	0.16633	0.0	0.20764	0.00697	0.16901	0.00429	0.00858	0.00107	0.0118	0.00054	0.0338	0.0617	0.00161	0.12662	0.01395	0.02253
HG00611	4	1	CHS	EAS	2.0	train	1,4	1,4	0.948, 0.935	True	1.0	3.68438	3.48384	0.32034	0.02604	0.13717	0.00087	1.45326	0.60509	0.53217	0.00608	0.00434	0.00087	0.00868	0.0	0.08508	0.01997	0.0	0.12501	0.04688	0.02257
HG00612	1	2	CHS	EAS	2.0	train	1,2	1,2	0.979, 0.982	True	1.0	2.54241	2.41557	7.38098	5.09164	0.11261	0.00371	0.14726	0.01485	0.23327	0.00186	0.00681	0.0	0.01732	0.0	0.06002	0.06002	0.00062	0.1355	0.03279	0.01856
HG00613			CHS	EAS	2.0	train	3/6,3/6	3/6,3/6	0.997	True	1.0	0.03543	0.04761	0.29785	0.0155	2.58872	1.33754	0.06311	0.0155	0.38532	0.00443	0.01993	0.0	0.00775	0.0	0.13619	0.00221	0.00111	0.12622	0.02547	0.00111
HG00614	2	1	CHS	EAS	2.0	train	1,2	1,2	0.961, 0.99	True	1.0	3.14224	2.91471	8.45896	5.43048	0.11584	0.0	0.15428	0.01558	0.2322	0.00104	0.00571	0.0	0.01455	0.00052	0.03688	0.0374	0.00104	0.13714	0.03792	0.01974
HG00615	1		CHS	EAS	2.0	train	1,3/6	1,3/6	0.975, 0.991	True	1.0	4.096	3.86491	0.2282	0.11156	1.03233	0.53029	0.092	0.03405	0.38685	0.00072	0.01594	0.00072	0.01666	0.00072	0.08911	0.03115	0.0	0.15431	0.071	0.00072
HG00619		4	CHS	EAS	2.0	train	3/6,4	3/6,4	0.965, 0.984	True	1.0	0.03088	0.04163	0.61567	0.03558	1.35957	0.74592	1.42335	0.91578	0.57606	0.00201	0.03558	0.00067	0.00873	0.00067	0.08862	0.00806	0.00134	0.11548	0.02954	0.00739
HG00620			CHS	EAS	2.0	train	3/6,3/6	3/6,3/6	0.996	True	1.0	0.03063	0.0362	0.2952	0.01671	2.8007	1.71365	0.05384	0.02878	0.39267	0.00464	0.02321	0.0	0.00928	0.0	0.08726	0.02042	0.00093	0.08633	0.01949	0.00464
HG00621		4	CHS	EAS	2.0	test	3/6,4	3/6,4	0.976, 0.991	True	1.0	0.02835	0.03178	0.3642	0.01374	1.65606	0.75502	1.35457	0.96546	0.62446	0.00344	0.01632	0.00086	0.01117	0.0	0.07816	0.00945	0.00086	0.13915	0.02491	0.00601
HG00622								3/6,4	0.933, 0.986		1.0	0.02595	0.02296	0.41519	0.01597	2.06897	0.81541	1.76855	0.8693	0.6168	0.001	0.02196	0.0	0.01796	0.0	0.06088	0.00299	0.00299	0.18763	0.03493	0.00599
HG00623								1,3/6	0.973, 0.984		1.0	3.40383	3.18732	0.22615	0.08995	1.41088	0.45166	0.07003	0.0424	0.51205	0.00257	0.02955	0.0	0.01285	0.0	0.09701	0.03277	0.0	0.11243	0.06939	0.00193
HG00625		1	CHS	EAS	2.0	train	1,3/6	1,3/6	0.97, 0.987	True	1.0	3.5874	3.37248	0.32056	0.03424	1.6866	0.69941	0.07504	0.02623	0.48012	0.00073	0.01967	0.0	0.01457	0.0	0.11365	0.01311	0.00073	0.13551	0.06338	0.01311
HG00626		2	CHS	EAS	2.0	test	2,3/6	2,3/6	0.969, 0.922	True	1.0	0.02542	0.02191	11.17549	7.95169	0.52152	0.36726	0.14813	0.02104	0.41722	0.00351	0.00438	0.0	0.04295	0.00175	0.09379	0.01753	0.00351	0.06048	0.03155	0.03243
HG00627	2	1	CHS	EAS	2.0	train	1,2	1,2	0.97, 0.968	True	1.0	3.23106	3.05775	8.45121	6.1568	0.1239	0.00295	0.1239	0.03319	0.41227	0.0	0.02508	0.0	0.0295	0.0	0.11653	0.04868	0.00074	0.1357	0.07006	0.03761
HG00628		2	CHS	EAS	2.0	train	2,3/6	2,3/6	0.963, 0.987	True	1.0	0.03144	0.02358	9.15222	6.3792	0.89526	0.43387	0.13362	0.01336	0.39772	0.00314	0.00865	0.0	0.00786	0.00157	0.06209	0.01729	0.0	0.09982	0.0283	0.03773
HG00629	2		CHS	EAS	2.0	train	2,3/6	2,3/6	0.971, 0.979	True	1.0	0.01716	0.01716	7.24286	5.02749	0.84106	0.65111	0.08754	0.02403	0.18423	0.00229	0.00458	0.0	0.0103	0.0	0.07324	0.07724	0.0	0.09154	0.01144	0.04806
HG00630		2	CHS	EAS	2.0	test	2,3/6	2,3/6	0.902, 0.989	True	1.0	0.02941	0.0346	9.08493	6.22762	0.96195	0.76645	0.09948	0.0346	0.32786	0.00087	0.00779	0.0	0.01211	0.0	0.08132	0.05882	0.00173	0.13928	0.01557	0.01903
HG00631								3/6,3/6	0.996		1.0	0.03384	0.03504	0.24893	0.01813	1.78239	1.15161	0.08821	0.00483	0.25135	0.00846	0.00363	0.00121	0.01329	0.0	0.05559	0.01088	0.0	0.11238	0.02054	0.00242
HG00632								1,4	0.94, 0.962		1.0	3.5562	3.2333	0.32869	0.05937	0.16434	0.00072	1.32706	0.60959	0.63421	0.00145	0.00579	0.00072	0.01448	0.0	0.07819	0.01448	0.0	0.13683	0.0514	0.00434
HG00634		2	CHS	EAS	2.0	train	2,3/6	2,3/6	0.989, 0.979	True	1.0	0.01907	0.01567	6.5877	4.57889	0.58786	0.51633	0.11239	0.00886	0.2098	0.00341	0.00613	0.00068	0.0143	0.0	0.1267	0.00477	0.0	0.07697	0.04973	0.05245
HG00635	1		CHS	EAS	2.0	train	1,3/6	1,3/6	0.978, 0.984	True	1.0	2.63128	2.46144	0.20594	0.08041	1.25041	0.6933	0.04841	0.02133	0.42337	0.00328	0.01887	0.00246	0.01969	0.0	0.14358	0.02051	0.0	0.12389	0.0402	0.00328
HG00636		2	CHS	EAS	2.0	train	2,3/6	2,3/6	0.968, 0.975	True	1.0	0.01894	0.02688	6.14535	4.1533	1.09895	0.59315	0.0843	0.03238	0.28528	0.00305	0.02566	0.00061	0.01772	0.0	0.13195	0.01222	0.00061	0.11057	0.03299	0.03848
HG00637			PUR	AMR	2.0	train	3/6,3/6	3/6,3/6	0.995	True	1.0	0.02301	0.03145	0.24933	0.01688	3.09551	1.62869	0.10817	0.00844	0.3552	0.00077	0.01841	0.0	0.02915	0.00077	0.0982	0.0982	0.0	0.1051	0.11201	0.00307
HG00638			PUR	AMR	2.0	train	3/6,3/6	3/6,3/6	0.997	True	1.0	0.03679	0.02517	0.28654	0.03195	2.30397	1.40852	0.06486	0.04937	0.36496	0.00097	0.01839	0.0	0.01646	0.0	0.09874	0.00871	0.00097	0.14811	0.06196	0.00387
HG00639			PUR	AMR	2.0	train	3/6,3/6	3/6,3/6	0.996	True	1.0	0.04576	0.03733	0.21193	0.03492	2.07109	1.31731	0.11921	0.06382	0.28779	0.00602	0.02288	0.0012	0.03853	0.0	0.1457	0.03251	0.0	0.13245	0.15292	0.0
HG00640	2	4	PUR	AMR	2.0	train	2,4	2,4	0.986, 0.878	True	1.0	0.02369	0.02666	6.76993	4.78627	0.12291	0.0037	0.5346	0.39614	0.37393	0.0	0.00963	0.00148	0.00814	0.0	0.07997	0.01703	0.00074	0.0933	0.0348	0.03258
HG00641		4	PUR	AMR	2.0	test	3/6,4	3/6,4	0.992, 0.967	True	1.0	0.03125	0.03571	0.4832	0.02343	1.20186	0.56355	1.88147	0.69523	0.56243	0.00223	0.00446	0.0	0.01339	0.0	0.077	0.01562	0.00112	0.1752	0.03013	0.00781
HG00642	4	4	PUR	AMR	2.0	test	4,4	4,4	0.968	True	1.0	0.02541	0.03106	0.48185	0.02165	0.21457	0.00188	2.53254	1.45402	0.895	0.00094	0.00941	0.0	0.01788	0.0	0.13081	0.00471	0.0	0.14117	0.05458	0.00282
HG00650	1		CHS	EAS	2.0	train	1,3/6	1,3/6	0.964, 0.986	True	1.0	3.7033	3.40335	0.27229	0.13066	1.1149	0.6223	0.05818	0.05865	0.37672	0.00048	0.02909	0.0	0.01335	0.0	0.08727	0.01669	0.00048	0.13686	0.05245	0.00286
HG00651	2	4	CHS	EAS	2.0	train	2,4	2,4	0.941, 0.902	True	1.0	0.01834	0.01948	7.51775	5.25308	0.12435	0.00115	0.78793	0.3507	0.40342	0.00115	0.01146	0.0	0.00917	0.00057	0.0361	0.12664	0.00115	0.10544	0.00229	0.00516
HG00652	4		CHS	EAS	2.0	train	3/6,4	3/6,4	0.938, 0.991	True	1.0	0.0346	0.03048	0.33204	0.02307	1.65112	0.9442	0.92773	0.47869	0.5858	0.00247	0.03543	0.0	0.00989	0.0	0.07415	0.00742	0.00165	0.12112	0.01318	0.00577
HG00653			CHS	EAS	2.0	train	3/6,3/6	3/6,3/6	0.997	True	1.0	0.02747	0.03276	0.25044	0.01268	2.79872	1.16609	0.03857	0.0634	0.45545	0.00106	0.04016	0.00053	0.00898	0.0	0.14371	0.00793	0.00106	0.1173	0.03329	0.00317
HG00654	2	2	CHS	EAS	2.0	train	2,2	2,2	0.994	True	1.0	0.01564	0.01564	13.52626	9.41584	0.10215	0.0	0.12365	0.00831	0.20577	0.00098	0.02981	0.0	0.00587	0.00049	0.02542	0.0826	0.00049	0.09531	0.00244	0.01613
HG00655	2		CHS	EAS	2.0	train	2,3/6	2,3/6	0.976, 0.99	True	1.0	0.02374	0.022	7.52259	5.08646	1.32575	0.52682	0.10073	0.02953	0.2721	0.00058	0.03416	0.0	0.0191	0.0	0.06658	0.05731	0.00058	0.12389	0.01332	0.01042
HG00656	1		CHS	EAS	2.0	train	1,3/6	1,3/6	0.959, 0.99	True	1.0	4.721	4.5414	0.22476	0.09545	0.87954	0.351	0.06568	0.05029	0.1991	0.00103	0.00308	0.00103	0.01437	0.0	0.06979	0.03387	0.0	0.1601	0.078	0.00308
HG00657	2		CHS	EAS	2.0	train	2,3/6	2,3/6	0.904, 0.988	True	1.0	0.01616	0.02989	9.44341	6.35835	1.40884	0.75773	0.10825	0.0202	0.2892	0.0	0.02827	0.00162	0.01777	0.00081	0.08563	0.10017	0.0	0.17449	0.01858	0.00646
HG00658			CHS	EAS	2.0	train	3/6,3/6	3/6,3/6	0.997	True	1.0	0.03098	0.02614	0.2507	0.01549	2.66482	1.38323	0.05227	0.03485	0.3233	0.00097	0.02323	0.0	0.01065	0.0	0.09293	0.01065	0.00194	0.12487	0.01549	0.00097
HG00662			CHS	EAS	2.0	train	3/6,3/6	3/6,3/6	0.997	True	1.0	0.04277	0.04379	0.50914	0.05244	2.81097	1.40981	0.14969	0.04735	0.41699	0.00764	0.0611	0.00051	0.02597	0.00153	0.11048	0.00866	0.00204	0.22962	0.03004	0.01324
HG00663	2		CHS	EAS	2.0	test	2,3/6	2,3/6	0.922, 0.977	True	1.0	0.01774	0.01833	8.30402	5.77486	1.56905	1.04643	0.12711	0.02306	0.29678	0.00118	0.03665	0.00059	0.01596	0.0	0.06621	0.07094	0.0	0.08513	0.01537	0.00709
HG00664			CHS	EAS	2.0	train	3/6,3/6	3/6,3/6	0.995	True	1.0	0.02286	0.03809	0.20952	0.03962	3.206	1.85442	0.048	0.07543	0.40913	0.00381	0.07162	0.00076	0.02209	0.0	0.11123	0.01524	0.0	0.10666	0.03886	0.00381
HG00671	2		CHS	EAS	2.0	train	2,3/6	2,3/6	0.991, 0.981	True	1.0	0.02062	0.02191	9.4445	6.4705	0.6256	0.37111	0.11661	0.00644	0.20681	0.00064	0.00902	0.0	0.01417	0.0	0.06121	0.08891	0.00129	0.10373	0.01289	0.00387
HG00672	1		CHS	EAS	2.0	train	1,3/6	1,3/6	0.98, 0.993	True	1.0	3.44996	3.30438	0.34197	0.05374	1.63558	0.79532	0.09575	0.0254	0.40841	0.00391	0.01856	0.00098	0.01466	0.0	0.12115	0.04299	0.00098	0.23254	0.04788	0.00391
HG00673			CHS	EAS	2.0	train	3/6,3/6	3/6,3/6	0.996	True	1.0	0.0278	0.0556	0.21683	0.02131	2.2396	1.31856	0.06579	0.0315	0.40122	0.00556	0.01297	0.0	0.01575	0.00093	0.12602	0.03984	0.00185	0.13528	0.02131	0.00185
HG00674								1,2	0.953, 0.987		1.0	3.02479	2.86948	6.0564	4.40093	0.09387	0.0	0.13369	0.0091	0.25145	0.00114	0.00569	0.00057	0.01536	0.0	0.0603	0.05291	0.0	0.11207	0.00683	0.01991
HG00675								1,1	0.973		1.0	6.4417	6.16908	0.27328	0.13664	0.13532	0.00066	0.11102	0.03285	0.35473	0.00328	0.00526	0.0	0.00854	0.00066	0.07423	0.02102	0.00066	0.11693	0.11102	0.00328
HG00683		2	CHS	EAS	2.0	train	2,3/6	2,3/6	0.981, 0.989	True	1.0	0.02968	0.02714	9.5875	6.24099	0.80398	0.2858	0.13654	0.00509	0.21117	0.0017	0.00763	0.00085	0.02459	0.0	0.05343	0.01018	0.0017	0.21796	0.03138	0.05088
HG00684			CHS	EAS	2.0	test	3/6,3/6	3/6,3/6	0.997	True	1.0	0.03037	0.04981	0.31468	0.05346	2.5527	1.4422	0.09112	0.00972	0.49936	0.00243	0.00729	0.00121	0.02308	0.0	0.1215	0.00607	0.0	0.14944	0.08019	0.00486
HG00685		2	CHS	EAS	2.0	train	2,3/6	2,3/6	0.971, 0.993	True	1.0	0.02896	0.02302	8.88656	5.78625	0.89036	0.46041	0.10471	0.01485	0.25768	0.0	0.01114	0.00074	0.01262	0.00074	0.08317	0.02302	0.00149	0.10916	0.07203	0.03267
HG00689	2	2	CHS	EAS	2.0	train	2,2	2,2	0.995	True	1.0	0.01503	0.01579	13.05054	8.72892	0.16012	0.0	0.20447	0.01316	0.15373	0.0015	0.01052	0.00038	0.02368	0.00038	0.03157	0.01954	0.00301	0.19131	0.02932	0.05713
HG00690		1	CHS	EAS	2.0	train	1,3/6	1,3/6	0.968, 0.949	True	1.0	2.73617	2.59397	0.44923	0.0951	1.03976	0.63309	0.18839	0.01811	0.30251	0.00181	0.02898	0.00362	0.02264	0.0	0.1105	0.02445	0.00091	0.23549	0.03895	0.00906
HG00691	1	2	CHS	EAS	2.0	train	1,2	1,2	0.96, 0.987	True	1.0	2.2679	2.1513	7.96029	4.82028	0.08461	0.00133	0.10793	0.01133	0.2092	0.00133	0.01133	0.002	0.01066	0.0	0.08728	0.03931	0.00133	0.15857	0.05397	0.02265
HG00692		1	CHS	EAS	2.0	train	1,3/6	1,3/6	0.985, 0.982	True	1.0	3.5239	3.43086	0.20789	0.10394	0.81774	0.42595	0.06178	0.00945	0.29947	0.00363	0.00291	0.0	0.01672	0.0	0.1352	0.01817	0.0	0.11921	0.02181	0.00218
HG00693	1		CHS	EAS	2.0	train	1,3/6	1,3/6	0.971, 0.974	True	1.0	3.84587	3.63786	0.24747	0.15517	0.9705	0.54377	0.1117	0.02542	0.33442	0.00334	0.00736	0.00067	0.02007	0.00067	0.07759	0.02207	0.0	0.15718	0.06488	0.00334
HG00694		1	CHS	EAS	2.0	train	1,3/6	1,3/6	0.99, 0.988	True	1.0	3.62354	3.4578	0.19824	0.08856	1.11225	0.71171	0.05768	0.02356	0.30305	0.00487	0.00487	0.0	0.01056	0.0	0.14543	0.03169	0.0	0.11131	0.02194	0.00487
HG00698		2	CHS	EAS	2.0	train	2,3/6	2,3/6	0.668, 0.974	True	1.0	0.01568	0.01756	0.22636	0.16491	0.73174	0.61762	0.09656	0.02634	0.25834	0.00125	0.01756	0.0	0.00627	0.00063	0.08841	0.00439	0.00125	0.07336	0.00439	0.05142
HG00699		1	CHS	EAS	2.0	train	1,3/6	1,3/6	0.981, 0.976	True	1.0	3.14091	2.88183	0.27625	0.13159	1.16957	0.59255	0.07192	0.00899	0.27462	0.00327	0.00572	0.00082	0.01471	0.0	0.14303	0.03269	0.0	0.10053	0.0237	0.0049
HG00700	1	2	CHS	EAS	2.0	train	1,2	1,2	0.969, 0.718	True	1.0	2.10534	1.92166	0.17464	0.21439	0.07166	0.0	0.09455	0.01746	0.218	0.00422	0.00602	0.0006	0.00903	0.0006	0.09455	0.03071	0.0006	0.09154	0.0271	0.04757
HG00701	2	1	CHS	EAS	2.0	train	1,2	1,2	0.97, 0.961	True	1.0	3.34803	3.12839	6.85598	4.67467	0.04829	0.00208	0.0971	0.02181	0.35256	0.00415	0.00727	0.0	0.01558	0.00156	0.07477	0.0244	0.0	0.12617	0.05764	0.02129
HG00702	2		CHS	EAS	2.0	train	2,3/6	2,3/6	0.977, 0.982	True	1.0	0.02305	0.02926	11.0985	7.545	0.76425	0.30588	0.09664	0.00709	0.16314	0.0	0.01596	0.0	0.01685	0.0	0.04876	0.11171	0.00443	0.1259	0.00355	0.00443
HG00703		1	CHS	EAS	2.0	train	1,3/6	1,3/6	0.975, 0.961	True	1.0	4.26853	3.98157	0.22926	0.14504	0.67841	0.27058	0.07798	0.02729	0.36494	0.00702	0.00702	0.0	0.01871	0.00078	0.07174	0.02261	0.00156	0.13412	0.07174	0.00156
HG00704		2	CHS	EAS	2.0	train	2,3/6	2,3/6	0.884, 0.987	True	1.0	0.04442	0.0397	9.15518	6.32526	0.96694	0.51324	0.09168	0.03686	0.37902	0.00189	0.02363	0.0	0.01701	0.0	0.11059	0.03308	0.0	0.11626	0.02363	0.03119
HG00705		2	CHS	EAS	2.0	train	2,3/6	2,3/6	0.981, 0.985	True	1.0	0.02257	0.02528	9.28603	6.29814	0.99777	0.49482	0.10474	0.00903	0.40272	0.0009	0.00813	0.0	0.00903	0.0	0.08127	0.02799	0.0009	0.10655	0.01445	0.03431
HG00706	2	2	CHS	EAS	2.0	train	2,2	2,2	0.983	True	1.0	0.02533	0.01643	14.39973	10.05661	0.06503	0.0	0.11294	0.0089	0.41412	0.0	0.01437	0.0	0.01574	0.0	0.08009	0.03149	0.00068	0.11979	0.03286	0.03902
HG00707			CHS	EAS	2.0	train	3/6,3/6	3/6,3/6	0.996	True	1.0	0.04056	0.04747	0.32536	0.02675	2.86787	1.57073	0.07681	0.04833	0.44274	0.00432	0.01726	0.00173	0.01899	0.00086	0.10184	0.02589	0.0	0.11306	0.04833	0.00518
HG00708	2		CHS	EAS	2.0	train	2,3/6	2,3/6	0.995, 0.992	True	1.0	0.01311	0.02247	7.84959	5.23826	1.15525	0.57107	0.1217	0.01872	0.24466	0.00062	0.02372	0.00062	0.01373	0.0	0.04619	0.01748	0.00125	0.1267	0.01248	0.02247
HG00709			CHS	EAS	2.0	train	3/6,3/6	3/6,3/6	0.996	True	1.0	0.02159	0.05837	0.26787	0.02079	2.73311	1.45691	0.07277	0.03838	0.4334	0.0008	0.02959	0.0008	0.01359	0.0008	0.12154	0.0072	0.0008	0.11834	0.04878	0.0024
HG00717								2,2	0.996		1.0	0.01313	0.01751	10.23754	7.23613	0.17512	0.0	0.1501	0.01063	0.2608	0.00375	0.01814	0.00063	0.01313	0.00063	0.01814	0.05879	0.00063	0.08568	0.0025	0.03127
HG00728								3/6,3/6	0.995		1.0	0.02235	0.02554	0.28497	0.01756	3.0221	1.78325	0.07344	0.03672	0.32887	0.0	0.01596	0.0	0.00718	0.0	0.05827	0.02235	0.0016	0.09818	0.03832	0.00319
HG00729								2,2	0.991		1.0	0.01673	0.0213	12.4588	8.32564	0.08772	0.00051	0.16683	0.01116	0.2297	0.00203	0.00659	0.00051	0.01318	0.00051	0.08417	0.0218	0.00152	0.14046	0.01927	0.05831
HG00731		2	PUR	AMR	2.0	train	2,3/6	2,3/6	0.994, 0.993	True	1.0	0.02547	0.02809	9.71691	6.55218	0.75444	0.36187	0.11496	0.01306	0.20902	0.0	0.00914	0.00065	0.01241	0.0	0.0503	0.01633	0.00065	0.09929	0.03201	0.02025
HG00732	1	1	PUR	AMR	2.0	test	1,1	1,1	0.987	True	1.0	6.27731	5.95638	0.31344	0.04023	0.31625	0.00094	0.1076	0.01029	0.42666	0.00281	0.00281	0.00187	0.01778	0.0	0.34432	0.02526	0.00187	0.13661	0.03555	0.01778
HG00733	1	2	PUR	AMR	2.0	train	1,2	1,2	0.971, 0.983	True	1.0	2.85856	2.80216	9.12557	6.14195	0.11893	0.00123	0.09808	0.01349	0.25502	0.00184	0.00184	0.0	0.01287	0.0	0.06805	0.019	0.00123	0.15081	0.00307	0.02391
HG00734			PUR	AMR	2.0	train	3/6,3/6	3/6,3/6	0.997	True	1.0	0.03622	0.03208	0.2494	0.03829	2.7455	1.40845	0.12004	0.01552	0.35703	0.00414	0.00517	0.00207	0.00931	0.0	0.1128	0.00207	0.0	0.11073	0.17593	0.00517
HG00735			PUR	AMR	2.0	train	3/6,3/6	3/6,3/6	0.995	True	1.0	0.04928	0.03782	0.22347	0.06532	2.6083	1.29154	0.13867	0.03094	0.31973	0.00344	0.02521	0.0	0.0424	0.00115	0.14325	0.03438	0.00115	0.14783	0.16388	0.00344
HG00736			PUR	AMR	2.0	train	3/6,3/6	3/6,3/6	0.98	True	1.0	0.03371	0.03272	0.57014	0.02578	2.4858	1.39213	0.20922	0.10709	0.34109	0.00496	0.02776	0.00297	0.0357	0.00099	0.1051	0.01884	0.00099	0.22607	0.06941	0.0119
HG00737		4	PUR	AMR	2.0	train	3/6,4	3/6,4	0.974, 0.991	True	1.0	0.02612	0.03513	0.32785	0.03152	0.81512	0.37919	1.56989	0.85925	0.49537	0.0018	0.0063	0.0	0.01441	0.0009	0.08196	0.00721	0.0	0.1387	0.08286	0.0027
HG00738	4		PUR	AMR	2.0	test	3/6,4	3/6,4	0.975, 0.991	True	1.0	0.03333	0.02929	0.303	0.02424	1.05849	0.59187	1.70894	0.97971	0.53429	0.00303	0.01919	0.00101	0.01919	0.0	0.1111	0.01414	0.00101	0.15655	0.07676	0.00303
HG00739			PUR	AMR	2.0	train	3/6,3/6	3/6,3/6	0.992	True	1.0	0.04326	0.04124	0.53818	0.05331	2.7623	1.47872	0.15491	0.0684	0.32089	0.00704	0.00905	0.00101	0.02817	0.00201	0.10663	0.02213	0.00201	0.24344	0.06136	0.02716
HG00740			PUR	AMR	2.0	test	3/6,3/6	3/6,3/6	0.997	True	1.0	0.02938	0.03525	0.20682	0.01293	2.27615	1.25029	0.09166	0.01528	0.29847	0.00235	0.00353	0.0	0.00588	0.0	0.09048	0.00823	0.0	0.09753	0.13866	0.00235
HG00741			PUR	AMR	2.0	train	3/6,3/6	3/6,3/6	0.995	True	1.0	0.03235	0.02912	0.26096	0.02912	2.5492	1.32744	0.10029	0.01078	0.25018	0.00324	0.00755	0.0	0.01941	0.0	0.14234	0.00971	0.00216	0.12724	0.17361	0.01833
HG00742								2,4	0.929, 0.909		1.0	0.03312	0.03389	7.48284	5.4053	0.19951	0.0	1.51675	0.55309	0.4021	0.00462	0.00539	0.00077	0.02465	0.0	0.0416	0.01541	0.0	0.18565	0.02773	0.01618
HG00743								2,3/6	0.951, 0.983		1.0	0.02722	0.04479	6.93416	4.86867	0.85623	0.56292	0.14841	0.01142	0.19057	0.00176	0.00878	0.00176	0.01229	0.00088	0.08694	0.01317	0.0	0.10714	0.06762	0.02635
HG00759								2,3/6	0.91, 0.991		1.0	0.03135	0.0226	7.45981	5.27939	1.25387	0.63204	0.14653	0.04009	0.31784	0.00073	0.02114	0.00073	0.00948	0.0	0.10425	0.02041	0.0	0.10643	0.05613	0.00802
HG00766								1,4	0.965, 0.871		1.0	3.62459	3.42452	0.27169	0.05916	0.19851	0.0	1.20197	0.52002	0.42972	0.00467	0.00311	0.0	0.01713	0.0	0.11755	0.01868	0.00078	0.16114	0.04282	0.00545
HG00844								1,3/6	0.978, 0.993		1.0	3.37769	3.23856	0.33638	0.05484	1.34469	0.74478	0.09412	0.0131	0.41331	0.00246	0.02292	0.00164	0.01964	0.0	0.13668	0.02292	0.0	0.15059	0.03028	0.00409
HG00851								1,4	0.877, 0.912		1.0	3.50777	3.22443	0.33251	0.12001	0.19494	0.01229	1.63036	0.63927	0.55204	0.00059	0.00351	0.00059	0.01288	0.0	0.04508	0.00937	0.00117	0.18499	0.07376	0.00644
HG00864								1,1	0.975		1.0	6.05311	5.67911	0.24692	0.18616	0.09698	0.0039	0.10869	0.01951	0.4381	0.00446	0.00613	0.00167	0.01449	0.00056	0.05908	0.03734	0.00056	0.11092	0.09197	0.00334
HG00867								1,4	0.973, 0.914		1.0	3.17058	3.01351	0.47048	0.06068	0.18991	0.00143	1.10517	0.52189	0.69894	0.00571	0.00714	0.0	0.01499	0.00143	0.07425	0.02784	0.00071	0.17063	0.07782	0.01642
HG00879								1,4	0.962, 0.88		1.0	4.09311	3.7838	0.45691	0.13102	0.12439	0.00249	0.99011	0.50169	0.45359	0.00166	0.00332	0.00166	0.0141	0.0	0.09453	0.01493	0.0	0.1559	0.07878	0.00829
HG00881								3/6,4	0.966, 0.984		1.0	0.0313	0.03294	0.38297	0.03541	1.62906	0.81206	1.78554	0.81206	0.5551	0.00412	0.0173	0.0	0.01318	0.0	0.08401	0.00577	0.00082	0.15731	0.03789	0.00741
HG00956								2,3/6	0.993, 0.977		1.0	0.01602	0.02373	9.2722	6.66089	0.8117	0.34355	0.14774	0.00712	0.20708	0.00237	0.00831	0.0	0.02017	0.00059	0.04391	0.06171	0.00178	0.09672	0.01721	0.02314
HG00978								2,2	0.995		1.0	0.01848	0.02148	14.57268	9.86632	0.10041	0.001	0.10191	0.01099	0.18534	0.003	0.01099	0.001	0.01199	0.0005	0.01998	0.08443	0.0	0.09242	0.01798	0.02498
HG00982								1,4	0.903, 0.888		1.0	3.99829	3.67401	0.42819	0.10642	0.10542	0.001	0.86592	0.52407	0.44626	0.00251	0.00351	0.001	0.01205	0.00201	0.05522	0.02711	0.0	0.13554	0.05221	0.00703
HG01028								3/6,3/6	0.996		1.0	0.02209	0.02892	0.39116	0.02369	3.24378	1.41365	0.08474	0.03133	0.44618	0.00643	0.03333	0.0012	0.01325	0.0	0.0747	0.00442	0.0	0.15622	0.05141	0.00763
HG01029								1,3/6	0.978, 0.986		1.0	3.85931	3.58936	0.24078	0.11438	1.14269	0.36145	0.12353	0.03203	0.4724	0.00057	0.0143	0.0	0.01487	0.0	0.10009	0.02631	0.0	0.10809	0.08236	0.00458
HG01031								1,3/6	0.98, 0.989		1.0	4.80771	4.54994	0.35794	0.12578	0.69025	0.25545	0.09861	0.02407	0.38356	0.00155	0.00776	0.00078	0.02019	0.0	0.12035	0.0264	0.00078	0.22051	0.05513	0.00621
HG01046								3/6,4	0.922, 0.991		1.0	0.03248	0.02906	0.36664	0.03077	1.29562	0.82557	1.31271	0.53842	0.43159	0.00684	0.00342	0.00085	0.01538	0.0	0.08803	0.02051	0.0	0.15127	0.03931	0.00427
HG01047			PUR	AMR	2.0	train	3/6,3/6	3/6,3/6	0.996	True	1.0	0.0465	0.03916	0.23495	0.02447	2.15372	1.28734	0.11748	0.00857	0.39281	0.00122	0.00489	0.00122	0.01468	0.00122	0.10034	0.00489	0.0	0.10769	0.03549	0.00489
HG01048		2	PUR	AMR	2.0	test	2,3/6	2,3/6	0.988, 0.956	True	1.0	0.02478	0.03127	11.20846	8.17108	0.81894	0.34988	0.14809	0.00944	0.18113	0.00059	0.00708	0.00177	0.00944	0.0	0.04602	0.04248	0.00118	0.12272	0.05192	0.01416
HG01049	1	2	PUR	AMR	2.0	train	1,2	1,2	0.975, 0.977	True	1.0	2.97915	2.90397	8.22098	5.66318	0.11445	0.00112	0.10323	0.01515	0.24518	0.00112	0.00842	0.00056	0.00898	0.0	0.07125	0.02693	0.00056	0.10379	0.01683	0.00281
HG01050	2	2	PUR	AMR	2.0	train	2,2	2,2	0.996	True	1.0	0.00952	0.01964	14.73709	10.58319	0.13091	0.00119	0.14221	0.02678	0.16244	0.00179	0.03273	0.0006	0.0363	0.0	0.05355	0.06664	0.0	0.12198	0.04225	0.01666
HG01051	1		PUR	AMR	2.0	train	1,3/6	1,3/6	0.976, 0.948	True	1.0	1.80344	1.59166	0.21509	0.04522	1.19568	0.57578	0.09265	0.1081	0.26693	0.00221	0.0011	0.0	0.01213	0.0	0.13126	0.08162	0.0	0.10589	0.06287	0.0353
HG01052	1		PUR	AMR	2.0	train	1,3/6	1,3/6	0.93, 0.973	True	1.0	1.3077	1.26025	0.40806	0.02752	1.56108	1.47092	0.15184	0.06833	0.38434	0.0038	0.01993	0.0019	0.01708	0.00095	0.11103	0.03891	0.0	0.16228	0.10818	0.00474
HG01053			PUR	AMR	2.0	train	3/6,3/6	3/6,3/6	0.997	True	1.0	0.03136	0.023	0.22476	0.01673	2.3072	2.10126	0.05436	0.02195	0.28853	0.00523	0.01777	0.00105	0.02404	0.00105	0.07736	0.02509	0.0	0.11918	0.04182	0.00209
HG01054	2	2	PUR	AMR	2.0	train	2,2	2,2	0.996	True	1.0	0.01593	0.01703	13.01126	8.76024	0.10383	0.0	0.17745	0.03901	0.18129	0.00275	0.00439	0.00055	0.01648	0.0	0.02692	0.01318	0.0	0.11756	0.02967	0.05329
HG01055			PUR	AMR	2.0	train	3/6,3/6	3/6,3/6	0.996	True	1.0	0.02542	0.04614	0.30886	0.03296	2.48216	1.21754	0.06309	0.07345	0.28626	0.00282	0.00471	0.00094	0.01695	0.00188	0.10829	0.0226	0.0	0.09887	0.07062	0.00659
HG01056		2	PUR	AMR	2.0	train	2,3/6	2,3/6	0.981, 0.969	True	1.0	0.02156	0.02895	6.87446	4.62917	1.08353	0.45152	0.09917	0.10102	0.25009	0.00246	0.00493	0.00123	0.01109	0.0	0.0733	0.03265	0.00123	0.08501	0.03634	0.02033
HG01058								3/6,5	0.945, 0.993		1.0	0.032	0.04751	0.22109	0.0223	1.44482	0.57211	0.07273	0.01261	6.47066	2.76358	0.33648	0.0	0.04557	0.0	0.11539	0.00194	0.0	0.05236	0.07951	0.00485
HG01060	2	5	PUR	AMR	2.0	train	2,5	2,5	0.92, 0.979	True	1.0	0.02378	0.02243	1.61124	1.18923	0.17601	0.00068	0.1196	0.01223	5.05933	2.2276	0.44851	0.00068	0.07543	0.00068	0.09446	0.0034	0.0	0.01903	0.07951	0.02175
HG01061		2	PUR	AMR	2.0	train	2,3/6	2,3/6	0.985, 0.982	True	1.0	0.02002	0.04126	8.986	6.20362	1.0308	0.38526	0.1171	0.01699	0.25846	0.00182	0.02002	0.00061	0.01699	0.0	0.03519	0.02306	0.0	0.1262	0.00971	0.02184
HG01062	2	5	PUR	AMR	2.0	test	2,5	2,5	0.974, 0.97	True	1.0	0.01914	0.0198	8.73055	6.05382	0.1208	0.00066	0.0977	0.01254	4.20421	1.79945	0.39078	0.0033	0.06865	0.0	0.05677	0.0198	0.00066	0.06337	0.07195	0.02376
HG01063								1,3/6	0.943, 0.99		1.0	1.33761	1.32327	0.17124	0.02331	2.17407	0.97542	0.09593	0.03048	0.42764	0.0009	0.01524	0.0009	0.03227	0.0	0.06993	0.06186	0.0009	0.11565	0.12193	0.00448
HG01064								3/6,3/6	0.996		1.0	0.02844	0.04164	0.18993	0.02336	2.5209	1.19951	0.09547	0.00711	0.34127	0.00102	0.00711	0.00102	0.01016	0.0	0.08227	0.00813	0.0	0.12391	0.10055	0.00102
HG01066		1	PUR	AMR	2.0	test	1,3/6	1,3/6	0.98, 0.966	True	1.0	4.11088	4.02004	0.343	0.05349	0.97636	0.42196	0.09679	0.01783	0.56204	0.00594	0.00255	0.00085	0.01528	0.0	0.14178	0.02038	0.0017	0.13329	0.06622	0.01868
HG01067	4	4	PUR	AMR	2.0	train	4,4	4,4	0.982	True	1.0	0.03559	0.02002	0.38481	0.02298	0.23281	0.00074	2.34	1.33312	0.64061	0.00148	0.00519	0.00074	0.02669	0.0	0.07785	0.00445	0.00074	0.19352	0.05709	0.02373
HG01068	4	1	PUR	AMR	2.0	train	1,4	1,4	0.991, 0.894	True	1.0	3.34361	3.25677	0.25613	0.0368	0.17222	0.00294	1.22837	0.66902	0.66975	0.00221	0.01178	0.0	0.02282	0.00074	0.16118	0.03312	0.00074	0.13984	0.06477	0.02576
HG01069	2	2	PUR	AMR	2.0	test	2,2	2,2	0.977	True	1.0	0.01739	0.01664	9.99996	6.9444	0.06465	0.0	0.22873	0.02117	0.18185	0.00265	0.00416	0.00189	0.01134	0.0	0.05709	0.02646	0.00038	0.07977	0.03327	0.06654
HG01070		2	PUR	AMR	2.0	train	2,3/6	2,3/6	0.993, 0.991	True	1.0	0.01591	0.02863	7.68074	5.41875	1.00374	0.34518	0.15271	0.01432	0.17577	0.00159	0.00636	0.0	0.0167	0.0	0.05647	0.00875	0.00159	0.12646	0.07476	0.01511
HG01071	2	2	PUR	AMR	2.0	train	2,2	2,2	0.996	True	1.0	0.01915	0.02263	10.31181	7.57082	0.07369	0.0	0.21875	0.01044	0.14738	0.00058	0.01393	0.0	0.01683	0.0	0.03539	0.02379	0.00174	0.09284	0.01857	0.04468
HG01072			PUR	AMR	2.0	train	3/6,3/6	3/6,3/6	0.996	True	1.0	0.02804	0.03271	0.38503	0.02991	2.12046	1.32984	0.11308	0.0243	0.35232	0.00093	0.02897	0.00093	0.01589	0.00093	0.08224	0.03645	0.00093	0.11495	0.05607	0.01215
HG01073	4		PUR	AMR	2.0	train	3/6,4	3/6,4	0.983, 0.991	True	1.0	0.02995	0.04065	0.51773	0.01712	1.13922	0.58619	1.90084	0.85896	0.54447	0.00428	0.00535	0.0	0.01712	0.0	0.11874	0.00642	0.00107	0.12729	0.05135	0.00214
HG01074			PUR	AMR	2.0	train	3/6,3/6	3/6,3/6	0.995	True	1.0	0.0243	0.03149	0.18266	0.03059	1.70786	1.12658	0.09268	0.0072	0.21506	0.0027	0.0054	0.0009	0.0207	0.0009	0.09448	0.0144	0.0009	0.17457	0.07199	0.0027
HG01075	4	4	PUR	AMR	2.0	train	4,4	4,4	0.982	True	1.0	0.03871	0.02611	0.49514	0.0099	0.15575	0.0009	1.97337	1.25766	0.91917	0.0009	0.0081	0.0	0.0153	0.0	0.07382	0.0099	0.0	0.27638	0.0153	0.0072
HG01077								1,3/6	0.946, 0.96		1.0	3.83196	3.75177	0.27228	0.03341	1.89593	1.24781	0.08603	0.03424	0.30569	0.00084	0.02005	0.0	0.00835	0.0	0.09104	0.02756	0.00084	0.14282	0.0451	0.02673
HG01079	7		PUR	AMR	2.0	train	3/6,7	3/6,7	0.983, 0.936	True	1.0	0.04001	0.03239	0.26767	0.04382	1.27928	0.48199	0.11621	0.02858	0.21242	0.00953	8.49297	4.04645	0.03239	0.00095	0.05525	0.00762	0.0	0.04001	0.08668	0.00381
HG01080		1	PUR	AMR	2.0	test	1,3/6	1,3/6	0.919, 0.969	True	1.0	3.72839	3.53697	0.31472	0.03621	0.92175	0.24316	0.15693	0.00776	0.27506	0.00259	0.00517	0.00086	0.01207	0.0	0.14486	0.00604	0.00086	0.10433	0.0595	0.00431
HG01081	1		PUR	AMR	2.0	train	1,3/6	1,3/6	0.957, 0.991	True	1.0	3.7104	3.51148	0.20346	0.05631	1.28888	0.49411	0.09355	0.01907	0.3179	0.00272	0.01272	0.00182	0.01544	0.00091	0.12535	0.01272	0.0	0.12625	0.11626	0.00182
HG01082	2	4	PUR	AMR	2.0	train	2,4	2,4	0.972, 0.917	True	1.0	0.02148	0.02507	8.81232	5.92907	0.11244	0.00215	1.74957	0.656	0.37742	0.00215	0.00788	0.0	0.00716	0.00072	0.04225	0.02435	0.00143	0.0931	0.02793	0.00788
HG01083	2		PUR	AMR	2.0	train	2,3/6	2,3/6	0.968, 0.977	True	1.0	0.02923	0.02787	11.60532	7.58574	0.88236	0.52819	0.17742	0.00408	0.21413	0.00068	0.00952	0.01767	0.0102	0.00068	0.05098	0.01699	0.00068	0.10741	0.03467	0.01428
HG01084		4	PUR	AMR	2.0	train	3/6,4	3/6,4	0.939, 0.989	True	1.0	0.03543	0.03543	0.28697	0.0496	1.27422	0.70856	2.64292	0.93293	0.68376	0.00472	0.01535	0.0	0.02598	0.00118	0.11455	0.01417	0.0	0.10274	0.09802	0.0
HG01085			PUR	AMR	2.0	train	3/6,3/6	3/6,3/6	0.993	True	1.0	0.04754	0.04475	0.43487	0.05873	2.3673	1.05151	0.11326	0.13004	0.45584	0.0014	0.03356	0.0	0.02517	0.0014	0.12305	0.04475	0.0014	0.15381	0.05174	0.00979
HG01086			PUR	AMR	2.0	train	3/6,3/6	3/6,3/6	0.997	True	1.0	0.03837	0.0437	0.3144	0.02025	2.40864	1.59226	0.09059	0.01066	0.28776	0.00213	0.00853	0.0	0.01279	0.0	0.10551	0.00746	0.0	0.09592	0.05435	0.0032
HG01087			PUR	AMR	2.0	test	3/6,3/6	3/6,3/6	0.99	True	1.0	0.03468	0.04479	0.18638	0.0838	1.79732	1.05326	0.08958	0.03179	0.28462	0.00578	0.02745	0.0	0.03034	0.0	0.16037	0.02601	0.00144	0.13726	0.06502	0.00578
HG01088								5,7	0.816, 0.89		1.0	0.03861	0.02963	0.25144	0.06376	0.13111	0.0	0.08172	0.01796	5.50746	2.40665	8.30115	2.95084	0.07992	0.0	0.0889	0.00539	0.0	0.0018	0.10686	0.00449
HG01089								1,1	0.997		1.0	4.14499	3.55358	0.31512	0.02565	0.3503	0.00073	0.12752	0.04104	0.22645	0.00147	0.00366	0.00147	0.00879	0.0	0.4573	0.04104	0.0	0.11286	0.01099	0.02052
HG01092								1,3/6	0.978, 0.704		1.0	2.11971	1.83451	0.3036	0.03312	0.60905	0.1656	0.27784	0.02392	0.53177	0.0092	0.0092	0.0	0.0092	0.0	0.39561	0.05704	0.0	0.1196	0.0552	0.092
HG01094		5	PUR	AMR	2.0	train	3/6,5	3/6,5	0.996, 0.976	True	1.0	0.02357	0.03176	0.20389	0.04713	0.90368	0.55532	0.10861	0.00615	6.68436	2.94259	0.64446	0.00512	0.11475	0.0	0.14242	0.00615	0.0	0.06147	0.16906	0.00307
HG01095			PUR	AMR	2.0	train	3/6,3/6	3/6,3/6	0.997	True	1.0	0.0314	0.04106	0.29826	0.01811	2.9524	1.23771	0.09539	0.01691	0.35984	0.00242	0.00604	0.0	0.01328	0.0	0.10626	0.00966	0.0	0.13041	0.13283	0.00362
HG01096		5	PUR	AMR	2.0	train	3/6,5	3/6,5	1.0, 0.982	True	1.0	0.02789	0.02897	0.14484	0.0515	1.34	0.47206	0.08797	0.01824	6.66781	2.81089	0.61367	0.00322	0.12445	0.00215	0.12982	0.02038	0.0	0.04077	0.21243	0.0
HG01097	2		PUR	AMR	2.0	train	2,3/6	2,3/6	0.995, 0.942	True	1.0	0.0131	0.01693	13.38437	8.73271	0.74807	0.30141	0.1589	0.01201	0.17746	0.00164	0.00437	0.00055	0.01693	0.0	0.03167	0.01638	0.00055	0.1032	0.04696	0.02403
HG01098		2	PUR	AMR	2.0	train	2,3/6	3/6,3/6	0.985	False	1.0	0.04091	0.04219	0.35286	0.09461	1.75665	0.83102	0.19817	0.00895	0.41423	0.00256	0.01151	0.00128	0.01662	0.00128	0.12018	0.00256	0.00256	0.12146	0.08694	0.01406
HG01099	2		PUR	AMR	2.0	train	2,3/6	3/6,3/6	0.997	False	1.0	0.05211	0.0394	0.2453	0.0394	1.8061	0.81471	0.12583	0.01017	0.41816	0.00636	0.00127	0.00254	0.01398	0.00127	0.12329	0.01144	0.00508	0.06101	0.1271	0.00127
HG01100	2		PUR	AMR	2.0	test	2,3/6	2,3/6	0.988, 0.975	True	1.0	0.01806	0.02501	6.23919	5.0914	1.07553	0.4266	0.15563	0.0396	0.24734	0.00139	0.02362	0.0	0.0264	0.0	0.08129	0.04864	0.00278	0.1327	0.02501	0.02571
HG01101			PUR	AMR	2.0	train	3/6,3/6	3/6,3/6	0.995	True	1.0	0.02716	0.0279	0.33401	0.02276	1.65902	0.8875	0.10864	0.01248	0.20187	0.0044	0.01028	0.01468	0.01762	0.0	0.09176	0.00734	0.00073	0.11525	0.09763	0.0044
HG01102	1		PUR	AMR	2.0	test	1,3/6	1,3/6	0.979, 0.975	True	1.0	3.78812	3.66219	0.2111	0.0808	1.09771	0.52411	0.08298	0.01965	0.47097	0.00364	0.00291	0.00073	0.01165	0.00073	0.12447	0.02475	0.00073	0.10045	0.07061	0.01529
HG01103			PUR	AMR	2.0	train	3/6,3/6	3/6,3/6	0.997	True	1.0	0.02411	0.03839	0.22678	0.05535	2.03384	1.06067	0.10892	0.02053	0.25356	0.00446	0.00536	0.00089	0.01875	0.0	0.1	0.01071	0.00089	0.12499	0.10714	0.00357
HG01104	4		PUR	AMR	2.0	train	3/6,4	3/6,4	0.926, 0.992	True	1.0	0.03332	0.02962	0.30232	0.02098	1.48198	0.76505	1.21175	0.37883	0.47878	0.00494	0.0037	0.00247	0.01851	0.0	0.13203	0.0074	0.0037	0.11476	0.04936	0.00494
HG01105			PUR	AMR	2.0	train	3/6,3/6	3/6,3/6	0.996	True	1.0	0.03975	0.03726	0.33784	0.09108	2.43278	1.21391	0.11013	0.01076	0.24344	0.0	0.00662	0.0	0.01408	0.00166	0.10102	0.03975	0.00083	0.13414	0.07452	0.00662
HG01106			PUR	AMR	2.0	train	3/6,3/6	3/6,3/6	0.987	True	1.0	0.04357	0.04239	0.19901	0.03533	2.43403	1.23998	0.05299	0.02355	0.27202	0.00471	0.01295	0.0	0.01531	0.00236	0.16015	0.04828	0.0	0.09067	0.13778	0.00236
HG01107		2	PUR	AMR	2.0	train	2,3/6	2,3/6	0.943, 0.964	True	1.0	0.02319	0.03142	7.25439	5.32258	1.24498	1.00257	0.04414	0.02095	0.27009	0.00075	0.01422	0.0	0.13841	0.0	0.17208	0.02469	0.00075	0.10624	0.00299	0.00224
HG01108		1	PUR	AMR	2.0	train	1,3/6	1,3/6	0.987, 0.931	True	1.0	1.57735	1.39774	0.52638	0.04268	2.00859	0.48103	0.19828	0.01512	0.27119	0.00178	0.00622	0.00089	0.01778	0.00089	0.12004	0.06491	0.00178	0.16894	0.02579	0.02045
HG01109	1	2	PUR	AMR	2.0	train	1,2	1,2	0.984, 0.958	True	1.0	1.46346	1.31797	7.63075	5.49089	0.15091	0.0	0.10061	0.01006	0.23217	0.00155	0.00464	0.00077	0.1455	0.0	0.25075	0.06191	0.0	0.11454	0.01857	0.01548
HG01110		1	PUR	AMR	2.0	test	1,3/6	1,3/6	0.992, 0.952	True	1.0	2.34578	2.0157	0.39287	0.03044	1.16338	0.64495	0.16932	0.03139	0.27586	0.0019	0.00666	0.00095	0.01522	0.00095	0.29394	0.01807	0.00285	0.17313	0.05232	0.00951
HG01111	2		PUR	AMR	2.0	train	2,3/6	2,3/6	0.974, 0.981	True	1.0	0.02927	0.02718	9.96564	6.45557	0.73533	0.46629	0.1854	0.01045	0.23628	0.00279	0.00627	0.00139	0.02091	0.0	0.06482	0.0237	0.0	0.13034	0.03903	0.04321
HG01112	1		CLM	AMR	2.0	train	1,3/6	1,3/6	0.972, 0.906	True	1.0	4.11495	3.93064	0.25295	0.04796	0.45513	0.49274	0.09121	0.00658	0.45701	0.00094	0.00376	0.0	0.01599	0.0	0.08651	0.02069	0.00094	0.11942	0.07993	0.00564
HG01113	4		CLM	AMR	2.0	train	3/6,4	3/6,3/6	0.997	False	1.0	0.05062	0.05503	0.35106	0.01651	1.26779	0.77146	0.12656	0.05172	0.41379	0.0022	0.0044	0.0011	0.01211	0.0011	0.07814	0.0022	0.0	0.11886	0.09795	0.0011
HG01114			CLM	AMR	2.0	train	3/6,3/6	3/6,3/6	0.997	True	1.0	0.0393	0.04113	0.23489	0.01737	1.58758	1.21559	0.085	0.0128	0.23946	0.0	0.00823	0.00183	0.01097	0.0	0.05941	0.00457	0.0	0.09597	0.1243	0.00091
HG01119								3/6,3/6	0.992		1.0	0.03055	0.07355	0.25687	0.02037	3.10852	1.62838	0.07695	0.16635	0.37343	0.00226	0.03734	0.0	0.01245	0.00113	0.06563	0.04753	0.00113	0.12561	0.05205	0.00113
HG01121								3/6,3/6	0.996		1.0	0.03841	0.03747	0.21827	0.01218	1.98878	1.20282	0.09742	0.00375	0.26417	0.00468	0.00468	0.00094	0.00937	0.00094	0.08993	0.00468	0.0	0.10867	0.10586	0.00375
HG01122								3/6,3/6	0.996		1.0	0.03092	0.03164	0.31207	0.02589	2.76192	1.26627	0.07622	0.07191	0.36169	0.0036	0.03523	0.00072	0.0187	0.0	0.03955	0.0338	0.00216	0.14525	0.05393	0.00647
HG01124	4	1	CLM	AMR	2.0	train	1,4	1,1	0.976	False	1.0	1.20492	1.19677	0.40481	0.02989	0.31515	0.00136	0.11682	0.05841	0.69279	0.00272	0.00136	0.0	0.01766	0.0	0.06656	0.02581	0.00272	0.12362	0.12362	0.00408
HG01125	4	2	CLM	AMR	2.0	train	2,4	2,2	0.948	False	1.0	0.02919	0.03263	9.93089	6.72076	0.16313	0.0	0.16141	0.04207	0.37347	0.00258	0.00687	0.00086	0.01631	0.00086	0.02919	0.03177	0.00086	0.12792	0.03778	0.00601
HG01126	2	1	CLM	AMR	2.0	train	1,2	1,2	0.895, 0.934	True	1.0	0.8026	0.76466	9.30208	6.50081	0.1592	0.0	0.09156	0.00825	0.36377	0.00082	0.00165	0.00082	0.01402	0.00082	0.05857	0.04207	0.0	0.10641	0.07589	0.00247
HG01130								3/6,3/6	0.996		1.0	0.04664	0.02998	0.27541	0.02443	2.18999	1.16607	0.1266	0.00777	0.34871	0.00444	0.00666	0.00222	0.01333	0.0	0.09551	0.00555	0.00111	0.08884	0.09773	0.00222
HG01131								3/6,3/6	0.997		1.0	0.02719	0.029	0.25649	0.029	2.02201	1.36764	0.15136	0.01178	0.26918	0.00272	0.00181	0.0	0.00816	0.0	0.10151	0.01088	0.0	0.10876	0.08429	0.00634
HG01133			CLM	AMR	2.0	train	3/6,3/6	3/6,3/6	0.997	True	1.0	0.03222	0.03791	0.32504	0.01706	2.62594	1.37694	0.10803	0.08624	0.33357	0.0019	0.02274	0.0	0.01895	0.0	0.14973	0.01895	0.0	0.08624	0.05402	0.00569
HG01134		4	CLM	AMR	2.0	train	3/6,4	3/6,4	0.967, 0.956	True	1.0	0.03869	0.04476	0.40439	0.02959	1.55002	0.83532	2.00827	0.83532	0.58116	0.00303	0.0349	0.00076	0.01062	0.0	0.06525	0.0091	0.00076	0.1138	0.04021	0.01366
HG01135	4		CLM	AMR	2.0	train	3/6,4	3/6,4	0.983, 0.987	True	1.0	0.02933	0.03882	0.3796	0.01812	1.56242	0.6738	1.97395	0.8058	0.55388	0.00086	0.01898	0.00086	0.0138	0.0	0.08714	0.02847	0.00086	0.15961	0.03106	0.00259
HG01136			CLM	AMR	2.0	train	3/6,3/6	3/6,3/6	0.997	True	1.0	0.02833	0.02067	0.24656	0.01072	3.04757	1.87448	0.09035	0.04288	0.23354	0.00459	0.01991	0.0	0.00842	0.0	0.05666	0.02374	0.00153	0.09495	0.06738	0.00536
HG01137	5		CLM	AMR	2.0	train	3/6,5	3/6,5	0.99, 0.966	True	1.0	0.0178	0.02034	0.23648	0.02797	1.24978	0.56704	0.06929	0.02479	7.20307	2.87017	0.78254	0.00636	0.06548	0.00127	0.09853	0.04386	0.00127	0.06484	0.089	0.00254
HG01138			CLM	AMR	2.0	test	3/6,3/6	3/6,3/6	0.996	True	1.0	0.02573	0.03056	0.19299	0.01769	2.35051	1.20461	0.07559	0.02412	0.2525	0.00241	0.0185	0.0008	0.02171	0.0008	0.07559	0.04825	0.0	0.13751	0.06192	0.0
HG01139		2	CLM	AMR	2.0	train	2,3/6	2,3/6	0.995, 0.992	True	1.0	0.02296	0.0236	6.53775	4.68695	1.34569	0.58547	0.13138	0.02679	0.2347	0.00064	0.0102	0.00064	0.01212	0.0	0.0574	0.02296	0.0	0.08482	0.02424	0.02487
HG01140	2	1	CLM	AMR	2.0	train	1,2	1,2	0.98, 0.96	True	1.0	2.78664	2.63725	6.37648	4.62291	0.12624	0.00221	0.14002	0.00937	0.28721	0.00386	0.0204	0.0	0.01047	0.0011	0.12514	0.01544	0.0011	0.11191	0.04134	0.03528
HG01141	1	2	CLM	AMR	2.0	train	1,2	1,2	0.985, 0.975	True	1.0	2.73062	2.60989	6.49193	4.77805	0.11933	0.00419	0.12631	0.0335	0.26308	0.0007	0.03629	0.0007	0.03559	0.0	0.18911	0.04187	0.0007	0.12352	0.07606	0.02093
HG01142								2,2	0.979		1.0	0.01855	0.02968	11.99991	7.92721	0.17736	0.00074	0.14026	0.0423	0.4282	0.00223	0.00445	0.0	0.01336	0.00074	0.05121	0.02301	0.00074	0.09722	0.02226	0.05046
HG01148	1		CLM	AMR	2.0	test	1,3/6	1,3/6	0.949, 0.909	True	1.0	4.39892	4.08019	0.23152	0.07683	0.67069	0.1412	0.1142	0.01142	0.4184	0.00415	0.00415	0.00208	0.01038	0.0	0.1765	0.01142	0.00104	0.12355	0.03322	0.00623
HG01149	2		CLM	AMR	2.0	train	2,3/6	2,3/6	0.995, 0.988	True	1.0	0.02244	0.02456	4.52831	2.61011	0.9464	0.63559	0.16472	0.00762	0.18293	0.00423	0.04361	0.00085	0.01778	0.00042	0.05759	0.0199	0.00169	0.11306	0.11179	0.01101
HG01150			CLM	AMR	2.0	test	3/6,3/6	3/6,3/6	0.997	True	1.0	0.03506	0.02604	0.20032	0.03706	1.79289	1.02365	0.07412	0.01703	0.27845	0.00401	0.01803	0.0	0.02103	0.0	0.11519	0.01102	0.0	0.10417	0.1272	0.003
HG01161								1,1	0.931		1.0	7.32647	7.00965	0.24466	0.04488	0.09241	0.00176	0.11265	0.00968	0.50603	0.00528	0.00352	0.00088	0.01144	0.0	0.11441	0.00704	0.0	0.12321	0.01848	0.0044
HG01162								1,2	0.948, 0.959		1.0	2.89448	2.75691	6.70656	4.28257	0.07429	0.0	0.12588	0.03027	0.3625	0.0	0.00963	0.00206	0.02614	0.0	0.06672	0.03439	0.00069	0.12588	0.10593	0.02889
HG01164								3/6,3/6	0.993		1.0	0.03853	0.03083	0.48263	0.0472	3.06819	1.32843	0.10115	0.0867	0.47588	0.00289	0.0289	0.00385	0.02119	0.0	0.07707	0.07032	0.00385	0.20423	0.02986	0.00674
HG01167			PUR	AMR	2.0	test	3/6,3/6	3/6,3/6	0.996	True	1.0	0.03628	0.02931	0.24422	0.01884	2.75967	1.39972	0.07396	0.01954	0.38028	0.0	0.0321	0.0007	0.01465	0.0	0.10048	0.03628	0.0007	0.13188	0.05443	0.00209
HG01168			PUR	AMR	2.0	train	3/6,3/6	3/6,3/6	0.996	True	1.0	0.02853	0.03057	0.23948	0.02038	2.8004	1.57853	0.07235	0.03057	0.41986	0.00611	0.02548	0.0	0.01019	0.0	0.07032	0.04076	0.0	0.10598	0.03771	0.00408
HG01169			PUR	AMR	2.0	train	3/6,3/6	3/6,3/6	0.99	True	1.0	0.04456	0.04704	0.24508	0.05199	2.59565	1.42841	0.11635	0.04085	0.32925	0.00743	0.02971	0.00248	0.04208	0.0	0.1572	0.04208	0.0	0.17205	0.10645	0.00495
HG01170	1	1	PUR	AMR	2.0	train	1,1	1,1	0.974	True	1.0	6.5086	6.21844	0.25555	0.08696	0.10116	0.00266	0.12511	0.03461	0.46496	0.00177	0.00976	0.0	0.01065	0.00089	0.15617	0.00266	0.00089	0.10737	0.05147	0.00266
HG01171		1	PUR	AMR	2.0	test	1,3/6	1,3/6	0.987, 0.948	True	1.0	0.64029	0.62629	0.26941	0.03382	1.46484	0.60646	0.16328	0.17378	0.26125	0.0035	0.00467	0.014	0.0105	0.00117	0.34055	0.08164	0.00117	0.06648	0.02099	0.00233
HG01172	1	1	PUR	AMR	2.0	train	1,1	1,1	0.996	True	1.0	4.07054	3.84536	0.20028	0.07037	0.14182	0.00217	0.12342	0.17646	0.47093	0.00217	0.00758	0.00866	0.02057	0.0	0.29771	0.06712	0.0	0.14723	0.07037	0.00758
HG01173			PUR	AMR	2.0	train	3/6,3/6	3/6,3/6	0.997	True	1.0	0.02645	0.03358	0.23402	0.01221	2.43684	1.41123	0.08343	0.02544	0.38766	0.00814	0.01526	0.0	0.01017	0.0	0.06512	0.00407	0.00102	0.14143	0.03256	0.0061
HG01174			PUR	AMR	2.0	test	3/6,3/6	3/6,3/6	0.996	True	1.0	0.02939	0.02498	0.23662	0.0147	2.78794	1.31461	0.07789	0.02425	0.29981	0.00073	0.02058	0.0	0.03307	0.0	0.09185	0.02719	0.00073	0.15799	0.11169	0.00073
HG01175			PUR	AMR	2.0	train	3/6,3/6	3/6,3/6	0.997	True	1.0	0.02582	0.01979	0.25557	0.01463	1.83117	1.14706	0.074	0.01635	0.20308	0.00516	0.00688	0.0	0.01635	0.00086	0.07056	0.01119	0.00086	0.14198	0.09466	0.00172
HG01176			PUR	AMR	2.0	train	3/6,3/6	3/6,3/6	0.997	True	1.0	0.02394	0.02793	0.27412	0.02052	1.67324	1.0207	0.15159	0.00912	0.17553	0.00171	0.00684	0.0	0.01254	0.0	0.07409	0.00627	0.00114	0.10315	0.09061	0.00228
HG01177			PUR	AMR	2.0	test	3/6,3/6	3/6,3/6	0.996	True	1.0	0.03453	0.03859	0.30062	0.06906	2.13278	1.32436	0.13508	0.00812	0.25898	0.00305	0.00406	0.0	0.02742	0.00203	0.09039	0.01219	0.00203	0.10664	0.12289	0.00305
HG01178			PUR	AMR	2.0	test	3/6,3/6	3/6,3/6	0.997	True	1.0	0.04297	0.04401	0.24522	0.06078	1.86641	1.06787	0.08069	0.01467	0.26408	0.0021	0.00734	0.00105	0.02515	0.00105	0.09851	0.00524	0.0	0.12995	0.11108	0.00524
HG01182	1		PUR	AMR	2.0	train	1,3/6	1,3/6	0.997, 0.92	True	1.0	1.82507	1.52561	0.26923	0.02456	1.67298	0.57907	0.13131	0.07085	0.46949	0.00378	0.01795	0.0	0.0085	0.00189	0.32496	0.12753	0.00189	0.09824	0.0359	0.06235
HG01183		2	PUR	AMR	2.0	train	2,3/6	2,3/6	0.995, 0.993	True	1.0	0.02537	0.02347	7.88103	5.49865	0.84677	0.41419	0.16745	0.00951	0.1795	0.0	0.00698	0.0	0.01205	0.00063	0.05899	0.01903	0.00127	0.1091	0.01649	0.03108
HG01184	2		PUR	AMR	2.0	test	2,3/6	2,3/6	0.994, 0.979	True	1.0	0.02091	0.01812	7.20066	5.08996	1.11251	0.42381	0.15126	0.06204	0.27046	0.00418	0.02719	0.0007	0.02021	0.0	0.05437	0.05577	0.00209	0.10317	0.03625	0.02649
HG01187	1	2	PUR	AMR	2.0	train	1,2	1,2	0.971, 0.938	True	1.0	2.06986	1.96535	9.28271	5.87516	0.17705	0.00184	0.17643	0.01291	0.2668	0.00615	0.00799	0.00861	0.0209	0.00123	0.07561	0.02398	0.0	0.19119	0.0332	0.03566
HG01188	1		PUR	AMR	2.0	train	1,3/6	1,3/6	0.916, 0.991	True	1.0	4.11301	4.03492	0.27988	0.01927	0.89947	0.47762	0.09431	0.01115	0.34478	0.00608	0.00507	0.00101	0.01014	0.00101	0.12473	0.00507	0.00101	0.09634	0.05172	0.0
HG01189		2	PUR	AMR	2.0	train	2,3/6	2,3/6	0.995, 0.992	True	1.0	0.01565	0.02609	9.44136	6.11859	0.6026	0.29021	0.10956	0.01174	0.21065	0.0	0.00587	0.00065	0.01565	0.0	0.04891	0.03	0.0	0.10304	0.03652	0.03
HG01190	1	1	PUR	AMR	2.0	train	1,1	1,1	0.997	True	1.0	4.45893	3.82523	0.37164	0.01588	0.33909	0.00159	0.12785	0.11435	0.20806	0.00318	0.00556	0.0	0.01191	0.0	0.432	0.02859	0.00079	0.08894	0.02224	0.01588
HG01191	2		PUR	AMR	2.0	test	2,3/6	2,3/6	0.993, 0.937	True	1.0	0.01868	0.01717	13.38333	8.88956	0.78018	0.36308	0.20148	0.00959	0.21966	0.00454	0.00606	0.00808	0.01161	0.0	0.04141	0.01717	0.00202	0.15452	0.04393	0.0303
HG01192		1	PUR	AMR	2.0	train	1,3/6	1,3/6	0.997, 0.96	True	1.0	2.46671	2.06762	0.23337	0.05524	1.31566	0.71025	0.13303	0.05299	0.28523	0.00113	0.02593	0.0	0.02931	0.00113	0.27057	0.05299	0.00113	0.14431	0.06088	0.00676
HG01197			PUR	AMR	2.0	test	3/6,3/6	3/6,3/6	0.996	True	1.0	0.0308	0.02717	0.30615	0.05253	1.94832	1.21374	0.13043	0.00725	0.24999	0.00725	0.00362	0.00181	0.01359	0.0	0.06793	0.00453	0.0	0.11684	0.12862	0.00362
HG01198			PUR	AMR	2.0	train	3/6,3/6	3/6,3/6	0.996	True	1.0	0.02498	0.03748	0.21326	0.01428	2.06928	1.07613	0.12403	0.00714	0.26145	0.00446	0.00446	0.0	0.01249	0.0	0.07317	0.00357	0.00089	0.13652	0.03391	0.00357
HG01199			PUR	AMR	2.0	train	3/6,3/6	3/6,3/6	0.996	True	1.0	0.03835	0.03933	0.2006	0.06883	1.99715	1.20852	0.06982	0.0295	0.28025	0.0	0.01868	0.0	0.01278	0.00197	0.08162	0.01868	0.0	0.09047	0.07768	0.0059
HG01200								3/6,3/6	0.996		1.0	0.03385	0.02901	0.23499	0.02418	3.33333	2.15743	0.08026	0.03965	0.29011	0.0029	0.02127	0.0	0.01064	0.00097	0.08316	0.04738	0.0	0.13442	0.07349	0.0087
HG01204			PUR	AMR	2.0	train	3/6,3/6	3/6,3/6	0.997	True	1.0	0.0349	0.05817	0.25701	0.01798	2.88742	1.07036	0.09519	0.01269	0.20624	0.0	0.00529	0.00212	0.01692	0.0	0.10154	0.0074	0.0	0.10788	0.11211	0.00212
HG01205		1	PUR	AMR	2.0	train	1,3/6	1,3/6	0.992, 0.953	True	1.0	2.33589	2.23483	0.18461	0.06064	0.96077	0.63602	0.08085	0.03706	0.33553	0.00202	0.0027	0.0	0.01011	0.0	0.17585	0.01954	0.0	0.10713	0.15159	0.02493
HG01206	1		PUR	AMR	2.0	train	1,3/6	1,3/6	0.997, 0.946	True	1.0	2.73468	2.63266	0.22312	0.09917	1.3969	0.51681	0.10203	0.0801	0.4081	0.00381	0.02098	0.00191	0.03528	0.00381	0.17259	0.04863	0.00286	0.13635	0.13349	0.03051
HG01241			PUR	AMR	2.0	train	3/6,3/6	3/6,3/6	0.992	True	1.0	0.05472	0.04202	0.6019	0.10357	3.09746	1.42952	0.1026	0.03322	0.37717	0.00391	0.03127	0.00098	0.0342	0.00098	0.09576	0.00489	0.00195	0.17295	0.04983	0.02541
HG01242	1	1	PUR	AMR	2.0	train	1,1	1,1	0.996	True	1.0	5.57959	5.0934	0.24644	0.05286	0.15486	0.00074	0.12732	0.06031	0.52713	0.00074	0.0067	0.00074	0.00968	0.0	0.33058	0.05063	0.0	0.14667	0.02904	0.00819
HG01243	1		PUR	AMR	2.0	train	1,3/6	1,3/6	0.997, 0.941	True	1.0	1.79695	1.45452	0.20395	0.05797	1.69175	0.83943	0.13203	0.11056	0.44548	0.00107	0.03435	0.0	0.04831	0.00107	0.45299	0.06011	0.00215	0.17819	0.04831	0.02469
HG01247			PUR	AMR	2.0	test	3/6,3/6	3/6,3/6	0.996	True	1.0	0.0299	0.04124	0.39382	0.03402	2.7681	1.10312	0.08969	0.06289	0.32784	0.00206	0.02371	0.0	0.01856	0.0	0.07938	0.02165	0.00412	0.10722	0.04021	0.00206
HG01248	5	2	PUR	AMR	2.0	test	2,5	2,5	0.975, 0.934	True	1.0	0.02123	0.02943	6.18317	5.05983	0.05742	0.00048	0.16937	0.00772	4.27089	1.7651	0.31413	0.0	0.1076	0.0	0.06273	0.03474	0.00097	0.07431	0.06128	0.03378
HG01249		1	PUR	AMR	2.0	train	1,3/6	1,3/6	0.997, 0.966	True	1.0	2.4547	2.13875	0.24547	0.06684	1.23464	0.71818	0.14339	0.04861	0.28193	0.00729	0.03646	0.0	0.03889	0.0	0.34269	0.03281	0.00243	0.12517	0.11909	0.00243
HG01250			CLM	AMR	2.0	train	3/6,3/6	3/6,3/6	0.996	True	1.0	0.03497	0.04512	0.25494	0.0361	2.61484	1.32998	0.07671	0.13085	0.48506	0.00451	0.02707	0.0	0.01692	0.0	0.11168	0.03835	0.0	0.10153	0.0564	0.00338
HG01251	1		CLM	AMR	2.0	train	1,3/6	1,3/6	0.957, 0.991	True	1.0	3.69657	3.58972	0.26574	0.01187	1.45288	0.56709	0.08584	0.03927	0.46298	0.00183	0.01278	0.0	0.0137	0.0	0.08858	0.021	0.00091	0.10228	0.01826	0.00548
HG01252			CLM	AMR	2.0	test	3/6,3/6	3/6,3/6	0.996	True	1.0	0.02986	0.02794	0.19555	0.01734	2.494	1.15212	0.07032	0.05106	0.33908	0.00289	0.0289	0.00096	0.02216	0.0	0.07417	0.03275	0.0	0.11078	0.03853	0.00193
HG01253	5		CLM	AMR	2.0	train	3/6,5	3/6,5	1.0, 0.966	True	1.0	0.02199	0.03013	0.23696	0.02443	1.574	0.63758	0.09446	0.06026	5.74148	2.38095	0.49264	0.00081	0.16041	0.0	0.1026	0.00814	0.0	0.05293	0.12296	0.00244
HG01254	2		CLM	AMR	2.0	train	2,3/6	2,3/6	0.992, 0.98	True	1.0	0.01869	0.01051	10.0021	6.49188	0.65006	0.47952	0.14076	0.00701	0.21377	0.00117	0.00584	0.00234	0.0146	0.00117	0.05315	0.03621	0.00058	0.14076	0.04205	0.03037
HG01255			CLM	AMR	2.0	train	3/6,3/6	3/6,3/6	0.997	True	1.0	0.02915	0.03692	0.34103	0.03109	2.55531	1.45449	0.07773	0.08744	0.3935	0.00291	0.02332	0.0	0.01749	0.0	0.09133	0.02332	0.00194	0.22833	0.0787	0.00583
HG01256			CLM	AMR	2.0	train	3/6,3/6	3/6,3/6	0.996	True	1.0	0.02359	0.03685	0.22332	0.01769	2.80957	1.38783	0.05233	0.05233	0.31987	0.00074	0.03243	0.0	0.00663	0.00147	0.06191	0.0457	0.00147	0.14593	0.01843	0.00295
HG01257	1		CLM	AMR	2.0	train	1,3/6	1,3/6	0.986, 0.985	True	1.0	1.73154	1.52096	0.2161	0.01471	1.71867	0.55082	0.10207	0.05333	0.33288	0.00736	0.01655	0.00184	0.01195	0.0	0.23817	0.04414	0.0	0.08	0.02667	0.00644
HG01258			CLM	AMR	2.0	train	3/6,3/6	3/6,3/6	0.996	True	1.0	0.02715	0.02365	0.20759	0.02803	3.10335	1.19824	0.04204	0.10161	0.3635	0.00263	0.03328	0.0	0.02015	0.0	0.07445	0.04555	0.00175	0.1165	0.03504	0.00175
HG01259			CLM	AMR	2.0	train	3/6,3/6	3/6,3/6	0.997	True	1.0	0.02533	0.02446	0.33546	0.02446	3.10649	1.3925	0.10134	0.14764	0.40797	0.00699	0.02883	0.0	0.01223	0.0	0.07076	0.01922	0.00262	0.16161	0.03407	0.00524
HG01260		1	CLM	AMR	2.0	train	1,3/6	1,3/6	0.996, 0.943	True	1.0	0.69541	0.645	0.21809	0.01955	1.43917	0.60077	0.19237	0.06069	0.43	0.00206	0.00823	0.01234	0.01132	0.00103	0.28907	0.05658	0.0	0.05349	0.08744	0.03189
HG01261	1		CLM	AMR	2.0	train	1,3/6	1,3/6	0.998, 0.943	True	1.0	0.60091	0.58936	0.16178	0.02793	1.92408	0.89463	0.13289	0.11556	0.41698	0.00193	0.02793	0.0	0.01156	0.0	0.22727	0.078	0.00289	0.12519	0.04526	0.04237
HG01269								2,5	0.96, 0.94		1.0	0.02182	0.01746	8.75128	5.65753	0.13031	0.0	0.14527	0.00998	4.24595	1.90413	0.34915	0.00374	0.0929	0.0	0.0611	0.01309	0.0	0.05736	0.04115	0.03679
HG01271		5	CLM	AMR	2.0	train	3/6,5	3/6,5	0.989, 0.975	True	1.0	0.01507	0.03173	0.20309	0.03332	0.71162	0.3332	0.11265	0.00952	6.09991	2.2364	0.85204	0.00317	0.08171	0.00079	0.14518	0.00476	0.0	0.03729	0.13328	0.00476
HG01272	1		CLM	AMR	2.0	train	1,3/6	1,3/6	0.942, 0.991	True	1.0	4.5884	4.50074	0.19912	0.02273	1.17956	0.67744	0.10497	0.00758	0.41339	0.00433	0.00216	0.0	0.00325	0.0	0.14393	0.00758	0.0	0.1093	0.05735	0.00216
HG01273		5	CLM	AMR	2.0	train	3/6,5	3/6,5	1.0, 0.978	True	1.0	0.01713	0.02366	0.19417	0.04813	0.8868	0.48215	0.10606	0.01958	6.01831	2.27288	0.87864	0.00979	0.09464	0.0	0.12564	0.01142	0.0	0.03426	0.10198	0.00245
HG01274	1	2	CLM	AMR	2.0	train	1,2	1,2	0.965, 0.97	True	1.0	3.40869	3.281	6.02254	4.39051	0.05929	0.00195	0.13095	0.01303	0.37722	0.00261	0.01433	0.0	0.01303	0.0	0.08339	0.03127	0.00065	0.1062	0.03648	0.01498
HG01275			CLM	AMR	2.0	test	3/6,3/6	3/6,3/6	0.992	True	1.0	0.01827	0.02741	0.28015	0.01599	2.05163	1.09166	0.0944	0.11115	0.24741	0.00305	0.01446	0.00152	0.01599	0.0	0.10582	0.04035	0.00076	0.12333	0.17129	0.00457
HG01276		2	CLM	AMR	2.0	train	2,3/6	2,3/6	0.979, 0.974	True	1.0	0.02334	0.01867	6.01763	4.37337	1.07084	0.44007	0.12135	0.10868	0.2147	0.00267	0.03667	0.0	0.03201	0.0	0.08668	0.06001	0.00133	0.14469	0.05001	0.028
HG01277		1	CLM	AMR	2.0	train	1,3/6	1,3/6	0.974, 0.986	True	1.0	4.83093	4.5978	0.22315	0.03997	0.97251	0.48293	0.1174	0.01166	0.35886	0.00167	0.0025	0.00083	0.00999	0.00083	0.10907	0.01998	0.00083	0.11157	0.07161	0.00583
HG01278		2	CLM	AMR	2.0	train	2,3/6	2,3/6	0.995, 0.992	True	1.0	0.02093	0.02542	7.721	5.47677	0.92326	0.46499	0.12186	0.0157	0.22353	0.0	0.02691	0.0	0.0157	0.0015	0.06055	0.02168	0.00075	0.10616	0.04785	0.02766
HG01279	2	1	CLM	AMR	2.0	train	1,2	1,2	0.971, 0.923	True	1.0	3.50647	3.35916	5.99594	4.35396	0.17135	0.00185	0.14238	0.0265	0.27613	0.00123	0.02712	0.00062	0.03205	0.00062	0.0943	0.04376	0.00062	0.12389	0.06164	0.0265
HG01280								3/6,3/6	0.996		1.0	0.03393	0.0348	0.23489	0.01566	2.19402	1.18313	0.11222	0.0087	0.30535	0.00348	0.00435	0.00174	0.01392	0.0	0.09656	0.00522	0.0	0.107	0.17486	0.00435
HG01281								3/6,3/6	0.997		1.0	0.02563	0.0302	0.24163	0.03661	2.15909	1.15048	0.15285	0.03478	0.26542	0.00549	0.00824	0.00183	0.0119	0.0	0.10251	0.00549	0.0	0.12905	0.11441	0.00641
HG01284								2,3/6	0.946, 0.872		1.0	0.02439	0.02571	4.00425	2.30669	1.38243	0.78054	0.11075	0.03033	0.23535	0.00264	0.08043	0.00132	0.00461	0.0	0.01978	0.03033	0.00066	0.09229	0.07515	0.01121
HG01286								3/6,3/6	0.994		1.0	0.03555	0.04516	0.28346	0.01826	2.481	1.37694	0.14702	0.0048	0.29403	0.0048	0.00384	0.00192	0.0048	0.0	0.15278	0.00769	0.0	0.10954	0.08936	0.00673
HG01302								2,3/6	0.994, 0.86		1.0	0.01908	0.02146	8.40925	5.72566	0.45468	0.22973	0.19475	0.01113	0.23132	0.00397	0.00874	0.0	0.01908	0.00159	0.06836	0.02067	0.00079	0.11129	0.031	0.04054
HG01303								3/6,3/6	0.982		1.0	0.02948	0.02948	0.4334	0.01867	3.54093	1.38767	0.18967	0.02555	0.41178	0.00295	0.01966	0.00098	0.03931	0.00197	0.10024	0.02948	0.00098	0.20049	0.12678	0.01278
HG01305								2,3/6	0.977, 0.989		1.0	0.01605	0.02592	6.88087	4.73681	1.36766	0.58014	0.10615	0.04752	0.19256	0.00185	0.01543	0.0	0.01975	0.0	0.03826	0.04629	0.00247	0.16602	0.03703	0.05123
HG01308								1,3/6	0.918, 0.953		1.0	3.65816	3.44202	0.45727	0.04995	1.24404	0.5322	0.17676	0.00769	0.36024	0.00192	0.01441	0.00096	0.02113	0.0	0.14314	0.00672	0.00192	0.18637	0.06148	0.01345
HG01311								1,11	0.95, 0.94		1.0	3.72663	3.62795	0.2799	0.01525	0.16238	0.0009	0.10227	0.01615	0.3741	0.00269	0.1247	0.0	0.00807	0.0009	0.09061	0.00538	1.3394	1.73772	0.0314	0.01884
HG01312								3/6,3/6	0.997		1.0	0.03338	0.03894	0.29487	0.03783	2.75951	1.42538	0.11572	0.01113	0.22699	0.00223	0.02559	0.00223	0.01669	0.00223	0.11016	0.00111	0.0	0.13464	0.07121	0.00668
HG01323								2,3/6	0.982, 0.991		1.0	0.01927	0.02193	9.63311	6.55697	0.79678	0.3954	0.11496	0.00665	0.18607	0.01063	0.00465	0.00066	0.01396	0.0	0.07111	0.01528	0.00066	0.08041	0.04253	0.0206
HG01325								1,3/6	0.982, 0.979		1.0	3.5212	3.25444	0.26151	0.06122	1.78247	0.81164	0.08046	0.02449	0.43031	0.0035	0.02099	0.0	0.01224	0.0	0.10233	0.02886	0.00175	0.18367	0.06297	0.01662
HG01326								3/6,5	0.973, 0.989		1.0	0.03039	0.0466	0.2188	0.03951	1.24087	0.70299	0.12257	0.0081	4.04271	1.31684	0.60372	0.0	0.11953	0.0	0.13675	0.00608	0.0	0.06179	0.07395	0.00203
HG01334								2,3/6	0.989, 0.958		1.0	0.02339	0.01433	5.73737	4.62309	0.93775	0.43304	0.17427	0.00981	0.17201	0.00151	0.00302	0.00075	0.0083	0.0	0.10637	0.02716	0.0	0.05809	0.05281	0.03546
HG01341		5	CLM	AMR	2.0	train	3/6,5	3/6,5	0.911, 0.976	True	1.0	0.02851	0.03564	0.30171	0.02138	0.99304	0.61926	0.11087	0.01029	2.00746	0.60422	0.50444	0.00317	0.12116	0.0	0.10057	0.02851	0.00079	0.05306	0.12829	0.00871
HG01342	1	2	CLM	AMR	2.0	train	1,2	1,2	0.976, 0.96	True	1.0	3.28482	3.14731	8.04981	5.49813	0.09734	0.00155	0.1182	0.01777	0.42489	0.00232	0.00695	0.0	0.02781	0.0	0.13983	0.02472	0.00077	0.10352	0.05099	0.0224
HG01343	2	5	CLM	AMR	2.0	train	2,5	2,5	0.942, 0.96	True	1.0	0.02625	0.02456	8.34131	5.68394	0.10839	0.0	0.11602	0.02202	2.22209	0.67154	0.5225	0.00085	0.12872	0.0	0.11686	0.02964	0.0	0.0525	0.09908	0.00339
HG01344		5	CLM	AMR	2.0	test	3/6,5	3/6,5	0.99, 0.975	True	1.0	0.04181	0.0228	0.19534	0.0266	0.92427	0.70917	0.11477	0.0076	5.86183	2.4931	0.45758	0.0038	0.10641	0.00076	0.08285	0.00532	0.0	0.04941	0.1771	0.00152
HG01345		1	CLM	AMR	2.0	test	1,3/6	1,3/6	0.963, 0.988	True	1.0	4.31564	4.1278	0.22888	0.04499	0.66297	0.35516	0.0955	0.00789	0.47908	0.00395	0.00237	0.00079	0.015	0.0	0.08682	0.03078	0.00079	0.08997	0.08603	0.00552
HG01346	1	5	CLM	AMR	2.0	train	1,5	1,5	0.987, 0.98	True	1.0	4.10343	3.91919	0.15313	0.04068	0.11166	0.0008	0.10847	0.01755	5.25669	2.01622	0.41393	0.00239	0.0965	0.0008	0.11325	0.03589	0.0	0.07976	0.10528	0.00319
HG01347	2		CLM	AMR	2.0	test	2,3/6	2,3/6	0.934, 0.993	True	1.0	0.02471	0.04612	5.75236	3.4445	0.88295	0.41841	0.11778	0.02553	0.19026	0.00247	0.03295	0.0	0.02059	0.00082	0.0733	0.01647	0.0	0.1845	0.10213	0.01977
HG01348			CLM	AMR	2.0	train	3/6,3/6	3/6,3/6	0.993	True	1.0	0.02153	0.02845	0.27524	0.02691	2.47105	1.48232	0.10918	0.06689	0.32753	0.00538	0.02076	0.00077	0.01845	0.00154	0.08765	0.00615	0.00154	0.11302	0.08842	0.00308
HG01349			CLM	AMR	2.0	train	3/6,3/6	3/6,3/6	0.997	True	1.0	0.03181	0.03181	0.25631	0.03545	2.47496	1.20612	0.05817	0.07817	0.26267	0.00182	0.02	0.0	0.01454	0.0	0.08362	0.00909	0.0	0.14724	0.11907	0.0
HG01350			CLM	AMR	2.0	test	3/6,3/6	3/6,3/6	0.997	True	1.0	0.02846	0.02428	0.24193	0.01172	2.35231	1.31512	0.09125	0.07116	0.30304	0.00084	0.01674	0.00084	0.00921	0.0	0.06781	0.00921	0.00167	0.10129	0.08288	0.00167
HG01351	1		CLM	AMR	2.0	train	1,3/6	1,3/6	0.977, 0.961	True	1.0	4.65241	4.42595	0.42152	0.06199	1.03727	0.45127	0.17853	0.00661	0.343	0.00248	0.00661	0.00165	0.0281	0.0	0.11406	0.0248	0.0	0.26614	0.06943	0.00909
HG01352			CLM	AMR	2.0	test	3/6,3/6	3/6,3/6	0.988	True	1.0	0.03729	0.02355	0.26886	0.01962	2.7808	1.2491	0.08635	0.07752	0.37287	0.00491	0.02061	0.0	0.02159	0.0	0.07457	0.00687	0.00098	0.20704	0.07065	0.00785
HG01353		2	CLM	AMR	2.0	train	2,3/6	2,3/6	0.963, 0.993	True	1.0	0.02691	0.03317	6.31908	3.66151	1.17607	0.44501	0.14333	0.02253	0.25662	0.00939	0.02316	0.00063	0.01064	0.00063	0.05633	0.0169	0.0	0.11329	0.12768	0.02316
HG01354		2	CLM	AMR	2.0	test	2,3/6	2,3/6	0.972, 0.946	True	1.0	0.02309	0.02229	8.15998	5.32509	0.64961	0.37576	0.22768	0.02548	0.32481	0.00239	0.00876	0.0	0.01672	0.0	0.06528	0.03344	0.0	0.13693	0.04299	0.03582
HG01355	2	2	CLM	AMR	2.0	train	2,2	2,2	0.997	True	1.0	0.02041	0.019	11.01478	7.13441	0.09852	0.0007	0.16819	0.03378	0.21816	0.00141	0.03519	0.0	0.02252	0.0007	0.03308	0.04082	0.00141	0.10978	0.06685	0.02815
HG01356			CLM	AMR	2.0	train	3/6,3/6	3/6,3/6	0.997	True	1.0	0.03588	0.02413	0.28148	0.01794	2.3768	1.18964	0.08228	0.09527	0.26973	0.00186	0.0433	0.0	0.01608	0.0	0.08104	0.04207	0.0	0.14724	0.03341	0.0068
HG01357		1	CLM	AMR	2.0	train	1,3/6	1,3/6	0.98, 0.954	True	1.0	3.98527	3.78584	0.52464	0.04303	0.82337	0.52547	0.18536	0.01407	0.41458	0.00579	0.01159	0.00166	0.02069	0.0	0.10261	0.03558	0.0	0.20605	0.07365	0.01159
HG01358	1		CLM	AMR	2.0	train	1,3/6	1,3/6	0.959, 0.993	True	1.0	3.61135	3.45027	0.24223	0.03135	1.2628	0.69473	0.06087	0.02582	0.45803	0.00369	0.02213	0.0	0.01353	0.00061	0.09529	0.03627	0.00061	0.13833	0.03689	0.00184
HG01359	1		CLM	AMR	2.0	train	1,3/6	1,3/6	0.985, 0.982	True	1.0	3.95438	3.77425	0.24555	0.04551	1.34246	0.55936	0.0749	0.03508	0.53281	0.00284	0.00948	0.0	0.02465	0.00095	0.13178	0.03603	0.0	0.14126	0.0749	0.00284
HG01360		2	CLM	AMR	2.0	train	2,3/6	2,3/6	0.984, 0.993	True	1.0	0.02214	0.02436	6.20493	4.80243	1.05335	0.47906	0.12253	0.0096	0.21333	0.00295	0.00591	0.00074	0.0096	0.00074	0.05831	0.00738	0.00074	0.07529	0.03396	0.00886
HG01361	2		CLM	AMR	2.0	train	2,3/6	2,3/6	0.992, 0.993	True	1.0	0.02018	0.02574	6.04475	4.53008	1.14731	0.4926	0.08627	0.01948	0.17046	0.00209	0.00904	0.0	0.01739	0.0	0.05288	0.01044	0.0007	0.10158	0.0334	0.00348
HG01362								3/6,3/6	0.996		1.0	0.0267	0.02946	0.30748	0.02025	2.38893	1.19124	0.07365	0.05892	0.32129	0.0046	0.00644	0.00092	0.02486	0.0	0.06352	0.02486	0.00184	0.1832	0.04327	0.00368
HG01363								3/6,4	0.969, 0.991		1.0	0.03222	0.0291	0.31079	0.07276	0.79829	0.40122	2.13292	1.02904	0.56233	0.00208	0.00312	0.0	0.02079	0.0	0.08419	0.0052	0.0	0.16319	0.0686	0.00416
HG01365	1	2	CLM	AMR	2.0	train	1,2	1,2	0.977, 0.984	True	1.0	0.56476	0.54302	9.25065	6.25166	0.14497	0.00121	0.18302	0.0604	0.26154	0.0006	0.02235	0.0	0.02114	0.0	0.16309	0.04107	0.0	0.08758	0.01329	0.04651
HG01366		1	CLM	AMR	2.0	test	1,3/6	1,3/6	0.978, 0.943	True	1.0	2.23368	1.91773	0.17577	0.01883	2.03699	0.84744	0.08579	0.16426	0.4143	0.00209	0.02092	0.0	0.01255	0.0	0.11822	0.05022	0.0	0.10253	0.06173	0.02406
HG01367	1	2	CLM	AMR	2.0	train	1,2	1,2	0.974, 0.882	True	1.0	1.44635	1.2456	9.15826	6.3811	0.28956	0.00217	0.17186	0.10759	0.22024	0.00433	0.03322	0.00072	0.05055	0.0	0.10976	0.06715	0.00289	0.15597	0.05705	0.0491
HG01369								2,4	0.991, 0.883		1.0	0.02406	0.01843	8.98915	5.97093	0.1341	0.00051	0.6971	0.40127	0.41099	0.00102	0.00358	0.0	0.01177	0.00154	0.0302	0.01228	0.00102	0.15355	0.01689	0.02969
HG01372								2,4	0.996, 0.917		1.0	0.01832	0.02683	6.74062	4.66084	0.10864	0.0	1.63607	0.74081	0.36583	0.00327	0.0216	0.00065	0.01702	0.00065	0.04712	0.01571	0.00131	0.12238	0.02291	0.02291
HG01374	4		CLM	AMR	2.0	train	3/6,4	3/6,3/6	0.997	False	1.0	0.05053	0.05452	0.39762	0.02128	1.37238	0.55853	0.10506	0.09575	0.63566	0.00133	0.00665	0.0	0.01064	0.0	0.1024	0.00931	0.00133	0.10772	0.18219	0.00532
HG01375	1		CLM	AMR	2.0	train	1,3/6	1,3/6	0.997, 0.934	True	1.0	2.01678	1.70857	0.25987	0.01899	1.54798	0.4688	0.18994	0.02849	0.36779	0.00432	0.01468	0.00086	0.01554	0.0	0.31944	0.06993	0.00086	0.10878	0.01727	0.0259
HG01376			CLM	AMR	2.0	train	3/6,3/6	3/6,3/6	0.996	True	1.0	0.02927	0.048	0.27628	0.01756	2.93133	1.12266	0.07843	0.02575	0.48348	0.00468	0.02693	0.0	0.00819	0.0	0.11004	0.02341	0.0	0.09834	0.11355	0.00585
HG01377		1	CLM	AMR	2.0	train	1,3/6	1,3/6	0.989, 0.902	True	1.0	1.3508	1.17727	0.26987	0.02647	2.26335	0.38531	0.24045	0.03603	0.51841	0.00221	0.00441	0.00221	0.01324	0.0	0.20957	0.03235	0.00147	0.09118	0.03677	0.05515
HG01378	4	2	CLM	AMR	2.0	test	2,4	2,4	0.972, 0.899	True	1.0	0.0327	0.01715	7.61289	5.23393	0.18869	0.00054	1.45804	0.56553	0.35915	0.00054	0.0075	0.00054	0.01394	0.0	0.04717	0.02948	0.0	0.13723	0.02359	0.00858
HG01379	2	1	CLM	AMR	2.0	train	1,2	1,2	0.972, 0.885	True	1.0	0.96138	0.81276	6.49055	4.52447	1.30579	0.00165	0.21334	0.03674	0.39102	0.00165	0.00603	0.0	0.01481	0.0	0.13601	0.04881	0.0	0.09488	0.04168	0.03894
HG01383			CLM	AMR	2.0	test	3/6,3/6	3/6,3/6	0.993	True	1.0	0.03844	0.0263	0.26405	0.0263	2.31474	1.2211	0.08195	0.0435	0.38242	0.00304	0.02327	0.00405	0.01113	0.0	0.08296	0.04047	0.0	0.10117	0.04047	0.00607
HG01384		2	CLM	AMR	2.0	train	2,3/6	2,3/6	0.872, 0.976	True	1.0	0.02437	0.04484	5.18932	2.95488	1.13087	0.49914	0.20473	0.00487	0.27687	0.0039	0.09651	0.0156	0.0156	0.00195	0.06727	0.01755	0.00097	0.16963	0.13258	0.01267
HG01385	2		CLM	AMR	2.0	train	2,3/6	2,3/6	0.94, 0.99	True	1.0	0.02472	0.03571	4.95482	2.88848	0.76263	0.46051	0.15747	0.02655	0.23804	0.00366	0.10254	0.00183	0.02563	0.0	0.07507	0.02197	0.00275	0.13275	0.10803	0.00732
HG01389		1	CLM	AMR	2.0	train	1,3/6	1,3/6	0.992, 0.984	True	1.0	3.60162	3.38971	0.30052	0.06781	1.67058	0.92468	0.11944	0.02312	0.3691	0.00231	0.01926	0.0	0.01233	0.0	0.16028	0.03236	0.00077	0.18494	0.02235	0.00771
HG01390	1	1	CLM	AMR	2.0	train	1,1	1,1	0.996	True	1.0	2.70565	2.28361	0.23447	0.02835	0.24864	0.00327	0.23338	0.0698	0.37079	0.00327	0.00218	0.00109	0.01309	0.0	0.75466	0.1156	0.0	0.12105	0.04362	0.0578
HG01391	1	1	CLM	AMR	2.0	train	1,1	1,1	0.996	True	1.0	5.63983	5.11361	0.2061	0.06673	0.15711	0.00338	0.13346	0.02787	0.42318	0.00169	0.00253	0.0	0.01351	0.0	0.44683	0.08953	0.00084	0.14359	0.04561	0.02787
HG01392								1,2	0.985, 0.974		1.0	2.69462	2.55389	6.73718	4.66163	0.12053	0.00126	0.19878	0.01136	0.2682	0.00126	0.00631	0.0	0.01578	0.0	0.09845	0.01956	0.00126	0.08961	0.02587	0.02209
HG01393								1,1	0.986		1.0	6.6156	6.32927	0.20763	0.03523	0.08095	0.0045	0.08545	0.03148	0.431	0.00075	0.01274	0.0	0.01949	0.0	0.10269	0.02998	0.0	0.11393	0.11093	0.01874
HG01395								3/6,3/6	0.995		1.0	0.02587	0.03557	0.28371	0.02425	2.87269	2.04256	0.08083	0.00485	0.32009	0.00404	0.03233	0.00162	0.03314	0.00162	0.08325	0.10831	0.00081	0.11397	0.10589	0.00404
HG01396								3/6,3/6	0.996		1.0	0.03558	0.03151	0.27548	0.02236	1.75251	1.03687	0.13012	0.0061	0.25109	0.00102	0.00915	0.00102	0.01728	0.0	0.08437	0.0061	0.00203	0.0986	0.19416	0.00712
HG01398								3/6,4	0.944, 0.963		1.0	0.03031	0.05573	0.29526	0.03813	1.07349	0.36761	1.16637	0.36956	0.56021	0.00196	0.00293	0.00098	0.01075	0.0	0.09679	0.00489	0.0	0.11634	0.08604	0.00978
HG01402								3/6,3/6	0.996		1.0	0.02484	0.03312	0.28148	0.02484	2.78997	1.37532	0.08072	0.0238	0.37358	0.00103	0.03208	0.0	0.00724	0.00103	0.07451	0.03415	0.00207	0.09107	0.02173	0.00828
HG01403								1,2	0.963, 0.954		1.0	2.70944	2.61855	7.54305	4.9307	0.16456	0.00138	0.1501	0.01239	0.25752	0.00138	0.00826	0.00207	0.01928	0.0	0.06059	0.03374	0.00275	0.21207	0.01239	0.05026
HG01405								3/6,3/6	0.986		1.0	0.02875	0.01554	0.27349	0.02564	2.37281	1.14057	0.08546	0.07303	0.29602	0.00699	0.01554	0.0	0.0202	0.0	0.06526	0.02952	0.00311	0.13441	0.07692	0.00233
HG01412								3/6,3/6	0.997		1.0	0.02714	0.03653	0.24007	0.02923	2.25356	1.2035	0.13465	0.01983	0.28809	0.00313	0.00313	0.0	0.01983	0.0	0.11064	0.00522	0.00104	0.10229	0.12734	0.00313
HG01413								1,1	0.99		1.0	6.94989	6.72125	0.22127	0.03688	0.11935	0.00134	0.10527	0.01073	0.35336	0.00268	0.00469	0.0	0.01609	0.0	0.11935	0.02012	0.0	0.13813	0.04828	0.02414
HG01414								1,2	0.967, 0.974		1.0	1.04493	0.90873	10.2216	6.53767	0.12251	0.00144	0.14053	0.02162	0.28898	0.00072	0.01009	0.00216	0.01225	0.0	0.17079	0.03891	0.00072	0.09512	0.01369	0.04972
HG01431			CLM	AMR	2.0	train	3/6,3/6	3/6,3/6	0.997	True	1.0	0.03837	0.02178	0.24165	0.02385	2.47978	1.19477	0.08297	0.05808	0.3464	0.0	0.01659	0.00207	0.00726	0.0	0.05289	0.01245	0.0	0.11512	0.08504	0.00207
HG01432	8	5	CLM	AMR	2.0	test	5,8	2,5	0.803, 0.936	False	1.0	0.02112	0.02112	4.85248	3.74148	0.08933	0.0	0.08609	0.0065	5.1887	2.20412	0.37277	0.00406	0.16649	0.0	0.09339	0.11207	0.0	0.05604	0.11451	0.08446
HG01433	5		CLM	AMR	2.0	test	3/6,5	3/6,5	0.976, 0.966	True	1.0	0.03099	0.02324	0.21776	0.04648	1.66464	0.64468	0.09038	0.07144	5.97602	2.53742	0.45963	0.00344	0.19969	0.00172	0.0964	0.01894	0.00258	0.05509	0.12308	0.0043
HG01435								2,3/6	0.984, 0.99		1.0	0.02424	0.02121	7.8015	5.40098	0.77341	0.34239	0.09696	0.00909	0.22498	0.00076	0.03788	0.00076	0.00909	0.0	0.04091	0.04621	0.0	0.08333	0.03939	0.0053
HG01437		2	CLM	AMR	2.0	train	2,3/6	2,3/6	0.979, 0.99	True	1.0	0.02609	0.02736	7.87067	5.59964	1.32546	1.14538	0.16099	0.02291	0.19981	0.00127	0.01464	0.00064	0.00954	0.0	0.05727	0.02291	0.00255	0.12281	0.00954	0.01273
HG01438	1		CLM	AMR	2.0	train	1,3/6	1,3/6	0.953, 0.967	True	1.0	3.23807	2.95752	0.25726	0.10999	0.52011	0.31411	0.07736	0.00652	0.31318	0.00466	0.0028	0.0	0.01212	0.00093	0.15007	0.01305	0.00186	0.12397	0.10533	0.00373
HG01439		2	CLM	AMR	2.0	train	2,3/6	2,3/6	0.993, 0.911	True	1.0	0.02597	0.0284	8.71484	6.29351	0.40896	0.23288	0.13957	0.01785	0.22558	0.00243	0.01461	0.00081	0.00974	0.0	0.05842	0.02921	0.00081	0.07709	0.06897	0.01217
HG01440								1,1	0.99		1.0	7.10258	6.85901	0.19904	0.06373	0.08817	0.00175	0.12222	0.0323	0.53339	0.00262	0.00175	0.00087	0.00786	0.0	0.11698	0.03317	0.00087	0.10825	0.03405	0.02532
HG01441								3/6,5	0.97, 0.963		1.0	0.0175	0.02406	0.25449	0.02115	1.18423	0.42148	0.07438	0.04886	7.81268	3.08161	0.78608	0.00948	0.0875	0.0	0.11011	0.02333	0.00073	0.05469	0.08823	0.00365
HG01443								2,3/6	0.995, 0.988		1.0	0.01522	0.01839	9.90981	6.59343	0.75473	0.49216	0.13509	0.01078	0.21056	0.00063	0.00888	0.0	0.01903	0.0	0.04503	0.0203	0.00127	0.12241	0.05581	0.03235
HG01444								3/6,4	0.976, 0.962		1.0	0.04181	0.02641	0.38183	0.01761	1.1719	0.32681	1.99168	0.77687	0.71965	0.0033	0.0044	0.0	0.0077	0.0	0.08913	0.0044	0.0	0.15515	0.10454	0.0033
HG01447								3/6,3/6	0.996		1.0	0.03421	0.03742	0.27154	0.02673	2.42137	1.3844	0.14325	0.00748	0.30895	0.00428	0.00535	0.0	0.0139	0.00107	0.1037	0.00535	0.0	0.09194	0.16463	0.00214
HG01455	4		CLM	AMR	2.0	train	3/6,4	3/6,4	0.992, 0.991	True	1.0	0.03761	0.03331	0.39332	0.01934	1.03917	0.55021	1.86879	0.97039	0.54162	0.00215	0.00537	0.0	0.01934	0.00107	0.08382	0.00752	0.00107	0.19558	0.03654	0.0043
HG01456		1	CLM	AMR	2.0	train	1,3/6	1,3/6	0.948, 0.748	True	1.0	4.46257	4.31018	0.20261	0.0329	0.26495	0.1039	0.15412	0.01039	0.65631	0.00346	0.01039	0.0	0.02424	0.00346	0.15585	0.00173	0.0	0.12468	0.02944	0.00693
HG01457	1		CLM	AMR	2.0	train	1,3/6	1,3/6	0.985, 0.985	True	1.0	2.90224	2.85747	0.20849	0.06012	1.17548	0.57559	0.12663	0.01791	0.41954	0.00256	0.02814	0.00128	0.03326	0.0	0.13814	0.04605	0.00128	0.15349	0.09465	0.0064
HG01459								1,3/6	0.977, 0.958		1.0	1.7724	1.57224	0.20985	0.01829	1.68415	0.56928	0.13236	0.03551	0.31423	0.00215	0.00646	0.00108	0.01399	0.0	0.13236	0.07533	0.00108	0.10331	0.05596	0.02368
HG01461		2	CLM	AMR	2.0	test	2,3/6	2,3/6	0.917, 0.988	True	1.0	0.03442	0.03952	7.40788	5.02527	1.06701	0.60234	0.10198	0.00829	0.3085	0.00191	0.01339	0.0	0.00829	0.01084	0.04079	0.03187	0.0	0.08541	0.0255	0.00574
HG01462			CLM	AMR	2.0	train	3/6,3/6	3/6,3/6	0.997	True	1.0	0.03201	0.02287	0.28124	0.02515	2.62493	1.20728	0.18978	0.01486	0.34984	0.00229	0.00572	0.00114	0.01372	0.0	0.12004	0.008	0.0	0.11204	0.0423	0.00114
HG01463		2	CLM	AMR	2.0	train	2,3/6	2,3/6	0.967, 0.982	True	1.0	0.02844	0.02765	8.54784	5.88133	0.79482	0.33578	0.14458	0.02528	0.21964	0.00237	0.0079	0.0	0.01659	0.0	0.07664	0.04503	0.00158	0.08296	0.03792	0.00553
HG01464			CLM	AMR	2.0	test	3/6,3/6	3/6,3/6	0.995	True	1.0	0.02447	0.02225	0.22543	0.00667	3.0032	1.49789	0.09417	0.00667	0.28994	0.00074	0.0	0.0	0.03263	0.0	0.066	0.12458	0.0	0.09862	0.11123	0.00148
HG01465			CLM	AMR	2.0	train	3/6,3/6	3/6,3/6	0.994	True	1.0	0.03795	0.03388	0.24532	0.01626	2.83267	1.44615	0.10707	0.00678	0.35646	0.00407	0.00136	0.0393	0.00813	0.0	0.12198	0.00678	0.0	0.11656	0.15315	0.00271
HG01466			CLM	AMR	2.0	test	3/6,3/6	3/6,3/6	0.992	True	1.0	0.0447	0.03933	0.22618	0.05274	3.59199	1.45539	0.09208	0.02861	0.35848	0.00179	0.01609	0.01609	0.07062	0.0	0.10996	0.16986	0.00179	0.14035	0.17254	0.00447
HG01468								3/6,3/6	0.989		1.0	0.04458	0.06266	0.33497	0.03615	2.10138	1.29288	0.11447	0.10001	0.27231	0.00602	0.01687	0.0	0.02048	0.0	0.10965	0.04579	0.00241	0.23134	0.06868	0.01325
HG01474								3/6,3/6	0.996		1.0	0.03223	0.06661	0.28147	0.01826	2.61592	1.3794	0.09669	0.01719	0.30832	0.00537	0.01826	0.00107	0.01289	0.00322	0.1085	0.02686	0.0	0.13644	0.07842	0.00645
HG01479								1,4	0.96, 0.938		1.0	3.99217	3.75546	0.36285	0.07044	0.16709	0.00164	1.50546	0.69703	0.62332	0.00164	0.00573	0.00082	0.01474	0.0	0.12778	0.01884	0.0	0.15562	0.05488	0.00328
HG01485								1,3/6	0.974, 0.991		1.0	3.00344	2.85606	0.23149	0.09528	1.74326	0.88801	0.08188	0.05359	0.31784	0.00149	0.00298	0.0	0.01265	0.0	0.09751	0.01861	0.0	0.12952	0.03201	0.00372
HG01486								3/6,3/6	0.996		1.0	0.04257	0.02871	0.2465	0.02277	1.95022	1.15133	0.13067	0.00396	0.25244	0.00297	0.0099	0.0	0.01683	0.00198	0.08811	0.00495	0.00099	0.13364	0.14651	0.00495
HG01488	2	1	CLM	AMR	2.0	train	1,2	1,2	0.954, 0.977	True	1.0	2.63954	2.53664	9.09074	6.05177	0.12178	0.0	0.13152	0.01888	0.38177	0.00244	0.00548	0.00061	0.01583	0.0	0.08464	0.02557	0.00061	0.13822	0.07368	0.04323
HG01489	2		CLM	AMR	2.0	train	2,3/6	2,3/6	0.995, 0.969	True	1.0	0.01326	0.02029	6.38459	4.4863	0.92691	0.52353	0.18803	0.02809	0.19428	0.00078	0.00624	0.00156	0.01248	0.00078	0.04993	0.04135	0.0	0.07724	0.08426	0.03043
HG01490		1	CLM	AMR	2.0	train	1,3/6	1,3/6	0.986, 0.977	True	1.0	3.16729	3.02208	0.17942	0.06462	1.0659	0.60594	0.10948	0.03877	0.35505	0.00608	0.01977	0.00076	0.03649	0.00076	0.13229	0.05778	0.00076	0.11252	0.14749	0.01825
HG01491			CLM	AMR	2.0	train	3/6,3/6	3/6,3/6	0.996	True	1.0	0.0379	0.02785	0.181	0.02475	2.21994	1.48434	0.10674	0.07812	0.37128	0.0	0.02398	0.0	0.00851	0.0	0.09901	0.04177	0.0	0.08044	0.04486	0.00541
HG01492			CLM	AMR	2.0	train	3/6,3/6	3/6,3/6	0.994	True	1.0	0.0298	0.0298	0.23262	0.02115	2.93945	1.10926	0.09036	0.0125	0.46043	0.00192	0.02211	0.01538	0.0173	0.0	0.08459	0.0173	0.0	0.10958	0.03941	0.00673
HG01493			CLM	AMR	2.0	test	3/6,3/6	3/6,3/6	0.994	True	1.0	0.03556	0.04149	0.21813	0.05098	2.71478	1.18075	0.06757	0.10432	0.53821	0.00474	0.05453	0.0083	0.04268	0.00119	0.1304	0.08536	0.0	0.15056	0.0569	0.00237
HG01494	4		CLM	AMR	2.0	test	3/6,4	3/6,4	0.971, 0.965	True	1.0	0.02495	0.04122	0.47512	0.02386	0.75824	0.51526	2.07621	0.90577	0.63675	0.00217	0.00651	0.0	0.01844	0.0	0.07376	0.00434	0.0	0.22454	0.10739	0.00976
HG01495	7	1	CLM	AMR	2.0	test	1,7	1,7	0.989, 0.801	True	1.0	4.31356	4.15146	0.33286	0.08538	0.11013	0.00124	0.07424	0.04578	0.43804	0.00495	6.40846	1.73978	0.0198	0.00371	0.11137	0.02351	0.0	0.09404	0.05816	0.02599
HG01496	1		CLM	AMR	2.0	train	1,3/6	1,3/6	0.972, 0.976	True	1.0	3.98925	3.85328	0.22866	0.11536	0.66848	0.50162	0.09064	0.04738	0.45836	0.0	0.01957	0.0	0.03708	0.00103	0.0927	0.03914	0.00206	0.16892	0.14832	0.02884
HG01497			CLM	AMR	2.0	test	3/6,3/6	3/6,3/6	0.994	True	1.0	0.04269	0.0414	0.28719	0.02587	2.76064	1.57178	0.06209	0.09961	0.47477	0.00388	0.0207	0.0	0.00906	0.0	0.1022	0.1009	0.0	0.11125	0.0207	0.01294
HG01498	2	8	CLM	AMR	2.0	train	2,8	2,8	0.934, 0.533	True	1.0	0.02665	0.02982	10.19996	7.51833	0.07994	0.0	0.1364	0.00888	0.24171	0.00317	0.01459	0.0	0.01142	0.00063	0.03109	0.08564	0.00127	0.07296	0.03172	0.08501
HG01499	8		CLM	AMR	2.0	train	3/6,8	3/6,8	0.98, 0.65	True	1.0	0.03253	0.05855	6.36028	4.95498	0.74429	0.68443	0.07547	0.01431	0.44241	0.0013	0.0039	0.0013	0.01301	0.0	0.09239	0.16265	0.0	0.1041	0.05595	0.09108
HG01500	2		IBS	EUR	2.0	train	2,3/6	2,3/6	0.986, 0.988	True	1.0	0.01611	0.02563	6.39351	4.21084	1.30843	0.73878	0.11715	0.02489	0.30459	0.00146	0.00366	0.00073	0.00805	0.00073	0.05931	0.02343	0.00073	0.07981	0.02709	0.02489
HG01501		1	IBS	EUR	2.0	train	1,3/6	1,3/6	0.967, 0.974	True	1.0	3.41842	3.28316	0.21063	0.06377	1.3952	0.65992	0.06377	0.07053	0.42706	0.0029	0.02416	0.0	0.01256	0.0	0.08889	0.04541	0.0	0.15846	0.04348	0.01932
HG01502	1		IBS	EUR	2.0	train	1,3/6	1,3/6	0.982, 0.976	True	1.0	3.4133	3.33534	0.17298	0.06659	1.61448	0.90631	0.04548	0.04467	0.44016	0.0	0.00812	0.0	0.01624	0.0	0.10963	0.0333	0.00081	0.1275	0.04629	0.01462
HG01503	2		IBS	EUR	2.0	train	2,3/6	2,3/6	0.977, 0.99	True	1.0	0.0339	0.02892	5.32461	3.10702	0.91835	0.42976	0.10569	0.00897	0.25227	0.001	0.0698	0.0	0.01795	0.0	0.05684	0.02194	0.0	0.12464	0.09572	0.01197
HG01504	2	2	IBS	EUR	2.0	train	2,2	2,2	0.997	True	1.0	0.01627	0.01567	12.49699	8.69746	0.0723	0.0006	0.19221	0.01265	0.17413	0.0006	0.00783	0.0006	0.01386	0.0006	0.03193	0.04519	0.00121	0.12412	0.03555	0.0488
HG01505	2		IBS	EUR	2.0	train	2,3/6	2,3/6	0.955, 0.978	True	1.0	0.03196	0.04121	8.49237	6.13651	0.75781	0.36082	0.15812	0.0143	0.19261	0.00336	0.00336	0.0	0.00757	0.0	0.03869	0.03701	0.00084	0.10513	0.02944	0.01766
HG01506	1		IBS	EUR	2.0	train	1,3/6	1,3/6	0.997, 0.937	True	1.0	2.39004	2.0254	0.26396	0.0203	1.07615	0.55923	0.13029	0.09053	0.24366	0.0	0.00677	0.0	0.01184	0.00085	0.32065	0.01607	0.00085	0.12437	0.07191	0.0203
HG01507			IBS	EUR	2.0	train	3/6,3/6	3/6,3/6	0.991	True	1.0	0.03237	0.05155	0.25297	0.04916	2.37145	1.33079	0.10311	0.00839	0.37286	0.0012	0.0012	0.0	0.01079	0.0	0.21341	0.00599	0.0	0.11629	0.07793	0.0048
HG01508			IBS	EUR	2.0	test	3/6,3/6	3/6,3/6	0.996	True	1.0	0.03539	0.04031	0.21039	0.03539	2.26609	1.5435	0.0934	0.00885	0.35294	0.00197	0.00393	0.0	0.0059	0.0	0.12879	0.00885	0.0	0.06292	0.06489	0.00098
HG01509	1		IBS	EUR	2.0	test	1,3/6	1,3/6	0.948, 0.948	True	1.0	3.63544	3.55944	0.23253	0.04795	1.44042	0.68854	0.06424	0.01629	0.5284	0.00271	0.04253	0.0	0.03257	0.0	0.08686	0.04433	0.00271	0.1882	0.07148	0.02171
HG01510			IBS	EUR	2.0	test	3/6,3/6	3/6,3/6	0.994	True	1.0	0.03672	0.0324	0.30562	0.05184	2.43526	1.11341	0.07668	0.08747	0.37906	0.0	0.02484	0.0	0.027	0.0	0.10799	0.01836	0.0	0.15227	0.05508	0.00972
HG01511			IBS	EUR	2.0	train	3/6,3/6	3/6,3/6	0.996	True	1.0	0.02588	0.07763	0.19636	0.01066	2.72772	1.31363	0.04262	0.0822	0.33868	0.00152	0.03882	0.0	0.02131	0.0	0.07535	0.04338	0.0	0.09209	0.02283	0.00457
HG01512		1	IBS	EUR	2.0	train	1,3/6	1,3/6	0.974, 0.97	True	1.0	2.27851	2.14555	0.28228	0.02987	1.88832	0.73991	0.07129	0.0684	0.60889	0.0	0.00482	0.0	0.01638	0.00096	0.12717	0.02987	0.00193	0.11754	0.02987	0.00385
HG01513	2		IBS	EUR	2.0	train	2,3/6	2,3/6	0.986, 0.986	True	1.0	0.01809	0.02988	6.89031	5.00692	1.12689	0.50958	0.15335	0.05347	0.22805	0.00236	0.01573	0.01966	0.01887	0.0	0.03853	0.03539	0.00079	0.14312	0.04168	0.00944
HG01514		1	IBS	EUR	2.0	test	1,3/6	1,3/6	0.954, 0.949	True	1.0	2.60583	2.47922	0.17863	0.01276	1.61257	0.70078	0.04809	0.04711	0.65465	0.00393	0.02061	0.0157	0.00589	0.0	0.10306	0.05496	0.0	0.08539	0.03337	0.00393
HG01515	1	4	IBS	EUR	2.0	train	1,4	1,4	0.999, 0.911	True	1.0	2.74447	2.31899	0.3704	0.01996	0.25545	0.0008	1.53109	0.76156	0.36242	0.0016	0.01038	0.0	0.01038	0.0008	0.26503	0.01836	0.0008	0.13331	0.01197	0.01357
HG01516		2	IBS	EUR	2.0	train	2,3/6	2,3/6	0.96, 0.989	True	1.0	0.0303	0.02797	4.43897	2.58895	1.30691	0.63092	0.11888	0.01865	0.25485	0.00155	0.06604	0.00078	0.0101	0.0	0.0404	0.03341	0.00078	0.15851	0.08158	0.00777
HG01517	2	4	IBS	EUR	2.0	test	2,4	2,4	0.918, 0.917	True	1.0	0.03261	0.02489	4.80943	2.76345	0.16735	0.0	1.63318	0.67027	0.4497	0.00429	0.06437	0.00086	0.0206	0.00086	0.06437	0.02231	0.0	0.11929	0.06351	0.00515
HG01518			IBS	EUR	2.0	train	3/6,3/6	3/6,3/6	0.991	True	1.0	0.02211	0.03812	0.25693	0.02287	2.8583	1.30983	0.05642	0.16849	0.29048	0.00076	0.02135	0.00076	0.01449	0.0	0.05947	0.03278	0.00076	0.15096	0.02363	0.00381
HG01519	1	4	IBS	EUR	2.0	train	1,4	1,1	0.997	False	1.0	2.70959	2.28197	0.38397	0.02183	0.25995	0.00397	0.11608	0.15081	0.44548	0.00298	0.00298	0.00099	0.00695	0.00099	0.28277	0.02679	0.00198	0.09426	0.0248	0.01984
HG01520	4		IBS	EUR	2.0	train	3/6,4	3/6,3/6	0.994	False	1.0	0.03169	0.04979	0.35219	0.01268	1.86957	0.96149	0.08782	0.12313	0.41647	0.00181	0.0172	0.00091	0.01992	0.0	0.05613	0.02444	0.0	0.18379	0.03893	0.00815
HG01521		2	IBS	EUR	2.0	train	2,3/6	2,3/6	0.958, 0.989	True	1.0	0.02908	0.03079	5.71331	4.57236	1.30859	0.55936	0.14625	0.07099	0.24974	0.00684	0.01796	0.0	0.0154	0.0	0.065	0.01625	0.0	0.10777	0.01796	0.05559
HG01522	1	1	IBS	EUR	2.0	train	1,1	1,1	0.99	True	1.0	5.93834	5.63934	0.24281	0.06729	0.08394	0.00277	0.06244	0.03122	0.43497	0.00139	0.02359	0.00069	0.03191	0.0	0.1214	0.02081	0.00139	0.13389	0.16095	0.00347
HG01523	1	2	IBS	EUR	2.0	train	1,2	1,2	0.968, 0.971	True	1.0	2.66856	2.54196	4.7601	4.0145	0.07862	0.00267	0.12726	0.04198	0.33782	0.00067	0.02066	0.0	0.03398	0.0	0.07729	0.04531	0.00067	0.08262	0.07329	0.03465
HG01524			IBS	EUR	2.0	test	3/6,3/6	3/6,3/6	0.993	True	1.0	0.02124	0.06962	0.21359	0.02006	2.06389	1.2473	0.14396	0.00826	0.32215	0.00354	0.00472	0.00354	0.01888	0.0	0.08496	0.0059	0.00118	0.1239	0.22067	0.00826
HG01525	4		IBS	EUR	2.0	test	3/6,4	3/6,4	0.954, 0.984	True	1.0	0.02669	0.02842	0.36856	0.02067	1.23914	0.496	2.00639	0.83011	0.47533	0.00517	0.00517	0.0	0.01636	0.0	0.10247	0.00517	0.00086	0.12658	0.04908	0.00689
HG01526			IBS	EUR	2.0	test	3/6,3/6	3/6,3/6	0.993	True	1.0	0.01846	0.06501	0.21749	0.01846	2.10264	1.32418	0.15168	0.01284	0.29614	0.00241	0.00401	0.00161	0.01204	0.0	0.11717	0.00722	0.0	0.12841	0.18779	0.00642
HG01527			IBS	EUR	2.0	train	3/6,3/6	3/6,3/6	0.996	True	1.0	0.03468	0.02417	0.24483	0.03152	2.30645	1.04867	0.09457	0.0725	0.34255	0.00105	0.02207	0.0	0.01366	0.00105	0.08826	0.03888	0.0	0.09037	0.09142	0.0063
HG01528			IBS	EUR	2.0	train	3/6,3/6	3/6,3/6	0.997	True	1.0	0.04354	0.04354	0.23454	0.0323	2.24847	1.12494	0.10954	0.01124	0.34549	0.00562	0.00702	0.0	0.01685	0.0	0.14606	0.00702	0.0	0.11657	0.07584	0.00843
HG01529			IBS	EUR	2.0	train	3/6,3/6	3/6,3/6	0.996	True	1.0	0.05529	0.02765	0.28364	0.03789	2.83947	1.21443	0.09728	0.06861	0.36761	0.00102	0.01638	0.0	0.00922	0.00102	0.07885	0.03686	0.00205	0.15052	0.04403	0.00614
HG01530	2	1	IBS	EUR	2.0	train	1,2	1,2	0.969, 0.948	True	1.0	2.07901	1.99599	7.01693	5.13599	0.08301	0.00073	0.08811	0.03714	0.40706	0.0	0.0335	0.00073	0.01456	0.00073	0.09321	0.03932	0.00146	0.10923	0.06991	0.04151
HG01531	4	1	IBS	EUR	2.0	train	1,4	1,4	0.964, 0.944	True	1.0	3.29613	3.15321	0.29651	0.08131	0.11828	0.00164	1.16962	0.59467	0.57331	0.00246	0.01643	0.0	0.0271	0.00082	0.07885	0.02382	0.0	0.17824	0.13142	0.00657
HG01532	1	1	IBS	EUR	2.0	train	1,1	1,1	0.995	True	1.0	5.78657	5.49908	0.17333	0.065	0.06083	0.0	0.05917	0.03333	0.61832	0.00167	0.01583	0.0	0.02	0.0	0.15666	0.02917	0.00167	0.09417	0.165	0.01167
HG01536	2		IBS	EUR	2.0	train	2,3/6	2,3/6	0.985, 0.969	True	1.0	0.01699	0.02761	7.02979	4.89395	0.67608	0.46228	0.18052	0.02195	0.25344	0.00425	0.0092	0.00071	0.01628	0.0	0.09132	0.02761	0.0	0.08354	0.18548	0.04814
HG01537	4	5	IBS	EUR	2.0	train	4,5	4,5	0.987, 0.924	True	1.0	0.02294	0.02738	0.26198	0.02146	0.12581	0.00074	0.78743	0.57503	7.31112	2.70494	0.6779	0.00592	0.14209	0.00074	0.08585	0.0037	0.0	0.05032	0.05699	0.00518
HG01538	5		IBS	EUR	2.0	train	3/6,5	3/6,5	1.0, 0.964	True	1.0	0.02941	0.01982	0.16879	0.01279	0.66877	0.40088	0.1202	0.01215	7.06942	2.57918	0.69307	0.0032	0.14961	0.00064	0.10933	0.01471	0.00064	0.01279	0.18669	0.0
HG01550			CLM	AMR	2.0	train	3/6,3/6	3/6,3/6	0.994	True	1.0	0.03097	0.03335	0.28465	0.02144	2.60356	1.25057	0.12506	0.00715	0.28823	0.00119	0.00596	0.01667	0.01906	0.00119	0.106	0.00238	0.0	0.12625	0.106	0.00476
HG01551			CLM	AMR	2.0	test	3/6,3/6	3/6,3/6	0.996	True	1.0	0.04181	0.03005	0.24562	0.01829	2.92788	1.44238	0.08362	0.01176	0.4207	0.00131	0.02482	0.0	0.01307	0.0	0.09146	0.01829	0.00131	0.11367	0.13718	0.00653
HG01552			CLM	AMR	2.0	train	3/6,3/6	3/6,3/6	0.993	True	1.0	0.03905	0.0425	0.32046	0.06892	2.775	1.41622	0.0804	0.0402	0.30782	0.00689	0.04594	0.01953	0.03446	0.0	0.11141	0.05284	0.00115	0.20445	0.07581	0.0023
HG01556								3/6,3/6	0.993		1.0	0.02196	0.02534	0.29224	0.03041	2.67152	1.2475	0.06504	0.12754	0.27957	0.00169	0.02703	0.0	0.01098	0.00084	0.05828	0.02112	0.0	0.11909	0.04139	0.00253
HG01565	2	4	PEL	AMR	2.0	train	2,4	2,4	0.986, 0.903	True	1.0	0.02375	0.01473	5.73714	3.90379	0.9839	0.73353	0.87368	0.4233	0.2651	0.0038	0.0038	0.0	0.01235	0.0	0.02708	0.02708	0.0	0.13112	0.02233	0.02565
HG01566	1		PEL	AMR	2.0	train	1,3/6	1,3/6	0.983, 0.97	True	1.0	3.92872	3.72348	0.24299	0.06527	1.2637	0.56619	0.173	0.00944	0.36488	0.00472	0.02516	0.00079	0.0118	0.0	0.1156	0.02674	0.0	0.12661	0.05741	0.00393
HG01567		4	PEL	AMR	2.0	test	3/6,4	3/6,4	0.619, 0.975	True	1.0	0.0236	0.02293	0.19423	0.0344	2.08394	1.35152	0.97992	0.45793	0.24549	0.0027	0.00202	0.0	0.01214	0.00067	0.04991	0.00809	0.0	0.10656	0.058	0.00135
HG01571	2	2	PEL	AMR	2.0	train	2,2	2,2	0.996	True	1.0	0.0182	0.0182	13.22017	8.8973	0.15309	0.0	0.14422	0.01494	0.17922	0.00093	0.00747	0.00047	0.01214	0.00047	0.0252	0.01867	0.0	0.10501	0.01073	0.02754
HG01572			PEL	AMR	2.0	train	3/6,3/6	3/6,3/6	0.996	True	1.0	0.03434	0.05028	0.34094	0.02821	2.47976	1.2546	0.16434	0.01717	0.3532	0.0	0.01717	0.00245	0.02453	0.0	0.13122	0.01594	0.0	0.11283	0.16188	0.00368
HG01573		2	PEL	AMR	2.0	train	2,3/6	2,3/6	0.991, 0.989	True	1.0	0.01127	0.01972	9.11563	6.13954	0.76498	0.40644	0.13172	0.01057	0.25288	0.00211	0.00493	0.00141	0.00634	0.0007	0.05213	0.01691	0.0007	0.08241	0.04156	0.01338
HG01577			PEL	AMR	2.0	train	3/6,3/6	3/6,3/6	0.993	True	1.0	0.02168	0.03533	0.30595	0.02168	2.84588	1.46309	0.09476	0.01205	0.24813	0.00241	0.00482	0.0008	0.01285	0.0008	0.04898	0.01044	0.00161	0.1606	0.08271	0.00723
HG01578			PEL	AMR	2.0	train	3/6,3/6	3/6,3/6	0.997	True	1.0	0.02379	0.02634	0.23874	0.02039	2.25994	1.13932	0.10365	0.0102	0.28037	0.00085	0.00425	0.00085	0.01529	0.0	0.07561	0.0034	0.00085	0.11555	0.06967	0.00085
HG01579			PEL	AMR	2.0	train	3/6,3/6	3/6,3/6	0.997	True	1.0	0.03066	0.02683	0.20848	0.01763	2.47875	1.4011	0.09121	0.00996	0.22841	0.0023	0.0046	0.00153	0.0115	0.0	0.05135	0.0092	0.0	0.1234	0.09044	0.00153
HG01583								1,2	0.879, 0.985		1.0	2.86238	2.75293	12.511	8.33002	0.06912	0.0	0.11049	0.02828	0.2079	0.00209	0.0199	0.0	0.00786	0.0	0.0398	0.0576	0.00262	0.0775	0.06232	0.03718
HG01586								3/6,4	0.823, 0.97		1.0	0.02553	0.01755	0.39087	0.02553	1.70149	0.77935	1.02743	0.47463	0.40284	0.00239	0.02234	0.0	0.02313	0.00239	0.07977	0.00957	0.0016	0.12843	0.05903	0.00319
HG01589								3/6,3/6	0.996		1.0	0.03895	0.03146	0.24567	0.05692	1.74064	1.22384	0.17077	0.00599	0.30858	0.003	0.00749	0.0	0.02097	0.0	0.08688	0.00749	0.003	0.12134	0.04644	0.0015
HG01593								2,3/6	0.986, 0.992		1.0	0.01633	0.02417	8.34977	5.93902	0.66816	0.35923	0.11234	0.00718	0.21292	0.0	0.00392	0.0	0.01241	0.0	0.07838	0.01959	0.00327	0.0823	0.04768	0.01894
HG01595								2,3/6	0.977, 0.984		1.0	0.02234	0.02234	9.21264	6.43684	1.22244	0.50825	0.11449	0.05445	0.25901	0.00559	0.03211	0.0	0.02094	0.0	0.05655	0.10053	0.0	0.17174	0.01815	0.01815
HG01596								3/6,3/6	0.997		1.0	0.04492	0.03475	0.23649	0.0178	2.64293	1.4359	0.05255	0.03136	0.37805	0.00085	0.02034	0.00085	0.01611	0.00085	0.08985	0.00763	0.00085	0.14156	0.03221	0.00763
HG01597								1,2	0.939, 0.977		1.0	3.25579	3.07433	6.45715	4.32642	0.10068	0.00176	0.10595	0.03395	0.36878	0.00117	0.00995	0.0	0.00761	0.0	0.03278	0.02868	0.0	0.09658	0.06322	0.00995
HG01598								3/6,4	0.981, 0.988		1.0	0.03117	0.0255	0.41935	0.01795	1.089	0.47036	1.23351	0.64509	0.63753	0.00283	0.00189	0.00094	0.00944	0.00094	0.0935	0.00378	0.0	0.19268	0.06045	0.00661
HG01599								2,2	0.995		1.0	0.01934	0.02256	10.43405	7.04235	0.05695	0.0	0.10906	0.00698	0.18535	0.00322	0.02095	0.00107	0.00913	0.00054	0.05641	0.03815	0.00215	0.06608	0.03224	0.04943
HG01600								2,3/6	0.991, 0.992		1.0	0.02427	0.02011	9.58252	6.21914	0.84397	0.47365	0.15881	0.00763	0.17406	0.00139	0.01456	0.00208	0.02011	0.0	0.07004	0.00624	0.00069	0.10125	0.00277	0.01664
HG01601			IBS	EUR	2.0	train	3/6,3/6	3/6,3/6	0.996	True	1.0	0.03025	0.03483	0.21997	0.01558	2.54525	1.32258	0.04766	0.06049	0.43719	0.00275	0.01741	0.0	0.00367	0.0	0.08799	0.02291	0.00092	0.09074	0.06507	0.00183
HG01602			IBS	EUR	2.0	train	3/6,3/6	3/6,3/6	0.995	True	1.0	0.02216	0.02031	0.27053	0.02862	2.85023	1.42927	0.09141	0.0831	0.40533	0.00462	0.03324	0.0	0.01293	0.0	0.06186	0.04801	0.00092	0.1782	0.06371	0.00554
HG01603			IBS	EUR	2.0	train	3/6,3/6	3/6,3/6	0.997	True	1.0	0.04615	0.03602	0.23075	0.02026	2.07566	1.20893	0.11256	0.00901	0.3557	0.00113	0.00563	0.00113	0.01914	0.0	0.13508	0.00563	0.0	0.1272	0.08892	0.00338
HG01604	1		IBS	EUR	2.0	test	1,3/6	1,3/6	0.992, 0.963	True	1.0	2.49403	2.0349	0.22285	0.02055	0.93961	0.48363	0.07982	0.06717	0.2513	0.0	0.00237	0.0	0.00474	0.0	0.28607	0.01976	0.0	0.09167	0.02924	0.01264
HG01605	2	1	IBS	EUR	2.0	train	1,2	1,2	0.996, 0.875	True	1.0	2.25219	1.86824	5.09019	3.17128	0.27057	0.00258	0.12283	0.06442	0.25769	0.00172	0.03436	0.00086	0.0146	0.0	0.25339	0.03092	0.00086	0.12627	0.0481	0.03006
HG01606	4		IBS	EUR	2.0	train	3/6,4	3/6,4	0.981, 0.991	True	1.0	0.04101	0.0368	0.37119	0.02629	1.0	0.52261	0.78759	0.60147	0.46688	0.00421	0.01157	0.0	0.02313	0.0021	0.0694	0.00841	0.0	0.16614	0.02103	0.00526
HG01607			IBS	EUR	2.0	test	3/6,3/6	3/6,3/6	0.993	True	1.0	0.02951	0.02951	0.29604	0.02189	2.65199	1.03091	0.10566	0.02285	0.39599	0.0	0.01428	0.01047	0.01333	0.00095	0.0752	0.03141	0.00095	0.13707	0.07901	0.00381
HG01608		2	IBS	EUR	2.0	train	2,3/6	2,3/6	0.984, 0.982	True	1.0	0.02719	0.01911	5.09666	3.86291	1.05152	0.45338	0.16239	0.03527	0.22779	0.0	0.01323	0.0	0.01764	0.00073	0.0507	0.02792	0.00147	0.0992	0.00808	0.05952
HG01609		2	IBS	EUR	2.0	test	2,3/6	2,3/6	0.968, 0.989	True	1.0	0.01476	0.0235	4.78723	3.70026	1.00936	0.42243	0.10875	0.02077	0.19455	0.00164	0.01421	0.00874	0.0082	0.0	0.0541	0.02131	0.00055	0.0623	0.00874	0.03661
HG01610	1		IBS	EUR	2.0	train	1,3/6	1,3/6	0.986, 0.978	True	1.0	2.97266	2.697	0.21709	0.04645	1.48532	0.70378	0.07371	0.04645	0.42106	0.00101	0.02019	0.0	0.01313	0.0	0.12117	0.01918	0.0	0.12723	0.03534	0.01414
HG01611	1		IBS	EUR	2.0	test	1,3/6	1,3/6	0.986, 0.962	True	1.0	3.30708	3.19682	0.17327	0.05434	1.22627	0.58281	0.08821	0.05119	0.3552	0.0	0.01811	0.0	0.00866	0.0	0.11578	0.03387	0.00079	0.10554	0.02284	0.03387
HG01612	1	1	IBS	EUR	2.0	test	1,1	1,1	0.997	True	1.0	5.2785	4.78183	0.34263	0.05711	0.25322	0.00075	0.14877	0.10895	0.33061	0.00225	0.00526	0.00075	0.01352	0.00075	0.26148	0.02855	0.0015	0.15028	0.03306	0.03907
HG01613	5	2	IBS	EUR	2.0	train	2,5	2,5	0.976, 0.97	True	1.0	0.01297	0.01697	5.99672	4.07699	0.07934	0.0005	0.09481	0.01048	5.53462	2.23012	0.45061	0.00399	0.07934	0.0	0.05739	0.04391	0.001	0.05988	0.07036	0.04391
HG01614	2		IBS	EUR	2.0	train	2,3/6	2,3/6	0.984, 0.972	True	1.0	0.02969	0.01427	7.01567	4.77778	1.10581	0.67422	0.08506	0.00971	0.15699	0.00228	0.00228	0.0	0.00685	0.0	0.04167	0.05937	0.00114	0.08678	0.02683	0.03654
HG01615	5		IBS	EUR	2.0	train	3/6,5	3/6,5	0.979, 0.98	True	1.0	0.0246	0.03153	0.33741	0.05172	1.3364	0.74798	0.15388	0.0082	7.48928	2.99382	0.62752	0.00946	0.11478	0.0	0.07001	0.00946	0.00063	0.04604	0.11668	0.00441
HG01616			IBS	EUR	2.0	train	3/6,3/6	3/6,3/6	0.996	True	1.0	0.05381	0.04626	0.1586	0.04909	1.89003	1.13666	0.0642	0.01322	0.2549	0.00283	0.00378	0.0	0.00755	0.0	0.0793	0.01983	0.0	0.07553	0.12462	0.0
HG01617			IBS	EUR	2.0	train	3/6,3/6	3/6,3/6	0.996	True	1.0	0.02852	0.03158	0.22818	0.03769	2.51513	1.40069	0.05297	0.02649	0.34533	0.00204	0.02954	0.0	0.00917	0.0	0.09983	0.01935	0.00102	0.1528	0.07436	0.00407
HG01618	5		IBS	EUR	2.0	test	3/6,5	3/6,5	1.0, 0.985	True	1.0	0.02696	0.04045	0.21047	0.04269	0.78121	0.29361	0.08763	0.00674	6.97845	2.79977	0.84038	0.00449	0.09138	0.00075	0.09213	0.01198	0.0	0.04344	0.14006	0.00075
HG01619	1	2	IBS	EUR	2.0	train	1,2	1,2	0.952, 0.964	True	1.0	2.95518	2.83665	4.98973	3.87716	0.066	0.0	0.1549	0.02357	0.39196	0.00067	0.00539	0.0	0.01549	0.0	0.05859	0.03031	0.00135	0.09563	0.03569	0.03771
HG01620			IBS	EUR	2.0	train	3/6,3/6	3/6,3/6	0.996	True	1.0	0.03587	0.03165	0.21103	0.01372	2.44476	1.23557	0.1034	0.04432	0.31971	0.0	0.01583	0.0	0.01477	0.00106	0.11079	0.02743	0.0	0.18782	0.03165	0.00106
HG01621		2	IBS	EUR	2.0	train	2,3/6	2,3/6	0.957, 0.993	True	1.0	0.03279	0.02938	5.12684	4.04599	1.00091	0.57322	0.11751	0.04236	0.27943	0.00137	0.01366	0.0	0.00752	0.0	0.07857	0.03484	0.0	0.08608	0.01366	0.03416
HG01622		5	IBS	EUR	2.0	train	3/6,5	3/6,5	0.903, 0.993	True	1.0	0.03816	0.02968	0.2099	0.03604	0.89366	0.53959	0.15371	0.01696	7.12173	3.0393	0.35513	0.00106	0.02862	0.0	0.08905	0.00848	0.00106	0.03604	0.21626	0.0
HG01623	4		IBS	EUR	2.0	test	3/6,4	3/6,4	0.957, 0.983	True	1.0	0.02876	0.02983	0.37074	0.02024	0.90874	0.47834	2.10087	0.92792	0.45597	0.00533	0.0032	0.00213	0.01385	0.0	0.0799	0.01278	0.00107	0.14595	0.15661	0.00639
HG01624	4	5	IBS	EUR	2.0	train	4,5	4,5	0.98, 0.968	True	1.0	0.0285	0.02939	0.31168	0.02315	0.12823	0.00178	1.01339	0.63226	6.05364	2.44799	0.33127	0.00267	0.03028	0.00089	0.08282	0.00356	0.0	0.13001	0.08638	0.00801
HG01625	4	2	IBS	EUR	2.0	test	2,4	2,4	0.995, 0.906	True	1.0	0.02467	0.01644	7.76143	5.33845	0.10113	0.0	0.87316	0.68488	0.3519	0.0	0.0074	0.00082	0.01562	0.0	0.0296	0.01315	0.0	0.13237	0.01315	0.02631
HG01626		4	IBS	EUR	2.0	train	3/6,4	3/6,4	0.97, 0.988	True	1.0	0.01515	0.06903	0.39988	0.02526	1.10536	0.41672	1.20386	0.69116	0.64655	0.00168	0.00926	0.00084	0.016	0.0	0.10607	0.00842	0.0	0.16753	0.07408	0.00505
HG01627	4	2	IBS	EUR	2.0	train	2,4	2,4	0.991, 0.941	True	1.0	0.02591	0.02529	7.53121	5.15755	0.07649	0.00062	0.9296	0.48732	0.45709	0.00123	0.00555	0.00123	0.01172	0.00062	0.04935	0.01851	0.00123	0.10918	0.03454	0.01912
HG01628		2	IBS	EUR	2.0	test	2,3/6	2,3/6	0.95, 0.993	True	1.0	0.02829	0.03095	7.31863	4.80039	0.69499	0.39524	0.12998	0.01592	0.25907	0.00265	0.00619	0.00177	0.01503	0.0	0.12644	0.02653	0.0	0.10345	0.06985	0.03448
HG01629	2	4	IBS	EUR	2.0	train	2,4	2,4	0.983, 0.934	True	1.0	0.02392	0.0355	7.13189	4.72115	0.08797	0.00154	0.99007	0.46378	0.42134	0.00386	0.00309	0.0	0.0108	0.0	0.07562	0.02855	0.00077	0.10649	0.04244	0.02701
HG01630		4	IBS	EUR	2.0	train	3/6,4	3/6,4	0.972, 0.99	True	1.0	0.03664	0.04203	0.32764	0.0485	0.73288	0.57876	1.33752	0.59709	0.68654	0.00647	0.00431	0.0	0.01724	0.0	0.0873	0.00647	0.0	0.17783	0.10023	0.00539
HG01631			IBS	EUR	2.0	train	3/6,3/6	3/6,3/6	0.997	True	1.0	0.03568	0.03211	0.264	0.05351	2.71964	1.38182	0.0654	0.10703	0.25567	0.00119	0.01665	0.0	0.01308	0.0	0.10227	0.00476	0.0	0.10465	0.07016	0.00119
HG01632	2		IBS	EUR	2.0	train	2,3/6	2,3/6	0.985, 0.991	True	1.0	0.02693	0.02954	8.01866	5.5989	0.69508	0.37621	0.16769	0.01216	0.19636	0.00434	0.00695	0.00087	0.01564	0.0	0.07125	0.01477	0.0	0.11121	0.07125	0.03997
HG01633			IBS	EUR	2.0	train	3/6,3/6	3/6,3/6	0.997	True	1.0	0.03521	0.04039	0.18228	0.06214	1.89732	1.11126	0.07042	0.01346	0.29206	0.00311	0.00207	0.00104	0.01036	0.0	0.12428	0.00829	0.0	0.08285	0.10149	0.00104
HG01667			IBS	EUR	2.0	test	3/6,3/6	3/6,3/6	0.991	True	1.0	0.02285	0.03778	0.19946	0.02285	2.86191	1.31717	0.04306	0.16783	0.25658	0.00264	0.02724	0.0	0.00527	0.0	0.08875	0.03515	0.00088	0.07733	0.01933	0.00439
HG01668	4		IBS	EUR	2.0	test	3/6,4	3/6,4	0.971, 0.945	True	1.0	0.02848	0.01964	0.38689	0.02357	1.23627	0.66183	1.82052	0.8916	0.56756	0.00295	0.02258	0.0	0.0108	0.0	0.1031	0.01767	0.0	0.16595	0.01473	0.00786
HG01669			IBS	EUR	2.0	train	3/6,3/6	3/6,3/6	0.997	True	1.0	0.02497	0.04196	0.30868	0.03796	2.98287	1.39454	0.12087	0.08092	0.27471	0.0	0.02397	0.001	0.01498	0.0	0.0979	0.01998	0.003	0.13286	0.03696	0.00599
HG01670			IBS	EUR	2.0	train	3/6,3/6	3/6,3/6	0.988	True	1.0	0.01839	0.02365	0.3486	0.03328	2.31672	1.10537	0.12	0.07708	0.26802	0.00088	0.02102	0.0	0.02452	0.00088	0.08058	0.02803	0.00175	0.13051	0.05693	0.0035
HG01671		2	IBS	EUR	2.0	train	2,3/6	2,3/6	0.985, 0.99	True	1.0	0.0241	0.02019	7.79124	5.07759	0.81143	0.33017	0.08596	0.01368	0.1602	0.00065	0.0026	0.00065	0.00456	0.0013	0.04819	0.05405	0.0013	0.11657	0.03907	0.03907
HG01672		2	IBS	EUR	2.0	train	2,3/6	2,3/6	0.995, 0.975	True	1.0	0.02092	0.02156	7.18982	4.74101	1.0475	0.50282	0.1135	0.06594	0.16359	0.0019	0.01205	0.00063	0.02156	0.00063	0.04058	0.0558	0.00063	0.1097	0.01839	0.06214
HG01673			IBS	EUR	2.0	train	3/6,3/6	3/6,3/6	0.997	True	1.0	0.03055	0.01875	0.3145	0.02222	2.16125	1.09902	0.13608	0.05693	0.24785	0.00694	0.0118	0.0	0.01111	0.0	0.05762	0.00764	0.0	0.09789	0.12844	0.00278
HG01674		4	IBS	EUR	2.0	train	3/6,4	3/6,4	0.872, 0.977	True	1.0	0.02107	0.02248	0.24796	0.00773	1.71185	0.64273	0.77971	0.70806	0.34701	0.00351	0.01405	0.0	0.00983	0.0007	0.0288	0.01194	0.0	0.13417	0.0274	0.0014
HG01675		4	IBS	EUR	2.0	train	3/6,4	3/6,4	0.984, 0.967	True	1.0	0.04288	0.03921	0.32835	0.03798	1.28156	0.50356	1.16272	0.98506	0.49131	0.00245	0.00858	0.0	0.0196	0.0	0.04901	0.0098	0.00123	0.13722	0.05146	0.00858
HG01676			IBS	EUR	2.0	train	3/6,3/6	3/6,3/6	0.992	True	1.0	0.04238	0.0374	0.18947	0.01496	2.42452	1.18421	0.15956	0.01122	0.36274	0.00125	0.00623	0.00125	0.01621	0.0	0.17701	0.00499	0.00125	0.12216	0.09598	0.00623
HG01677			IBS	EUR	2.0	train	3/6,3/6	3/6,3/6	0.994	True	1.0	0.02927	0.04279	0.15088	0.02702	2.45344	1.27007	0.11259	0.00676	0.33441	0.00338	0.00676	0.0	0.00676	0.0	0.16777	0.00676	0.0	0.08782	0.10359	0.00225
HG01678			IBS	EUR	2.0	train	3/6,3/6	3/6,3/6	0.996	True	1.0	0.03477	0.06084	0.17879	0.0298	2.22374	1.36702	0.09685	0.00869	0.31537	0.00248	0.00497	0.00124	0.01366	0.0	0.14899	0.00497	0.0	0.09685	0.1043	0.00497
HG01679			IBS	EUR	2.0	test	3/6,3/6	3/6,3/6	0.996	True	1.0	0.04269	0.06576	0.22036	0.02192	2.0605	1.19061	0.13267	0.00808	0.25151	0.00231	0.00346	0.0	0.00692	0.0	0.10268	0.00808	0.00115	0.09691	0.14421	0.00461
HG01680			IBS	EUR	2.0	train	3/6,3/6	3/6,3/6	0.993	True	1.0	0.0201	0.03462	0.30935	0.05361	3.35262	2.18222	0.06477	0.03127	0.3261	0.00335	0.0201	0.0	0.01564	0.00112	0.08041	0.02345	0.0	0.11168	0.05696	0.0067
HG01681			IBS	EUR	2.0	train	3/6,3/6	3/6,3/6	0.997	True	1.0	0.04337	0.04915	0.19563	0.04337	1.97076	0.87986	0.12432	0.01638	0.26309	0.00289	0.00096	0.0	0.00964	0.0	0.12817	0.01156	0.00096	0.07324	0.14937	0.00771
HG01682	5	4	IBS	EUR	2.0	train	4,5	4,5	0.996, 0.942	True	1.0	0.02257	0.01966	0.28031	0.03131	0.13324	0.00218	0.82638	0.6247	7.0326	2.8592	0.72299	0.0051	0.12159	0.00073	0.10339	0.00437	0.00073	0.06407	0.10266	0.00582
HG01683		4	IBS	EUR	2.0	train	3/6,4	3/6,4	0.95, 0.987	True	1.0	0.07548	0.0772	0.33453	0.0223	1.12538	0.63474	1.06448	0.71623	0.53867	0.00343	0.0163	0.00086	0.01544	0.00086	0.06605	0.03174	0.0	0.18356	0.03259	0.00515
HG01684			IBS	EUR	2.0	train	3/6,3/6	3/6,3/6	0.996	True	1.0	0.03963	0.05064	0.22678	0.03633	2.09166	1.29353	0.07486	0.03303	0.35778	0.0011	0.02642	0.0	0.01211	0.0011	0.09908	0.01982	0.0	0.1277	0.09468	0.00661
HG01685			IBS	EUR	2.0	train	3/6,3/6	3/6,3/6	0.982	True	1.0	0.06234	0.05729	0.23252	0.07245	1.53162	0.98064	0.10278	0.01011	0.39933	0.0	0.00337	0.0	0.01685	0.00337	0.18703	0.00842	0.00168	0.13985	0.18703	0.00505
HG01686	2	1	IBS	EUR	2.0	train	1,2	1,2	0.954, 0.982	True	1.0	2.34546	2.29494	7.45276	4.96601	0.05939	0.0	0.0826	0.01707	0.24233	0.00341	0.00546	0.00068	0.01092	0.00068	0.06144	0.0587	0.0	0.1058	0.03618	0.05802
HG01687		1	IBS	EUR	2.0	train	1,3/6	1,3/6	0.97, 0.975	True	1.0	3.64665	3.51496	0.17927	0.08751	0.89127	0.66017	0.08666	0.02549	0.3594	0.00085	0.00425	0.0	0.0102	0.0	0.09771	0.02804	0.0	0.08751	0.07562	0.01784
HG01694	5	1	IBS	EUR	2.0	train	1,5	1,5	0.973, 0.981	True	1.0	2.53048	2.32496	0.24589	0.04221	0.22295	0.0	0.1101	0.01376	5.6913	2.34882	0.50371	0.00459	0.10643	0.0	0.24864	0.03211	0.0	0.07524	0.13029	0.01652
HG01695			IBS	EUR	2.0	train	3/6,3/6	3/6,3/6	0.996	True	1.0	0.03745	0.03361	0.33324	0.02209	2.66211	1.36755	0.08067	0.09508	0.40335	0.00288	0.02881	0.0	0.01633	0.0	0.05762	0.03553	0.00288	0.13061	0.04322	0.00288
HG01696		1	IBS	EUR	2.0	train	1,3/6	1,3/6	0.997, 0.965	True	1.0	2.5447	2.32334	0.2285	0.01339	1.36294	0.61141	0.06516	0.03927	0.42486	0.00089	0.01964	0.00089	0.00625	0.00089	0.23564	0.0598	0.00089	0.09907	0.05712	0.01517
HG01697			IBS	EUR	2.0	train	3/6,3/6	3/6,3/6	0.996	True	1.0	0.03032	0.03222	0.27289	0.02748	3.31353	1.43173	0.10233	0.10044	0.33637	0.0	0.04738	0.0	0.018	0.0	0.08433	0.06064	0.00095	0.14213	0.03222	0.00474
HG01698			IBS	EUR	2.0	train	3/6,3/6	3/6,3/6	0.997	True	1.0	0.0387	0.02494	0.21071	0.0086	3.042	1.42597	0.0473	0.11697	0.36208	0.00172	0.03784	0.00172	0.0258	0.0	0.0774	0.0559	0.0	0.10493	0.0086	0.00602
HG01699			IBS	EUR	2.0	test	3/6,3/6	3/6,3/6	0.996	True	1.0	0.03379	0.03023	0.24363	0.01867	2.38387	1.00654	0.0738	0.07914	0.27653	0.00089	0.01245	0.00267	0.01245	0.0	0.07647	0.02401	0.0	0.15738	0.02579	0.00089
HG01700		4	IBS	EUR	2.0	train	3/6,4	3/6,4	0.966, 0.981	True	1.0	0.02426	0.0375	0.31102	0.06397	0.7566	0.41249	1.72606	0.73895	0.60109	0.00551	0.00772	0.0011	0.01544	0.0	0.09485	0.02206	0.0	0.15661	0.0397	0.00331
HG01701		4	IBS	EUR	2.0	train	3/6,4	3/6,4	0.923, 0.978	True	1.0	0.02261	0.02679	0.29222	0.05024	1.38657	0.57774	1.31792	0.69412	0.45047	0.00167	0.01758	0.0	0.01256	0.0	0.07452	0.02931	0.0	0.10131	0.03349	0.00084
HG01702	4		IBS	EUR	2.0	train	3/6,4	3/6,3/6	0.994	False	1.0	0.0499	0.03133	0.38643	0.02321	1.72558	0.72876	0.0998	0.13113	0.55121	0.00348	0.01741	0.0	0.01393	0.0	0.07427	0.01973	0.0	0.16594	0.0116	0.00928
HG01703		5	IBS	EUR	2.0	train	3/6,5	3/6,5	0.989, 0.97	True	1.0	0.01796	0.02003	0.15749	0.01451	0.74257	0.75017	0.0746	0.01105	7.63843	3.08148	0.83789	0.00345	0.11121	0.0	0.10776	0.00967	0.0	0.03661	0.14506	0.00414
HG01704			IBS	EUR	2.0	train	3/6,3/6	3/6,3/6	0.997	True	1.0	0.03387	0.03857	0.27093	0.02164	2.71214	1.83537	0.08843	0.06303	0.28504	0.00188	0.01787	0.0	0.0207	0.00094	0.04704	0.00564	0.0	0.14958	0.08278	0.00188
HG01705		5	IBS	EUR	2.0	train	3/6,5	3/6,5	0.996, 0.985	True	1.0	0.02869	0.02951	0.24755	0.02951	0.77214	0.41886	0.08771	0.0082	8.12226	3.11562	0.83198	0.0041	0.0959	0.0	0.13279	0.00656	0.00082	0.03443	0.14672	0.00328
HG01706		4	IBS	EUR	2.0	test	3/6,4	3/6,4	0.937, 0.977	True	1.0	0.02125	0.0301	0.32759	0.01328	1.37501	0.48254	1.0483	0.95799	0.47368	0.00266	0.00266	0.0	0.02833	0.0	0.09651	0.00974	0.0	0.0788	0.11333	0.00089
HG01707	4		IBS	EUR	2.0	train	3/6,4	3/6,4	0.974, 0.991	True	1.0	0.03503	0.04018	0.30597	0.02369	1.398	0.50378	1.19196	0.90041	0.55529	0.0	0.00309	0.0	0.01648	0.0	0.08448	0.00618	0.00103	0.14011	0.0886	0.00309
HG01708	2	4	IBS	EUR	2.0	train	2,4	2,4	0.996, 0.922	True	1.0	0.02237	0.02078	6.98122	4.61047	0.14383	0.0	0.85737	0.77507	0.42349	0.0016	0.00639	0.0	0.02157	0.0	0.04954	0.02717	0.0	0.14063	0.02397	0.03196
HG01709	1	4	IBS	EUR	2.0	train	1,4	1,4	0.97, 0.938	True	1.0	4.05553	3.87969	0.40763	0.03677	0.20222	0.004	1.48905	0.65061	0.49315	0.0	0.00719	0.0008	0.01758	0.0	0.1151	0.02478	0.0	0.17584	0.05195	0.02238
HG01710		1	IBS	EUR	2.0	train	1,3/6	1,3/6	0.978, 0.962	True	1.0	4.66086	4.5093	0.23648	0.08169	0.96958	0.3171	0.06235	0.0387	0.48801	0.00215	0.02687	0.00107	0.01505	0.0	0.09997	0.03547	0.00107	0.14189	0.0516	0.02257
HG01711	1	4	IBS	EUR	2.0	train	1,4	1,4	0.967, 0.934	True	1.0	3.81146	3.61547	0.37378	0.06071	0.12835	0.00087	1.67635	0.79872	0.59579	0.0026	0.00347	0.0	0.00867	0.0	0.11014	0.04423	0.0	0.13529	0.02602	0.01561
HG01746		4	IBS	EUR	2.0	train	3/6,4	3/6,4	0.965, 0.984	True	1.0	0.0191	0.02293	0.50341	0.02293	1.52359	0.66866	1.35451	0.57982	0.49003	0.00478	0.00573	0.0	0.01433	0.00191	0.07642	0.00955	0.00096	0.1366	0.08215	0.00382
HG01747	4		IBS	EUR	2.0	test	3/6,4	3/6,4	0.954, 0.977	True	1.0	0.02964	0.02515	0.43827	0.05029	1.35163	0.57029	1.48185	0.64034	0.58196	0.0009	0.01886	0.0009	0.01527	0.0	0.0943	0.03503	0.0	0.10687	0.03143	0.00359
HG01748	4		IBS	EUR	2.0	test	3/6,4	3/6,4	0.972, 0.979	True	1.0	0.02164	0.02663	0.36368	0.01248	1.30993	0.5526	1.20507	0.61668	0.54594	0.00083	0.01165	0.0	0.01082	0.0	0.04494	0.0258	0.0	0.10902	0.01997	0.00333
HG01755		1	IBS	EUR	2.0	test	1,3/6	1,3/6	0.975, 0.975	True	1.0	3.83836	3.56934	0.24956	0.02518	1.02112	0.48652	0.0973	0.01603	0.40982	0.00458	0.00343	0.0	0.01374	0.0	0.1202	0.02976	0.0	0.18774	0.07212	0.01832
HG01756		1	IBS	EUR	2.0	test	1,3/6	1,3/6	0.975, 0.963	True	1.0	3.65813	3.41088	0.32498	0.0206	1.02083	0.69023	0.0871	0.01311	0.35495	0.00187	0.00749	0.01873	0.01405	0.00094	0.11894	0.02529	0.0	0.1564	0.05151	0.02154
HG01757	1		IBS	EUR	2.0	test	1,3/6	1,3/6	0.986, 0.98	True	1.0	2.18548	1.94541	0.26098	0.02092	1.16346	0.513	0.11156	0.08467	0.29883	0.001	0.00996	0.0	0.01594	0.0	0.20122	0.07072	0.0	0.12949	0.03387	0.00498
HG01761		2	IBS	EUR	2.0	test	2,3/6	2,3/6	0.952, 0.98	True	1.0	0.01844	0.04525	4.69938	3.33347	0.8782	0.52038	0.22542	0.01089	0.21955	0.00251	0.01006	0.0	0.0176	0.00084	0.06452	0.00922	0.0	0.1148	0.04106	0.02346
HG01762		1	IBS	EUR	2.0	train	1,3/6	1,3/6	0.984, 0.966	True	1.0	4.12518	3.91624	0.26718	0.05455	0.83484	0.58892	0.07396	0.01109	0.48722	0.00647	0.00647	0.00092	0.01109	0.0	0.11834	0.02589	0.00092	0.14145	0.09522	0.01664
HG01763	1	2	IBS	EUR	2.0	train	1,2	1,2	0.962, 0.964	True	1.0	2.94629	2.84231	3.88021	2.82007	0.05494	0.00065	0.15238	0.02812	0.35512	0.00262	0.00327	0.00065	0.01046	0.0	0.06278	0.02616	0.0	0.08894	0.03008	0.01897
HG01765								3/6,3/6	0.977		1.0	0.04552	0.03772	0.44222	0.07284	1.35919	0.75438	0.13397	0.07674	0.53717	0.0	0.01561	0.0026	0.01431	0.0	0.05723	0.0091	0.0013	0.16258	0.03902	0.02341
HG01766								3/6,4	0.985, 0.991		1.0	0.03507	0.02654	0.43883	0.03128	1.14116	0.5393	1.08429	0.63124	0.54878	0.00569	0.00758	0.0	0.0199	0.00095	0.07962	0.00474	0.00095	0.1308	0.04834	0.00474
HG01767								3/6,3/6	0.997		1.0	0.02759	0.04987	0.34273	0.01486	2.4596	1.16932	0.13476	0.01273	0.31196	0.00106	0.00424	0.00106	0.01804	0.0	0.14006	0.00318	0.00106	0.11035	0.07321	0.00106
HG01768								2,3/6	0.988, 0.989		1.0	0.01413	0.03011	7.45233	4.9926	0.71156	0.2673	0.11306	0.01045	0.19663	0.00246	0.00614	0.00123	0.00983	0.00061	0.06759	0.0467	0.00123	0.11798	0.05039	0.05469
HG01770	2	2	IBS	EUR	2.0	test	2,2	2,2	0.997	True	1.0	0.01557	0.01184	15.23357	9.94288	0.10029	0.0	0.14826	0.02928	0.23361	0.00249	0.01246	0.00062	0.01308	0.0	0.02741	0.0461	0.00062	0.10029	0.03426	0.04298
HG01771	1		IBS	EUR	2.0	train	1,3/6	1,3/6	0.969, 0.972	True	1.0	5.78016	5.58798	0.26335	0.03624	1.00035	0.34682	0.09706	0.00776	0.32935	0.00194	0.01035	0.01424	0.01424	0.0	0.09447	0.01488	0.00129	0.13459	0.11194	0.00194
HG01772	2		IBS	EUR	2.0	train	2,3/6	2,3/6	0.949, 0.983	True	1.0	0.03071	0.02917	7.00883	4.71939	1.11478	0.38081	0.14127	0.02994	0.27562	0.00691	0.00384	0.00845	0.01228	0.0	0.08138	0.03916	0.0	0.0929	0.08215	0.0215
HG01773	2		IBS	EUR	2.0	train	2,3/6	2,3/6	0.953, 0.978	True	1.0	0.0245	0.03459	7.73272	5.67253	1.0391	0.34444	0.21474	0.01297	0.22266	0.0036	0.01009	0.0	0.02018	0.00072	0.06918	0.01657	0.00072	0.11097	0.08863	0.05693
HG01774		4	IBS	EUR	2.0	train	3/6,4	3/6,3/6	0.996	False	1.0	0.05955	0.04983	0.30141	0.02674	1.70515	0.63077	0.09844	0.07414	0.53719	0.00122	0.00729	0.0	0.00486	0.0	0.07778	0.01945	0.0	0.08264	0.16286	0.00243
HG01775	5	4	IBS	EUR	2.0	train	4,5	5,5	0.973	False	1.0	0.0335	0.04068	0.39838	0.05862	0.15911	0.0	0.13877	0.0646	3.69068	0.90203	0.53715	0.00837	0.15433	0.0012	0.11724	0.00957	0.0012	0.05383	0.02752	0.00718
HG01776		1	IBS	EUR	2.0	train	1,3/6	1,3/6	0.935, 0.992	True	1.0	2.6166	2.41063	0.25223	0.12568	1.26728	1.02465	0.08117	0.01833	0.32991	0.00087	0.0192	0.0	0.01222	0.0	0.10997	0.01047	0.00175	0.14663	0.04102	0.00436
HG01777	4		IBS	EUR	2.0	train	3/6,4	3/6,4	0.988, 0.991	True	1.0	0.02635	0.03074	0.39002	0.02372	1.57413	0.6228	1.6321	0.79409	0.52354	0.00351	0.01318	0.00088	0.01669	0.00088	0.09311	0.02196	0.00264	0.16514	0.0246	0.00351
HG01778	1		IBS	EUR	2.0	train	1,3/6	1,3/6	0.985, 0.992	True	1.0	2.51605	2.30417	0.21188	0.11217	1.27828	0.60837	0.06232	0.074	0.35599	0.00312	0.00467	0.0	0.01168	0.0	0.1332	0.02415	0.00078	0.13632	0.03194	0.00156
HG01779	1		IBS	EUR	2.0	test	1,3/6	1,3/6	0.986, 0.984	True	1.0	3.10555	2.85293	0.29141	0.10777	0.86648	0.57593	0.09398	0.01035	0.34918	0.00172	0.0	0.0	0.01207	0.00086	0.16985	0.025	0.00086	0.14312	0.06035	0.00259
HG01780			IBS	EUR	2.0	train	3/6,3/6	3/6,3/6	0.996	True	1.0	0.04226	0.03266	0.20266	0.0461	2.2927	1.5829	0.12006	0.01441	0.31792	0.00192	0.00768	0.0	0.00672	0.0	0.10373	0.01441	0.00192	0.07972	0.07684	0.00096
HG01781	4		IBS	EUR	2.0	test	3/6,4	3/6,4	0.977, 0.949	True	1.0	0.03296	0.03296	0.48061	0.03603	1.10227	0.56647	1.26707	0.83475	0.49901	0.00307	0.0069	0.00153	0.01916	0.0	0.08279	0.0069	0.0	0.15714	0.05902	0.01456
HG01782	4		IBS	EUR	2.0	train	3/6,4	3/6,4	0.982, 0.991	True	1.0	0.04206	0.04106	0.32349	0.02404	0.86632	0.56286	1.56838	0.66	0.61794	0.002	0.00401	0.0	0.00801	0.0	0.08513	0.00601	0.0	0.09615	0.06209	0.001
HG01783			IBS	EUR	2.0	train	3/6,3/6	3/6,3/6	0.997	True	1.0	0.02987	0.02748	0.3011	0.02987	2.6107	1.27966	0.13382	0.02987	0.27601	0.00478	0.00597	0.0	0.01673	0.00119	0.10514	0.00597	0.00119	0.14338	0.17086	0.00597
HG01784		4	IBS	EUR	2.0	train	3/6,4	3/6,4	0.964, 0.991	True	1.0	0.0288	0.03909	0.43511	0.05863	0.91445	0.57397	1.5306	0.64803	0.6182	0.00206	0.01029	0.00103	0.01749	0.00103	0.09566	0.0072	0.0	0.10801	0.07098	0.00206
HG01785								3/6,5	1.0, 0.979		1.0	0.01701	0.02339	0.23599	0.03455	0.67661	0.41352	0.11693	0.00957	7.90516	3.16196	0.67874	0.00585	0.14989	0.0	0.11959	0.00532	0.0	0.03933	0.11055	0.00213
HG01786								3/6,3/6	0.997		1.0	0.03588	0.03123	0.208	0.01329	2.75046	1.06722	0.1143	0.01395	0.24454	0.00332	0.00598	0.0	0.00731	0.00066	0.11895	0.00598	0.0	0.09901	0.15417	0.00797
HG01789								1,3/6	0.957, 0.978		1.0	3.3631	3.23442	0.26994	0.06482	0.90076	0.4499	0.12675	0.03096	0.25156	0.00097	0.0	0.0	0.01355	0.00097	0.08804	0.01451	0.00097	0.12868	0.09869	0.00484
HG01790								3/6,3/6	0.996		1.0	0.03111	0.04444	0.30772	0.03666	2.95944	0.86984	0.09665	0.05666	0.43436	0.00444	0.01889	0.0	0.01889	0.0	0.06665	0.02888	0.00111	0.09998	0.12109	0.00667
HG01791								3/6,3/6	0.982		1.0	0.02701	0.0263	0.4635	0.02062	2.60254	1.18362	0.14147	0.15213	0.32772	0.00355	0.02844	0.00071	0.01706	0.00213	0.07891	0.03768	0.00142	0.20758	0.03483	0.0064
HG01794								2,2	0.996		1.0	0.01299	0.01403	12.81417	9.25618	0.1476	0.0	0.17878	0.01091	0.19905	0.00104	0.01611	0.0	0.01975	0.00052	0.06185	0.05873	0.00104	0.10914	0.04106	0.02962
HG01795								3/6,3/6	0.997		1.0	0.03252	0.03156	0.25535	0.0153	2.49041	1.25764	0.06982	0.01148	0.39307	0.00765	0.00478	0.00096	0.00956	0.0	0.1272	0.00765	0.0	0.11477	0.04017	0.00478
HG01796								3/6,3/6	0.997		1.0	0.03209	0.04278	0.33651	0.03209	3.01298	1.52541	0.0938	0.03867	0.42455	0.00411	0.04196	0.0	0.0288	0.00082	0.10778	0.00494	0.00082	0.15386	0.02633	0.00658
HG01797								3/6,3/6	0.99		1.0	0.01501	0.04003	0.29525	0.01918	2.88407	1.51626	0.08007	0.0392	0.41284	0.00334	0.0417	0.00083	0.01835	0.00083	0.08757	0.005	0.0	0.10842	0.03503	0.005
HG01798								3/6,3/6	0.997		1.0	0.0321	0.04396	0.31817	0.02023	2.8077	1.54479	0.10187	0.02303	0.38166	0.0014	0.01954	0.0	0.01047	0.0007	0.12001	0.00279	0.0007	0.11862	0.02163	0.00558
HG01799								3/6,3/6	0.997		1.0	0.03509	0.04802	0.40814	0.02955	2.73235	1.77478	0.0988	0.02124	0.44693	0.00277	0.03694	0.00092	0.01385	0.00092	0.11727	0.00923	0.00092	0.12928	0.02493	0.00646
HG01800								3/6,3/6	0.997		1.0	0.05938	0.04618	0.32799	0.04053	2.78034	1.60317	0.06692	0.02262	0.33176	0.00188	0.02262	0.00094	0.01979	0.0	0.08954	0.01225	0.00188	0.13478	0.05843	0.00565
HG01801								1,2	0.905, 0.982		1.0	3.31309	3.13619	5.99519	4.21783	0.08993	0.00099	0.15318	0.01927	0.30833	0.0	0.00889	0.0	0.01631	0.0	0.05732	0.01038	0.00198	0.12205	0.06028	0.01087
HG01802								2,3/6	0.9, 0.972		1.0	0.03022	0.03627	8.54533	6.18334	0.98724	0.39154	0.15111	0.01948	0.35326	0.00604	0.03627	0.0	0.01746	0.00067	0.07455	0.03761	0.00134	0.12223	0.02283	0.01813
HG01804								1,3/6	0.969, 0.989		1.0	3.85982	3.61774	0.26027	0.13132	0.75946	0.55219	0.10996	0.02611	0.42957	0.00158	0.00554	0.00079	0.02136	0.0	0.09572	0.01661	0.0	0.12658	0.10917	0.00712
HG01805								1,3/6	0.967, 0.963		1.0	4.61095	4.40511	0.23334	0.14373	0.87836	0.63969	0.11623	0.03904	0.37974	0.00089	0.00621	0.00089	0.01863	0.00089	0.08784	0.05323	0.00177	0.15172	0.0692	0.00976
HG01806								3/6,3/6	0.997		1.0	0.02965	0.03783	0.26479	0.03169	2.50992	1.48653	0.07157	0.01022	0.4846	0.00409	0.03578	0.0	0.01534	0.0	0.13495	0.01022	0.00204	0.11348	0.01636	0.00307
HG01807								1,3/6	0.969, 0.989		1.0	4.05429	3.7734	0.27874	0.12038	0.60549	0.47364	0.10748	0.01791	0.38121	0.00143	0.00717	0.0	0.0129	0.00072	0.07166	0.0172	0.00072	0.13471	0.09889	0.00287
HG01808								2,3/6	0.993, 0.981		1.0	0.02655	0.02212	6.98362	4.93426	1.18876	0.57595	0.14675	0.01622	0.31636	0.00369	0.01254	0.0	0.0118	0.0	0.05015	0.03245	0.00074	0.11504	0.01696	0.0177
HG01809								1,2	0.93, 0.954		1.0	3.45479	3.19962	8.64207	5.82041	0.14711	0.00113	0.12844	0.01358	0.36551	0.00283	0.01924	0.00113	0.01301	0.0	0.04526	0.08713	0.00057	0.13296	0.05092	0.00622
HG01810								3/6,3/6	0.997		1.0	0.0384	0.0288	0.31144	0.0352	3.08984	1.57852	0.11412	0.0256	0.47889	0.0096	0.0256	0.0	0.01707	0.0	0.12265	0.00853	0.00107	0.14185	0.03413	0.00533
HG01811								3/6,3/6	0.997		1.0	0.03733	0.04186	0.29299	0.04299	2.49663	1.36653	0.09163	0.02715	0.42082	0.00226	0.02376	0.00113	0.01923	0.0	0.13349	0.01131	0.0	0.11765	0.1267	0.00905
HG01812								3/6,3/6	0.997		1.0	0.03571	0.03947	0.28008	0.06015	2.21997	1.58368	0.10151	0.04511	0.422	0.00282	0.03008	0.0	0.01692	0.00094	0.09963	0.00564	0.00094	0.125	0.10339	0.00752
HG01813								3/6,4	0.982, 0.943		1.0	0.03632	0.02746	0.45184	0.04253	0.98077	0.32072	1.50703	0.76459	0.68485	0.00354	0.00975	0.00177	0.01329	0.00443	0.1134	0.00532	0.00177	0.17188	0.05936	0.01152
HG01815								2,2	0.996		1.0	0.02046	0.01819	11.26956	7.59083	0.16897	0.0	0.15154	0.00909	0.22656	0.00152	0.01515	0.00076	0.01591	0.00076	0.02728	0.02652	0.0	0.09547	0.02728	0.03182
HG01816								3/6,3/6	0.995		1.0	0.02269	0.02475	0.27638	0.01788	3.05535	1.33585	0.05294	0.02475	0.40358	0.00206	0.04744	0.0	0.00894	0.0	0.08869	0.01306	0.00138	0.11207	0.01925	0.00481
HG01817								3/6,3/6	0.997		1.0	0.02505	0.04526	0.28043	0.0202	2.88434	1.37469	0.059	0.01374	0.49621	0.00727	0.02182	0.0	0.00808	0.0	0.10749	0.00727	0.00081	0.10183	0.03313	0.00162
HG01840								2,3/6	0.926, 0.988		1.0	0.03022	0.0293	10.03324	6.61679	0.82687	0.65014	0.0934	0.00824	0.20969	0.00183	0.01923	0.0	0.01648	0.00092	0.07967	0.03022	0.00183	0.12545	0.07326	0.01007
HG01841								3/6,3/6	0.997		1.0	0.06179	0.0568	0.28302	0.0279	2.47845	1.61941	0.09069	0.01495	0.41058	0.00199	0.01296	0.001	0.00897	0.001	0.0857	0.00698	0.0	0.13653	0.01594	0.00199
HG01842								2,3/6	0.803, 0.994		1.0	0.03288	0.03288	1.03469	0.60727	1.17297	0.51251	0.14215	0.0145	0.26206	0.00097	0.00967	0.00097	0.0145	0.0	0.11411	0.0087	0.00097	0.06285	0.06382	0.00483
HG01843								1,3/6	0.992, 0.985		1.0	4.57032	4.25606	0.25433	0.10661	0.70098	0.58671	0.10661	0.0223	0.32192	0.00348	0.00697	0.00139	0.01742	0.0	0.14912	0.01951	0.0007	0.13588	0.09686	0.00418
HG01844								3/6,3/6	0.996		1.0	0.02855	0.03569	0.3365	0.03059	2.76852	1.49082	0.10095	0.02141	0.26309	0.00306	0.0102	0.00204	0.01632	0.0	0.10605	0.02345	0.00102	0.12644	0.03263	0.00918
HG01845								2,3/6	0.954, 0.986		1.0	0.02395	0.02566	7.82677	5.25861	1.49574	0.86888	0.1317	0.01112	0.37201	0.00342	0.0248	0.00086	0.01539	0.0	0.08124	0.01967	0.00086	0.13683	0.04019	0.03763
HG01846								3/6,3/6	0.996		1.0	0.02528	0.03641	0.27407	0.02326	2.2967	1.25302	0.07686	0.00708	0.27609	0.00405	0.00809	0.0	0.01315	0.0	0.10821	0.00506	0.00101	0.1163	0.03742	0.00708
HG01847								3/6,3/6	0.996		1.0	0.02782	0.0307	0.22928	0.02302	2.56523	1.39774	0.11704	0.01919	0.34536	0.00384	0.01247	0.00096	0.01631	0.0	0.12567	0.02111	0.00192	0.14198	0.01727	0.00672
HG01848								2,3/6	0.934, 0.979		1.0	0.01649	0.02062	6.42232	4.37295	1.47466	0.72006	0.15772	0.02474	0.24019	0.00309	0.0201	0.0	0.01443	0.0	0.09123	0.03763	0.00052	0.1402	0.05876	0.00722
HG01849								3/6,4	0.954, 0.991		1.0	0.03602	0.03075	0.4331	0.01493	1.64104	0.73091	1.62347	0.70456	0.52007	0.00176	0.0369	0.0	0.01054	0.0	0.08082	0.00966	0.00088	0.14056	0.03514	0.00527
HG01850								2,3/6	0.927, 0.982		1.0	0.0304	0.0152	7.08842	4.80499	1.30854	0.57755	0.10277	0.01375	0.30687	0.0029	0.0275	0.0	0.00941	0.0	0.10205	0.0152	0.0	0.09047	0.03474	0.03908
HG01851								2,3/6	0.989, 0.993		1.0	0.02136	0.02431	8.39287	5.82898	0.91994	0.48096	0.13184	0.00442	0.27547	0.00074	0.00516	0.0	0.01252	0.0	0.0545	0.01031	0.00147	0.08691	0.02504	0.01326
HG01852								3/6,3/6	0.997		1.0	0.02715	0.03564	0.20535	0.01273	2.86808	1.64533	0.08316	0.0263	0.32584	0.00339	0.02546	0.0	0.00849	0.0	0.07552	0.00764	0.0	0.08316	0.0263	0.00679
HG01853								1,1	0.971		1.0	6.40102	5.96709	0.26246	0.18139	0.08399	0.00058	0.11431	0.01575	0.34994	0.00292	0.00642	0.00117	0.00933	0.00058	0.0764	0.04258	0.00058	0.13648	0.06007	0.00408
HG01855								3/6,3/6	0.997		1.0	0.03298	0.04797	0.26783	0.01699	2.40946	1.2442	0.03398	0.05596	0.51367	0.003	0.02099	0.0	0.00999	0.0	0.08495	0.00999	0.001	0.11393	0.02099	0.004
HG01857								3/6,3/6	0.996		1.0	0.03993	0.03993	0.33211	0.03539	2.49902	1.29035	0.07169	0.03448	0.37204	0.00363	0.01543	0.00091	0.01543	0.0	0.10345	0.01361	0.0	0.11524	0.04446	0.00454
HG01858								1,2	0.952, 0.932		1.0	2.90167	2.71464	5.98119	4.02585	0.1804	0.00102	0.21352	0.02344	0.33277	0.00204	0.01325	0.0	0.02803	0.00102	0.06115	0.03109	0.00255	0.2864	0.05606	0.04943
HG01859								3/6,3/6	0.991		1.0	0.0259	0.01793	0.30775	0.02092	2.55963	1.40431	0.06872	0.05777	0.42229	0.00598	0.02988	0.001	0.0259	0.001	0.09362	0.00299	0.00199	0.12549	0.05179	0.00498
HG01860								3/6,4	0.971, 0.973		1.0	0.0375	0.04742	0.31872	0.05955	1.46457	0.56907	1.93328	0.85029	0.54811	0.00221	0.02095	0.0	0.01213	0.0	0.05955	0.00772	0.0011	0.16984	0.02537	0.00772
HG01861								3/6,3/6	0.997		1.0	0.03332	0.02592	0.2192	0.01407	2.83696	1.58695	0.07257	0.03258	0.38878	0.00222	0.01333	0.0	0.00963	0.0	0.11848	0.00666	0.00074	0.1096	0.02296	0.00592
HG01862								3/6,3/6	0.997		1.0	0.02888	0.02981	0.28414	0.03726	2.52746	1.36947	0.06335	0.04379	0.38476	0.00186	0.03447	0.0	0.01025	0.00093	0.1062	0.00932	0.0	0.1239	0.04099	0.00373
HG01863								3/6,3/6	0.997		1.0	0.03276	0.03372	0.29485	0.03083	2.98896	1.45112	0.07034	0.03758	0.47407	0.00482	0.02987	0.00193	0.01638	0.00096	0.09732	0.00578	0.0	0.13297	0.02698	0.00385
HG01864								1,2	0.96, 0.984		1.0	3.10915	3.03149	5.49345	3.75211	0.09827	0.00053	0.10514	0.0243	0.22189	0.0037	0.00898	0.00053	0.01321	0.0	0.0671	0.01849	0.00106	0.13155	0.01902	0.0391
HG01865								3/6,4	0.92, 0.991		1.0	0.04122	0.03435	0.37194	0.03042	0.89208	0.38568	2.31312	1.10896	0.4377	0.00589	0.00687	0.00294	0.02061	0.0	0.08734	0.00491	0.0	0.15604	0.02748	0.00589
HG01866								4,4	0.977		1.0	0.01636	0.02882	0.39651	0.02181	0.27654	0.0	2.58703	1.38972	0.59437	0.00545	0.00779	0.00156	0.01246	0.0	0.05219	0.01558	0.0	0.23136	0.03272	0.00545
HG01867								3/6,4	0.94, 0.96		1.0	0.02745	0.07384	0.48373	0.03029	1.72097	0.69577	1.03088	0.91539	0.66643	0.00568	0.02083	0.00095	0.01136	0.0	0.09277	0.00568	0.00095	0.14862	0.03976	0.00852
HG01868								1,3/6	0.941, 0.957		1.0	4.40801	4.0987	0.24852	0.14465	0.96101	0.45627	0.11541	0.02385	0.5209	0.00308	0.00616	0.00154	0.01462	0.0	0.09233	0.01308	0.00077	0.15158	0.06771	0.00462
HG01869								2,4	0.957, 0.906		1.0	0.02267	0.0297	10.39197	6.87796	0.17195	0.00156	1.11376	0.52757	0.38767	0.00078	0.01016	0.00078	0.01485	0.0	0.0977	0.02188	0.00234	0.1868	0.04846	0.0508
HG01870								3/6,3/6	0.996		1.0	0.03115	0.03206	0.34351	0.02657	3.13926	1.58016	0.06046	0.0513	0.48458	0.0	0.01466	0.0	0.01008	0.0	0.11634	0.02015	0.00092	0.13557	0.04397	0.00366
HG01871								1,3/6	0.977, 0.976		1.0	3.62158	3.43081	0.32535	0.03483	1.72174	0.70848	0.09974	0.01979	0.39184	0.00475	0.01187	0.0	0.01504	0.00079	0.09974	0.02454	0.00237	0.12824	0.05225	0.02058
HG01872								2,4	0.995, 0.905		1.0	0.01985	0.01786	6.90552	4.12531	0.11314	0.0	0.93622	0.50814	0.37052	0.00066	0.00926	0.00066	0.00926	0.00066	0.03242	0.01389	0.00066	0.08932	0.02183	0.02713
HG01873								3/6,3/6	0.997		1.0	0.0317	0.02439	0.20851	0.04024	2.14854	0.93526	0.05609	0.01707	0.31338	0.00366	0.00122	0.00244	0.01463	0.00122	0.08414	0.01097	0.00366	0.12925	0.04024	0.00732
HG01874								3/6,3/6	0.997		1.0	0.05475	0.1095	0.24638	0.02409	2.35973	1.43883	0.09965	0.01095	0.33179	0.00548	0.00438	0.0	0.01314	0.0	0.10074	0.00438	0.0011	0.09527	0.05037	0.00548
HG01878								2,3/6	0.947, 0.96		1.0	0.01952	0.01481	7.39055	5.05988	1.22188	0.88662	0.08415	0.01212	0.28746	0.00269	0.01885	0.00067	0.01414	0.0	0.07675	0.02491	0.00135	0.08684	0.03164	0.00606
HG01879		1	ACB	AFR	2.0	train	1,3/6	1,3/6	0.992, 0.962	True	1.0	0.53185	0.5375	0.3097	0.05648	4.06186	0.6194	0.17226	0.06589	0.34547	0.00188	0.01694	0.0	0.0113	0.0	0.1525	0.03012	0.0	0.08754	0.04424	0.04236
HG01880			ACB	AFR	2.0	train	3/6,3/6	3/6,3/6	0.997	True	1.0	0.04653	0.0418	0.30048	0.01972	3.00086	1.68222	0.07571	0.01893	0.33282	0.00158	0.01577	0.0	0.0142	0.0	0.11278	0.00631	0.00237	0.10331	0.05915	0.01104
HG01881		1	ACB	AFR	2.0	train	1,3/6	1,3/6	0.987, 0.985	True	1.0	0.37845	0.39124	0.23098	0.03687	3.85371	1.12707	0.1422	0.02408	0.23399	0.00226	0.00527	0.0	0.00677	0.0015	0.21067	0.02558	0.0	0.06395	0.04213	0.02784
HG01882	1	2	ACB	AFR	2.0	train	1,2	1,2	0.987, 0.986	True	1.0	1.17886	0.98158	7.5796	5.25135	0.12931	0.0006	0.14194	0.03549	0.16781	0.0012	0.03909	0.0012	0.01143	0.0006	0.166	0.03067	0.0012	0.10225	0.02586	0.0427
HG01883	1	9	ACB	AFR	2.0	train	1,9	1,9	0.991, 0.956	True	1.0	0.75959	0.71877	0.25962	0.04875	0.24375	0.0	0.16779	0.03741	0.45348	0.00227	0.04081	0.0102	10.11949	4.78199	0.24035	0.05328	0.0	0.03628	0.0941	0.03515
HG01884	1		ACB	AFR	2.0	train	1,3/6	1,3/6	0.976, 0.977	True	1.0	1.14029	1.11763	0.14775	0.05529	2.01952	0.97079	0.07614	0.0145	0.49763	0.00091	0.00453	0.0	0.00635	0.0	0.10424	0.02447	0.0	0.0698	0.13234	0.01632
HG01885			ACB	AFR	2.0	train	3/6,3/6	3/6,3/6	0.997	True	1.0	0.02706	0.02925	0.24208	0.08264	3.2874	1.59214	0.09873	0.00951	0.41394	0.0	0.01682	0.0	0.01097	0.00073	0.09361	0.00658	0.00146	0.08996	0.04534	0.01316
HG01886	2	1	ACB	AFR	2.0	train	1,2	1,2	0.996, 0.925	True	1.0	1.77685	1.46329	5.36321	3.57003	0.19761	0.00163	0.24497	0.00898	0.36745	0.00082	0.02695	0.0	0.01715	0.00082	0.3054	0.0988	0.00082	0.14372	0.02041	0.04736
HG01887	1	2	ACB	AFR	2.0	train	1,2	1,2	0.998, 0.947	True	1.0	1.65648	1.39707	4.74911	3.37547	0.09454	0.00078	0.10939	0.02344	0.40474	0.00156	0.01563	0.0	0.00781	0.0	0.24769	0.0711	0.00078	0.08126	0.01797	0.06485
HG01888	9	2	ACB	AFR	2.0	train	2,9	2,9	0.984, 0.9	True	1.0	0.01998	0.02626	7.23942	5.07804	0.13473	0.0	0.12845	0.03996	0.15528	0.00285	0.06394	0.00514	6.12847	2.73341	0.02797	0.03311	0.0	0.09591	0.05937	0.01713
HG01889	1	10	ACB	AFR	2.0	train	1,10	1,10	0.899, 0.982	True	1.0	1.98232	1.70795	0.25417	0.02127	0.1659	0.00319	0.17016	0.01595	0.32968	0.00319	0.00744	0.00106	0.01702	0.0	4.79523	3.63284	0.0	0.14251	0.00638	0.05636
HG01890			ACB	AFR	2.0	train	3/6,3/6	3/6,3/6	0.996	True	1.0	0.02926	0.03657	0.27389	0.02601	2.7235	1.56372	0.07965	0.05608	0.25358	0.0	0.01625	0.0	0.01463	0.0	0.12435	0.03901	0.00081	0.13979	0.03576	0.00569
HG01891	10		ACB	AFR	2.0	train	10,3/6	10,3/6	0.898, 0.99	True	1.0	0.03851	0.03301	0.19439	0.011	1.66975	1.09025	0.07611	0.04768	0.3897	0.00275	0.01834	0.0	0.01192	0.0	4.61589	3.76589	0.00183	0.13846	0.01834	0.0055
HG01892		2	PEL	AMR	2.0	test	2,3/6	2,3/6	0.993, 0.989	True	1.0	0.02104	0.02376	7.6543	5.13952	1.28963	0.50228	0.10046	0.04344	0.23621	0.00339	0.01561	0.0	0.01018	0.0	0.04887	0.03122	0.0	0.0767	0.01968	0.0095
HG01893	1	2	PEL	AMR	2.0	train	1,2	1,2	0.936, 0.982	True	1.0	2.71204	2.67349	8.81196	5.64988	0.11566	0.00157	0.12667	0.00551	0.28875	0.00157	0.00472	0.00079	0.01967	0.00079	0.06452	0.02518	0.0	0.11959	0.00079	0.03462
HG01894	1		ACB	AFR	2.0	train	1,3/6	1,3/6	0.986, 0.964	True	1.0	3.45207	3.34947	0.23067	0.10997	1.78773	0.62564	0.09053	0.0409	0.44391	0.00335	0.02414	0.0	0.0114	0.0	0.11601	0.05163	0.00134	0.11802	0.05499	0.02615
HG01895		9	ACB	AFR	2.0	train	3/6,9	3/6,9	0.98, 0.903	True	1.0	0.04713	0.04015	0.23043	0.02182	2.09397	0.66424	0.0515	0.03404	0.29677	0.0	0.05324	0.00436	9.29412	4.05265	0.0611	0.01135	0.0	0.03404	0.06896	0.00524
HG01896		1	ACB	AFR	2.0	test	1,3/6	1,3/6	0.963, 0.959	True	1.0	1.55895	1.34961	0.22891	0.02723	2.2695	0.88414	0.13105	0.10126	0.38208	0.0	0.01872	0.0	0.01362	0.0	0.09701	0.0468	0.0	0.15828	0.04425	0.01276
HG01897	1	1	ACB	AFR	2.0	train	1,1	1,1	0.997	True	1.0	4.9612	4.47625	0.19032	0.07412	0.1949	0.00183	0.12627	0.0851	0.50143	0.00183	0.00366	0.0	0.01281	0.00092	0.16379	0.06771	0.0	0.09516	0.02654	0.03752
HG01898	2	2	PEL	AMR	2.0	train	2,2	2,2	0.997	True	1.0	0.01752	0.02267	12.88461	8.34531	0.0809	0.00052	0.11027	0.01443	0.18809	0.00052	0.00412	0.0	0.01752	0.0	0.03453	0.04586	0.00052	0.06647	0.00979	0.02319
HG01912	1	9	ACB	AFR	2.0	train	1,9	1,9	0.978, 0.897	True	1.0	1.6868	1.48023	0.36329	0.02849	0.2251	0.00285	0.05271	0.01282	0.44165	0.00855	0.04986	0.00427	11.71359	5.03476	0.30203	0.07551	0.00142	0.03277	0.07266	0.00285
HG01914	4	2	ACB	AFR	2.0	train	2,4	2,4	0.99, 0.948	True	1.0	0.02096	0.02795	1.77051	1.21236	0.14499	0.0	1.58184	0.68829	0.42625	0.00262	0.00349	0.00087	0.01398	0.0	0.04979	0.00786	0.00087	0.09957	0.01223	0.01136
HG01915	11	4	ACB	AFR	2.0	train	11,4	11,4	0.963, 0.932	True	1.0	0.02914	0.02914	0.34066	0.05627	0.1226	0.0	0.74964	0.65619	0.53158	0.001	0.09144	0.0	0.01407	0.0	0.11054	0.00703	3.1282	0.79084	0.05225	0.03316
HG01916	4	2	ACB	AFR	2.0	train	2,4	2,4	0.953, 0.954	True	1.0	0.02541	0.01724	1.75759	1.36923	0.14972	0.0	0.6769	0.62972	0.58616	0.00363	0.00272	0.0	0.01905	0.00091	0.0617	0.00454	0.0	0.10889	0.0118	0.0245
HG01917		1	PEL	AMR	2.0	train	1,3/6	1,3/6	0.935, 0.987	True	1.0	4.28124	4.07959	0.34269	0.01632	1.17026	0.58396	0.11539	0.02448	0.41379	0.00233	0.00466	0.0	0.01166	0.0	0.13404	0.0035	0.00233	0.11073	0.06527	0.00117
HG01918	2	1	PEL	AMR	2.0	test	1,2	1,2	0.965, 0.962	True	1.0	2.97604	2.92261	7.78273	5.33898	0.09484	0.00134	0.11287	0.01135	0.25446	0.00134	0.00401	0.00067	0.01469	0.0	0.06946	0.03139	0.0	0.16764	0.01069	0.00601
HG01919	1	1	PEL	AMR	2.0	test	1,1	1,1	0.952	True	1.0	8.00267	7.73126	0.12292	0.0118	0.11014	0.00197	0.0708	0.03933	0.44547	0.00098	0.00393	0.00098	0.00983	0.00098	0.14062	0.0059	0.0	0.10129	0.00492	0.00098
HG01920	1	1	PEL	AMR	2.0	train	1,1	1,1	0.997	True	1.0	6.99457	6.54497	0.1862	0.07321	0.06605	0.01273	0.0565	0.02308	0.34217	0.0008	0.0191	0.0	0.01194	0.0	0.17268	0.02546	0.0	0.10902	0.0382	0.0
HG01921		2	PEL	AMR	2.0	train	2,3/6	2,3/6	0.994, 0.992	True	1.0	0.0167	0.02072	9.16214	5.74886	0.82266	0.41565	0.1278	0.0167	0.18768	0.00115	0.01151	0.0	0.01554	0.0	0.03742	0.02533	0.00173	0.10708	0.05699	0.03915
HG01922	2	1	PEL	AMR	2.0	test	1,2	1,2	0.983, 0.965	True	1.0	2.56687	2.46725	8.78035	5.70867	0.13413	0.00891	0.13358	0.03005	0.2243	0.00167	0.02393	0.00056	0.02505	0.0	0.09072	0.03896	0.0	0.12411	0.03562	0.04953
HG01923	1		PEL	AMR	2.0	train	1,3/6	1,3/6	0.972, 0.977	True	1.0	4.32846	4.0731	0.22904	0.03509	1.09064	0.53899	0.11404	0.00682	0.36745	0.00487	0.00292	0.00195	0.0117	0.0	0.12183	0.02632	0.00097	0.16277	0.04776	0.01365
HG01924	4		PEL	AMR	2.0	test	3/6,4	3/6,3/6	0.997	False	1.0	0.03941	0.0363	0.43141	0.03319	1.72979	0.83586	0.17526	0.03941	0.49052	0.00311	0.00519	0.0	0.02178	0.0	0.07156	0.00519	0.00207	0.13274	0.14207	0.0083
HG01925			PEL	AMR	2.0	train	3/6,3/6	3/6,3/6	0.997	True	1.0	0.03208	0.0275	0.2053	0.01558	2.51496	1.43162	0.1329	0.01283	0.3052	0.00183	0.00275	0.0	0.01191	0.0	0.08249	0.00825	0.0	0.06416	0.14573	0.00183
HG01926			PEL	AMR	2.0	test	3/6,3/6	3/6,3/6	0.996	True	1.0	0.02238	0.02398	0.25499	0.01838	1.77614	1.20141	0.10791	0.0056	0.28137	0.0024	0.0032	0.0008	0.01519	0.0008	0.07754	0.00639	0.0008	0.1159	0.15187	0.0048
HG01927	2		PEL	AMR	2.0	test	2,3/6	2,3/6	0.978, 0.98	True	1.0	0.02456	0.02666	9.60674	6.19891	0.7304	0.30731	0.12138	0.00982	0.2996	0.0021	0.00702	0.0	0.00912	0.0007	0.06315	0.01824	0.0007	0.08139	0.03648	0.0435
HG01928			PEL	AMR	2.0	train	3/6,3/6	3/6,3/6	0.997	True	1.0	0.0275	0.02839	0.16502	0.00887	1.87816	1.22785	0.08606	0.01331	0.33979	0.00177	0.00444	0.00089	0.0071	0.0	0.07452	0.00798	0.0	0.13574	0.14993	0.00266
HG01932			PEL	AMR	2.0	train	3/6,3/6	3/6,3/6	0.995	True	1.0	0.05054	0.03296	0.18456	0.01648	2.28619	1.2535	0.13073	0.01208	0.40868	0.00549	0.00989	0.0011	0.01099	0.0	0.156	0.01099	0.0	0.10656	0.13952	0.00439
HG01933			PEL	AMR	2.0	test	3/6,3/6	3/6,3/6	0.997	True	1.0	0.02657	0.03188	0.21362	0.02232	1.97781	1.12653	0.09352	0.01169	0.37197	0.00744	0.01488	0.00106	0.01807	0.0	0.13285	0.00744	0.00106	0.06483	0.08821	0.00319
HG01934			PEL	AMR	2.0	train	3/6,3/6	3/6,3/6	0.997	True	1.0	0.04214	0.03494	0.17471	0.01644	2.46442	1.36581	0.1151	0.0113	0.38744	0.00617	0.01439	0.0	0.02364	0.0	0.13463	0.01233	0.00103	0.11305	0.08119	0.00206
HG01935		2	PEL	AMR	2.0	train	2,3/6	2,3/6	0.993, 0.982	True	1.0	0.02353	0.02876	9.55804	6.77834	0.83659	0.38823	0.14575	0.01242	0.17974	0.00196	0.00523	0.00131	0.01111	0.0	0.06274	0.03856	0.0	0.09346	0.0464	0.01046
HG01936	2	2	PEL	AMR	2.0	train	2,2	2,2	0.997	True	1.0	0.01591	0.01774	11.73934	8.25345	0.07708	0.0	0.14683	0.00979	0.13398	0.00061	0.00612	0.00061	0.00856	0.0	0.02814	0.02569	0.00061	0.07892	0.01346	0.01652
HG01937	2	2	PEL	AMR	2.0	train	2,2	2,2	0.997	True	1.0	0.01132	0.0151	12.72923	9.1138	0.10245	0.0	0.17794	0.02049	0.15529	0.0027	0.01294	0.00108	0.01833	0.0	0.0302	0.04475	0.00108	0.11	0.02373	0.01186
HG01938			PEL	AMR	2.0	test	3/6,3/6	3/6,3/6	0.997	True	1.0	0.04751	0.03611	0.27369	0.01425	2.42516	1.34182	0.12164	0.0095	0.41433	0.00095	0.0038	0.00095	0.00665	0.0	0.11879	0.0076	0.0	0.08268	0.10168	0.0057
HG01939			PEL	AMR	2.0	test	3/6,3/6	3/6,3/6	0.996	True	1.0	0.02742	0.0267	0.23665	0.02092	2.20343	1.4704	0.09957	0.00938	0.18326	0.00072	0.00361	0.00072	0.01082	0.00072	0.0873	0.01515	0.00072	0.11255	0.26839	0.00433
HG01940			PEL	AMR	2.0	train	3/6,3/6	3/6,3/6	0.993	True	1.0	0.01759	0.0268	0.15911	0.0134	2.19066	1.38507	0.09546	0.01089	0.24369	0.00251	0.00084	0.00084	0.00837	0.0	0.12477	0.00586	0.0	0.06532	0.30649	0.0
HG01941			PEL	AMR	2.0	train	3/6,3/6	3/6,3/6	0.997	True	1.0	0.03903	0.02244	0.23516	0.02244	3.55955	2.41499	0.11416	0.0683	0.34639	0.00098	0.03415	0.00098	0.00781	0.0	0.09953	0.00976	0.00098	0.05464	0.08001	0.00293
HG01942	1		PEL	AMR	2.0	train	1,3/6	1,3/6	0.951, 0.991	True	1.0	4.15769	4.01106	0.24383	0.01341	1.28032	0.53207	0.09133	0.04357	0.4399	0.00168	0.01676	0.0	0.01089	0.0	0.08295	0.01592	0.0	0.11228	0.02681	0.00251
HG01943			PEL	AMR	2.0	train	3/6,3/6	3/6,3/6	0.996	True	1.0	0.02907	0.03577	0.24035	0.03018	2.44489	1.24536	0.07378	0.04919	0.37786	0.00224	0.019	0.0	0.0123	0.0	0.07937	0.02683	0.0	0.0872	0.09614	0.00112
HG01944	2	2	PEL	AMR	2.0	train	2,2	2,2	0.997	True	1.0	0.01373	0.01373	14.68237	9.84176	0.13447	0.00047	0.12358	0.00805	0.19319	0.00095	0.00758	0.0	0.00994	0.0	0.02273	0.04451	0.00047	0.09044	0.01421	0.03883
HG01945			PEL	AMR	2.0	train	3/6,3/6	3/6,3/6	0.997	True	1.0	0.02609	0.02214	0.20164	0.0253	1.78074	1.1181	0.08698	0.02768	0.23643	0.00079	0.00395	0.00079	0.0087	0.0	0.07986	0.0253	0.0	0.07512	0.15182	0.00633
HG01946		2	PEL	AMR	2.0	train	2,3/6	2,3/6	0.988, 0.977	True	1.0	0.02393	0.01555	8.69937	5.87894	0.78422	0.48094	0.11784	0.00897	0.22372	0.0006	0.00479	0.0	0.00778	0.0	0.04845	0.05982	0.0012	0.07896	0.09272	0.00359
HG01947		2	PEL	AMR	2.0	train	2,3/6	2,3/6	0.951, 0.993	True	1.0	0.03665	0.05454	7.37802	5.11697	0.89146	0.49772	0.15341	0.0196	0.24716	0.00085	0.00682	0.0	0.0179	0.0	0.04943	0.0196	0.0	0.10994	0.0767	0.02472
HG01948	2		PEL	AMR	2.0	train	2,3/6	2,3/6	0.99, 0.987	True	1.0	0.02208	0.01671	9.06286	5.79543	0.96561	0.53592	0.11995	0.0549	0.2226	0.0006	0.0191	0.0	0.00477	0.0	0.03879	0.02507	0.00119	0.10086	0.00955	0.03342
HG01949		2	PEL	AMR	2.0	test	2,3/6	2,3/6	0.866, 0.988	True	1.0	0.03891	0.04795	6.82172	4.71412	1.04928	0.57189	0.10771	0.05698	0.29394	0.00139	0.041	0.0	0.01529	0.0	0.0681	0.03405	0.00139	0.11605	0.05281	0.01737
HG01950			PEL	AMR	2.0	test	3/6,3/6	3/6,3/6	0.996	True	1.0	0.02479	0.0307	0.26919	0.01653	2.55372	1.30933	0.10626	0.00472	0.31523	0.00236	0.0059	0.0	0.02007	0.0	0.11334	0.00945	0.00118	0.12279	0.07792	0.00354
HG01951	2	2	PEL	AMR	2.0	train	2,2	2,2	0.996	True	1.0	0.01385	0.01385	12.65593	8.62122	0.09215	0.0	0.14168	0.01172	0.11345	0.0	0.00959	0.0	0.01811	0.0	0.03356	0.04581	0.0	0.11239	0.03196	0.00426
HG01952	2		PEL	AMR	2.0	test	2,3/6	2,3/6	0.957, 0.989	True	1.0	0.02192	0.02334	8.61829	5.84524	0.8614	0.42363	0.15559	0.01768	0.18105	0.00354	0.01202	0.00071	0.01768	0.0	0.0785	0.02758	0.00141	0.09689	0.07002	0.00495
HG01953		2	PEL	AMR	2.0	train	2,3/6	2,3/6	0.995, 0.984	True	1.0	0.0215	0.0227	9.66773	6.15746	0.92102	0.34882	0.16007	0.02748	0.20845	0.00478	0.00717	0.0006	0.01195	0.0006	0.04002	0.03106	0.0	0.09377	0.02389	0.03703
HG01954	2		PEL	AMR	2.0	train	2,3/6	2,3/6	0.993, 0.98	True	1.0	0.01274	0.01216	8.98532	5.88889	0.6861	0.40529	0.1239	0.01621	0.18759	0.00058	0.00695	0.0	0.01795	0.00058	0.04111	0.02779	0.00174	0.09959	0.05616	0.02548
HG01955		2	PEL	AMR	2.0	train	2,3/6	2,3/6	0.983, 0.982	True	1.0	0.01959	0.01558	8.30063	5.35389	0.69436	0.43762	0.10149	0.0201	0.19645	0.001	0.00603	0.0	0.00955	0.0005	0.04019	0.02763	0.0005	0.07235	0.05376	0.03366
HG01956		1	ACB	AFR	2.0	train	1,3/6	1,3/6	0.972, 0.992	True	1.0	1.0352	1.0352	0.31301	0.03532	2.31766	0.93315	0.11186	0.0157	0.37483	0.00392	0.01472	0.00392	0.01177	0.0	0.07359	0.01668	0.00098	0.08635	0.09027	0.00392
HG01958		2	ACB	AFR	2.0	train	2,3/6	2,3/6	0.83, 0.979	True	1.0	0.04864	0.02218	8.67328	5.62718	2.29524	1.13823	0.05717	0.00597	0.35495	0.00256	0.05717	0.0	0.02133	0.0	0.0913	0.13396	0.00085	0.10324	0.07935	0.00683
HG01959	2		ACB	AFR	2.0	train	2,3/6	2,3/6	0.883, 0.99	True	1.0	0.02544	0.03421	8.16514	5.36098	1.98055	1.31919	0.05438	0.04561	0.3105	0.00175	0.02631	0.0	0.01667	0.00088	0.1149	0.02456	0.0	0.09911	0.03684	0.00526
HG01960	1	4	ACB	AFR	2.0	train	1,4	1,4	0.969, 0.905	True	1.0	5.52764	5.37686	0.26825	0.0289	0.10617	0.00188	1.00577	0.53272	0.49063	0.00126	0.0044	0.0	0.00942	0.0	0.09235	0.0201	0.0	0.10177	0.04209	0.00314
HG01961								3/6,3/6	0.996		1.0	0.03507	0.02806	0.22914	0.0304	2.09968	1.19364	0.08067	0.00468	0.23499	0.00117	0.00117	0.0	0.01637	0.0	0.0982	0.00468	0.0	0.1625	0.05261	0.00468
HG01965								3/6,4	0.982, 0.991		1.0	0.03399	0.02999	0.44781	0.01799	1.31943	0.60074	1.43138	0.74668	0.56476	0.003	0.004	0.0	0.01499	0.0	0.08696	0.003	0.0	0.12794	0.04598	0.004
HG01967			PEL	AMR	2.0	train	3/6,3/6	3/6,3/6	0.996	True	1.0	0.03583	0.05151	0.27884	0.0224	2.49275	1.25421	0.05487	0.02912	0.31131	0.00112	0.03024	0.0	0.0112	0.0	0.09071	0.01568	0.0	0.11534	0.04815	0.00336
HG01968			PEL	AMR	2.0	train	3/6,3/6	3/6,3/6	0.997	True	1.0	0.03299	0.02474	0.25977	0.01402	1.59985	1.12237	0.11051	0.01072	0.22019	0.00165	0.00495	0.0	0.01319	0.0	0.09814	0.00907	0.0	0.09978	0.12617	0.00412
HG01969			PEL	AMR	2.0	test	3/6,3/6	3/6,3/6	0.996	True	1.0	0.04275	0.05899	0.16842	0.0171	2.22961	1.09172	0.06497	0.01624	0.3659	0.00256	0.03505	0.0	0.01111	0.0	0.09062	0.03163	0.0	0.10515	0.053	0.00085
HG01970			PEL	AMR	2.0	train	3/6,3/6	3/6,3/6	0.995	True	1.0	0.04289	0.0316	0.1885	0.02032	2.40533	1.16259	0.10271	0.00451	0.43908	0.0	0.00339	0.0	0.01129	0.0	0.12529	0.03499	0.0	0.08804	0.12529	0.00903
HG01971	2		PEL	AMR	2.0	train	2,3/6	2,3/6	0.995, 0.972	True	1.0	0.01647	0.01525	6.11869	4.28125	0.6808	0.49047	0.11225	0.01037	0.21351	0.00183	0.00671	0.00122	0.00976	0.0	0.05856	0.01769	0.0	0.07259	0.061	0.02623
HG01972			PEL	AMR	2.0	test	3/6,3/6	3/6,3/6	0.997	True	1.0	0.0233	0.01971	0.17741	0.02061	1.99715	1.08414	0.09318	0.01882	0.34943	0.0	0.00448	0.0	0.01254	0.0009	0.11558	0.02419	0.0	0.09587	0.10662	0.00269
HG01973			PEL	AMR	2.0	train	3/6,3/6	3/6,3/6	0.997	True	1.0	0.03831	0.05416	0.30253	0.03039	2.16659	1.24579	0.12947	0.01453	0.3884	0.0	0.00528	0.0	0.01057	0.0	0.12947	0.01057	0.0	0.09644	0.08323	0.00396
HG01974			PEL	AMR	2.0	train	3/6,3/6	3/6,3/6	0.992	True	1.0	0.03325	0.03562	0.23036	0.02019	2.40572	1.20523	0.10568	0.01187	0.53672	0.00475	0.0095	0.0	0.019	0.00119	0.10093	0.00831	0.0	0.11043	0.12705	0.02494
HG01975			PEL	AMR	2.0	train	3/6,3/6	3/6,3/6	0.992	True	1.0	0.03131	0.03027	0.17326	0.01566	2.34007	1.29007	0.10855	0.01357	0.5083	0.00209	0.00313	0.0	0.00626	0.0	0.09707	0.00626	0.00209	0.09289	0.12525	0.02087
HG01976	1	2	PEL	AMR	2.0	train	1,2	1,2	0.95, 0.988	True	1.0	2.70737	2.626	9.92304	6.62083	0.11607	0.00063	0.1249	0.01135	0.26746	0.00063	0.00189	0.00126	0.01199	0.0	0.06434	0.01829	0.00063	0.1148	0.00315	0.03532
HG01977	2	1	PEL	AMR	2.0	train	1,2	1,2	0.959, 0.967	True	1.0	3.32595	3.24684	7.35997	5.21519	0.08782	0.00079	0.11709	0.0087	0.25791	0.00079	0.00396	0.0	0.00396	0.00079	0.07911	0.02848	0.0	0.11076	0.00633	0.00237
HG01978	2	1	PEL	AMR	2.0	test	1,2	1,2	0.972, 0.988	True	1.0	3.31749	3.22174	9.40592	6.44634	0.10657	0.00114	0.11398	0.01824	0.2462	0.00057	0.00399	0.0	0.01311	0.0	0.06554	0.03078	0.00171	0.08777	0.00342	0.03021
HG01979	1	4	PEL	AMR	2.0	train	1,4	1,4	0.955, 0.962	True	1.0	3.91848	3.85628	0.34436	0.04324	0.14563	0.00152	0.96786	0.57723	0.67887	0.00228	0.0091	0.0	0.01138	0.00076	0.07206	0.02882	0.0	0.1737	0.06068	0.00683
HG01980			PEL	AMR	2.0	train	3/6,3/6	3/6,3/6	0.996	True	1.0	0.03171	0.0225	0.21581	0.03784	2.10905	1.18238	0.07569	0.00716	0.23423	0.00205	0.00614	0.0	0.0133	0.0	0.09103	0.01125	0.0	0.11456	0.11046	0.00409
HG01981		4	PEL	AMR	2.0	train	3/6,4	3/6,4	0.966, 0.99	True	1.0	0.02137	0.02612	0.277	0.03245	0.97503	0.6553	0.95762	0.5168	0.49543	0.00079	0.00237	0.0	0.02295	0.00079	0.07677	0.00712	0.00079	0.20498	0.11792	0.00237
HG01982	5		PEL	AMR	2.0	train	3/6,5	3/6,5	1.0, 0.989	True	1.0	0.03624	0.03624	0.24348	0.02602	1.57705	0.6468	0.06226	0.04554	5.56196	2.23315	0.42841	0.00093	0.07713	0.0	0.11338	0.02044	0.00093	0.07806	0.09479	0.00186
HG01983			PEL	AMR	2.0	train	3/6,3/6	3/6,3/6	0.997	True	1.0	0.03013	0.06276	0.20585	0.0159	2.26523	1.62508	0.12301	0.01004	0.30543	0.00586	0.00335	0.00167	0.01172	0.0	0.10711	0.01255	0.00084	0.13807	0.09958	0.00753
HG01984			PEL	AMR	2.0	test	3/6,3/6	3/6,3/6	0.996	True	1.0	0.03499	0.04549	0.19158	0.01487	2.60513	1.3673	0.07698	0.05774	0.25107	0.0035	0.01575	0.00087	0.01225	0.0	0.08398	0.03149	0.00087	0.11722	0.06561	0.00262
HG01985								1,2	0.979, 0.909		1.0	1.55737	1.34052	4.82884	3.50409	0.16165	0.0	0.06308	0.04731	0.44257	0.0	0.00789	0.0	0.0138	0.0	0.12025	0.09955	0.0	0.08871	0.03253	0.03253
HG01986	1		ACB	AFR	2.0	train	1,3/6	1,3/6	0.983, 0.943	True	1.0	1.44496	1.19698	0.23922	0.11479	1.99613	1.29336	0.08412	0.04819	0.3654	0.00351	0.00263	0.0	0.01227	0.0	0.37066	0.05345	0.0	0.11216	0.04732	0.02015
HG01987			ACB	AFR	2.0	test	3/6,3/6	3/6,3/6	0.996	True	1.0	0.02686	0.02474	0.20142	0.0205	2.92374	1.4184	0.09046	0.1046	0.26078	0.00283	0.0212	0.0	0.01201	0.0	0.06643	0.02544	0.0	0.10954	0.02474	0.00071
HG01988	9	4	ACB	AFR	2.0	test	4,9	4,9	0.946, 0.69	True	1.0	0.04643	0.03134	0.37606	0.04643	0.14392	0.0	1.60057	0.94595	0.66739	0.0	0.02786	0.00348	6.49628	2.91213	0.08357	0.01045	0.0	0.08473	0.02786	0.00464
HG01989	1	1	ACB	AFR	2.0	train	1,1	1,1	0.997	True	1.0	7.19046	6.75075	0.31615	0.04261	0.09544	0.0017	0.10396	0.00682	0.38006	0.00085	0.00767	0.00085	0.00682	0.0	0.37154	0.05624	0.0	0.10481	0.05028	0.02216
HG01990			ACB	AFR	2.0	train	3/6,3/6	3/6,3/6	0.992	True	1.0	0.01752	0.03087	0.40461	0.02252	2.47687	1.16961	0.07341	0.12847	0.34621	0.0	0.02002	0.00083	0.01752	0.0	0.04421	0.0292	0.00083	0.11429	0.04338	0.00334
HG01991			PEL	AMR	2.0	test	3/6,3/6	3/6,3/6	0.996	True	1.0	0.02275	0.03093	0.3057	0.0373	2.07079	1.17278	0.10554	0.01547	0.2593	0.00273	0.00546	0.0	0.02002	0.00091	0.08007	0.01092	0.00091	0.11555	0.1392	0.00273
HG01992	2	2	PEL	AMR	2.0	test	2,2	2,2	0.997	True	1.0	0.01385	0.01632	13.90673	9.23406	0.08902	0.0	0.14985	0.01236	0.1543	0.00049	0.00445	0.0	0.0094	0.0	0.02423	0.02671	0.00099	0.1088	0.0089	0.01286
HG01993	2		PEL	AMR	2.0	test	2,3/6	2,3/6	0.961, 0.988	True	1.0	0.02166	0.02864	8.25719	5.57046	0.97102	0.33951	0.13622	0.01886	0.23821	0.00279	0.00838	0.0007	0.01816	0.0	0.06497	0.03493	0.0007	0.11107	0.0475	0.0014
HG01997		2	PEL	AMR	2.0	test	2,3/6	2,3/6	0.988, 0.989	True	1.0	0.0167	0.02138	9.63533	6.43692	0.63928	0.42151	0.12425	0.01069	0.21309	0.00134	0.00601	0.00067	0.01737	0.00067	0.06546	0.02071	0.00067	0.11957	0.03874	0.04342
HG01998	2		PEL	AMR	2.0	train	2,3/6	2,3/6	0.984, 0.982	True	1.0	0.02077	0.02278	9.98513	6.59825	0.84404	0.39054	0.12058	0.01809	0.28537	0.00201	0.01407	0.0	0.02746	0.00067	0.05627	0.0288	0.00201	0.13464	0.05962	0.03617
HG02002			PEL	AMR	2.0	train	3/6,3/6	3/6,3/6	0.997	True	1.0	0.03175	0.03432	0.27714	0.02317	1.78126	1.21839	0.1656	0.01115	0.26341	0.00172	0.00343	0.0	0.01373	0.00086	0.06778	0.00858	0.00086	0.07465	0.24282	0.00429
HG02003	2		PEL	AMR	2.0	train	2,3/6	2,3/6	0.926, 0.98	True	1.0	0.03054	0.02738	3.12977	2.41999	1.80815	1.83237	0.14006	0.03159	0.22536	0.00105	0.00211	0.0	0.02527	0.0	0.07372	0.04318	0.0	0.08319	0.00421	0.00527
HG02004			PEL	AMR	2.0	train	3/6,3/6	3/6,3/6	0.996	True	1.0	0.03553	0.02944	0.23654	0.03655	2.95321	2.9258	0.11269	0.03553	0.21522	0.00305	0.01117	0.0	0.02944	0.0	0.11979	0.02843	0.0	0.1137	0.16852	0.00203
HG02006								3/6,3/6	0.997		1.0	0.03336	0.03429	0.25487	0.02224	1.61356	1.25211	0.10844	0.01019	0.24931	0.00371	0.00371	0.0	0.00927	0.0	0.10473	0.00556	0.00093	0.07507	0.11678	0.00093
HG02008			PEL	AMR	2.0	train	3/6,3/6	3/6,3/6	0.997	True	1.0	0.03767	0.02799	0.22281	0.02153	2.27219	1.23996	0.09472	0.01292	0.34013	0.00538	0.00861	0.0	0.01399	0.0	0.10871	0.00753	0.0	0.13562	0.15392	0.00108
HG02009			ACB	AFR	2.0	train	3/6,3/6	3/6,3/6	0.988	True	1.0	0.02068	0.03053	0.48755	0.1044	3.58226	0.99972	0.06402	0.04334	0.42057	0.00295	0.01773	0.00098	0.0522	0.0	0.03152	0.00591	0.00098	0.12115	0.07289	0.00492
HG02010	2	1	ACB	AFR	2.0	train	1,2	1,2	0.976, 0.911	True	1.0	1.05871	1.03746	1.73588	1.27396	0.18384	0.0	0.07668	0.01293	0.3917	0.00092	0.00185	0.0	0.01663	0.0	0.07945	0.0194	0.0	0.05173	0.06836	0.02125
HG02011	1		ACB	AFR	2.0	test	1,3/6	1,3/6	0.959, 0.994	True	1.0	1.2628	1.25656	0.34402	0.03014	1.79286	0.7795	0.08211	0.04677	0.55085	0.0052	0.03222	0.0	0.04677	0.0	0.07379	0.03014	0.0	0.09042	0.15798	0.00208
HG02012	1		ACB	AFR	2.0	train	1,3/6	1,3/6	0.96, 0.949	True	1.0	1.64294	1.44944	0.3312	0.01594	2.1459	0.93851	0.12465	0.10001	0.24423	0.00145	0.02392	0.00072	0.01957	0.0	0.08044	0.07682	0.0	0.13117	0.03334	0.01377
HG02013		1	ACB	AFR	2.0	train	1,3/6	1,3/6	0.99, 0.948	True	1.0	2.6951	2.51126	0.30519	0.09301	1.73739	1.06889	0.10028	0.03924	0.48031	0.00218	0.00363	0.00145	0.00799	0.0	0.14823	0.01381	0.0	0.10391	0.04215	0.0218
HG02014		2	ACB	AFR	2.0	test	2,3/6	2,3/6	0.914, 0.983	True	1.0	0.02275	0.01541	3.99454	2.84329	1.68249	1.03752	0.05283	0.04036	0.35954	0.00294	0.00587	0.0	0.00881	0.0	0.09979	0.00587	0.0	0.08952	0.01468	0.02495
HG02015	2	4	KHV	EAS	2.0	train	2,4	2,4	0.994, 0.942	True	1.0	0.02002	0.0226	8.47436	5.67863	0.16916	0.00065	0.90974	0.57529	0.40225	0.00387	0.0226	0.00065	0.02454	0.0	0.05101	0.01614	0.00065	0.13494	0.02389	0.01098
HG02016	1	2	KHV	EAS	2.0	train	1,2	1,2	0.962, 0.98	True	1.0	2.12005	2.00929	8.60517	5.68739	0.07334	0.00075	0.13246	0.01347	0.21627	0.00075	0.01946	0.00075	0.02245	0.00075	0.08232	0.03817	0.0015	0.07858	0.01871	0.01721
HG02017		4	KHV	EAS	2.0	train	3/6,4	3/6,4	0.952, 0.991	True	1.0	0.02323	0.0359	0.29463	0.01162	1.71287	0.80997	1.1046	0.69381	0.58715	0.00317	0.02323	0.0	0.01478	0.0	0.11933	0.01056	0.0	0.15946	0.02323	0.00317
HG02018	4	4	KHV	EAS	2.0	train	4,4	4,4	0.982	True	1.0	0.03336	0.01845	0.39107	0.0362	0.21505	0.00355	3.56291	1.66648	0.65083	0.00426	0.01561	0.0	0.01845	0.0	0.06955	0.00923	0.0	0.2037	0.02484	0.00497
HG02019	2	4	KHV	EAS	2.0	train	2,4	2,4	0.966, 0.907	True	1.0	0.01704	0.0188	3.84152	2.3787	0.10516	0.00059	1.09154	0.61039	0.26965	0.00059	0.00646	0.00059	0.0141	0.0	0.09223	0.01586	0.00059	0.12866	0.04641	0.07167
HG02020	2	4	KHV	EAS	2.0	train	2,4	2,4	0.995, 0.947	True	1.0	0.02597	0.01965	10.27131	6.83608	0.09965	0.0	1.59094	0.51651	0.38668	0.00211	0.02386	0.0014	0.01263	0.0	0.05053	0.03228	0.00211	0.13966	0.01895	0.00632
HG02023								2,3/6	0.993, 0.969		1.0	0.01833	0.01419	7.91199	5.60834	1.10334	0.53866	0.12476	0.0201	0.22883	0.00355	0.02188	0.00059	0.00887	0.0	0.05499	0.0337	0.0	0.09638	0.03193	0.01123
HG02024		4	KHV	EAS	2.0	test	3/6,4	3/6,4	0.977, 0.965	True	1.0	0.03069	0.02139	0.35335	0.03905	1.23394	0.60163	1.19674	0.58303	0.69461	0.00465	0.0093	0.0	0.02232	0.0	0.10322	0.01767	0.0	0.18132	0.07253	0.00279
HG02025	1		KHV	EAS	2.0	test	1,3/6	1,3/6	0.99, 0.976	True	1.0	3.1967	3.02685	0.26803	0.07854	1.39905	0.72358	0.08247	0.01178	0.33675	0.00491	0.00589	0.00098	0.0216	0.0	0.15905	0.03829	0.0	0.10898	0.05007	0.00393
HG02026		4	KHV	EAS	2.0	test	3/6,4	3/6,4	0.936, 0.985	True	1.0	0.03427	0.02448	0.42839	0.02285	1.31781	0.92777	1.03466	0.48388	0.61933	0.00408	0.01877	0.00082	0.01142	0.0	0.1379	0.01142	0.00163	0.1738	0.05712	0.00245
HG02027			KHV	EAS	2.0	train	3/6,3/6	3/6,3/6	0.979	True	1.0	0.01617	0.0194	0.24571	0.02209	3.18405	1.48129	0.0582	0.06466	0.29313	0.00216	0.0458	0.0	0.02048	0.00108	0.09214	0.01778	0.00162	0.12555	0.04472	0.00054
HG02028	1		KHV	EAS	2.0	test	1,3/6	1,3/6	0.962, 0.993	True	1.0	3.09145	2.94178	0.25299	0.10199	1.66493	0.53908	0.06954	0.02119	0.47352	0.00132	0.02848	0.00066	0.01722	0.0	0.07947	0.03311	0.00265	0.13312	0.06755	0.00397
HG02029			KHV	EAS	2.0	train	3/6,3/6	3/6,3/6	0.996	True	1.0	0.02346	0.01915	0.25997	0.02107	2.95585	1.53585	0.06798	0.06846	0.23076	0.00239	0.045	0.0	0.01388	0.00048	0.1149	0.01388	0.0	0.10628	0.03543	0.00239
HG02030		2	KHV	EAS	2.0	train	2,3/6	2,3/6	0.968, 0.993	True	1.0	0.0264	0.03278	6.70139	4.68187	1.32935	0.66194	0.14113	0.01548	0.24038	0.00182	0.00546	0.00091	0.01457	0.0	0.10471	0.01821	0.00091	0.1384	0.02549	0.02185
HG02031			KHV	EAS	2.0	train	3/6,3/6	3/6,3/6	0.997	True	1.0	0.02351	0.03243	0.26917	0.02027	2.80361	1.60368	0.10945	0.02757	0.29268	0.00243	0.01622	0.0	0.01054	0.0	0.09648	0.00892	0.0	0.12567	0.02108	0.00162
HG02032	1	2	KHV	EAS	2.0	test	1,2	1,2	0.976, 0.966	True	1.0	3.53794	3.2929	5.918	4.27306	0.07885	0.00182	0.12798	0.01941	0.33238	0.00182	0.00485	0.0	0.01516	0.0	0.09341	0.01698	0.0	0.15103	0.06187	0.02972
HG02035								3/6,3/6	0.997		1.0	0.03757	0.02035	0.3444	0.02661	2.64013	1.46291	0.07201	0.02818	0.33187	0.00235	0.01722	0.00078	0.01174	0.0	0.12524	0.0047	0.00078	0.11428	0.03522	0.00078
HG02040								1,2	0.953, 0.967		1.0	2.95685	2.78663	5.59831	3.80622	0.05921	0.0	0.07685	0.01423	0.38939	0.00285	0.00683	0.0	0.01651	0.0	0.05465	0.01879	0.00057	0.09052	0.05693	0.02106
HG02047								1,4	0.926, 0.923		1.0	3.85684	3.63638	0.30712	0.08283	0.11469	0.00127	1.02649	0.55243	0.55944	0.00127	0.00573	0.00064	0.00828	0.0	0.09494	0.01338	0.0	0.12616	0.07009	0.0051
HG02048								1,3/6	0.975, 0.99		1.0	3.91769	3.70866	0.22882	0.11797	1.22883	0.55741	0.07205	0.02454	0.4133	0.00238	0.01425	0.0	0.01029	0.0	0.08314	0.01979	0.00079	0.10135	0.06809	0.00238
HG02049								3/6,4	0.961, 0.992		1.0	0.03058	0.02718	0.46629	0.01104	1.61885	0.76356	1.02516	0.56311	0.60303	0.0017	0.00764	0.0	0.01104	0.0	0.07984	0.00595	0.0	0.14609	0.05351	0.0017
HG02050								2,2	0.994		1.0	0.01657	0.01701	11.31185	7.85426	0.08244	0.0	0.15179	0.00872	0.13914	0.00174	0.01439	0.00087	0.01221	0.00087	0.03708	0.04842	0.00131	0.09116	0.04798	0.03315
HG02051								1,2	0.984, 0.896		1.0	1.08071	1.06068	4.67249	3.43489	0.15188	0.00083	0.08512	0.06676	0.44146	0.00167	0.00668	0.00083	0.01752	0.0	0.11016	0.01919	0.00334	0.07594	0.08929	0.03255
HG02052								1,1	0.997		1.0	2.87016	2.26432	0.25496	0.02524	0.26632	0.01136	0.13	0.08835	0.50865	0.0	0.00505	0.0	0.00884	0.0	0.79516	0.10981	0.0	0.09971	0.0366	0.02777
HG02053	4	1	ACB	AFR	2.0	test	1,4	1,4	0.858, 0.972	True	1.0	1.37805	1.33826	0.38804	0.01791	0.2388	0.00099	1.44969	0.6547	0.75121	0.00398	0.00796	0.0	0.0189	0.0	0.05472	0.01094	0.00199	0.15721	0.11144	0.00497
HG02054	2		ACB	AFR	2.0	test	2,3/6	2,3/6	0.99, 0.989	True	1.0	0.01692	0.02962	2.45481	1.86501	1.30653	0.65496	0.06177	0.03723	0.20901	0.00169	0.01269	0.0	0.01523	0.0	0.05077	0.01523	0.0	0.06854	0.01354	0.00931
HG02055		1	ACB	AFR	2.0	train	1,3/6	1,3/6	0.944, 0.992	True	1.0	1.27911	1.24984	0.21403	0.01211	1.82831	0.89346	0.05654	0.04341	0.39474	0.00505	0.01514	0.00101	0.01111	0.0	0.04846	0.03433	0.00101	0.13932	0.10499	0.00303
HG02056		1	KHV	EAS	2.0	train	1,3/6	1,3/6	0.983, 0.949	True	1.0	2.8127	2.6306	0.17398	0.16934	0.9105	0.43379	0.04755	0.0116	0.48019	0.0	0.00348	0.0	0.01276	0.0	0.12643	0.02088	0.00232	0.1531	0.0116	0.00928
HG02057			KHV	EAS	2.0	train	3/6,3/6	3/6,3/6	0.997	True	1.0	0.04175	0.04771	0.19443	0.01551	2.94504	1.49697	0.05487	0.0167	0.47951	0.00835	0.00835	0.00119	0.00716	0.0	0.10497	0.00477	0.0	0.09185	0.0167	0.00716
HG02058	2	1	KHV	EAS	2.0	train	1,2	1,2	0.932, 0.99	True	1.0	1.47722	1.37386	10.93891	6.69218	0.10671	0.00056	0.13297	0.01006	0.22181	0.00223	0.01341	0.00056	0.00615	0.00056	0.05699	0.01564	0.00056	0.0933	0.01285	0.01062
HG02059			KHV	EAS	2.0	train	3/6,3/6	3/6,3/6	0.993	True	1.0	0.02073	0.02502	0.25451	0.01144	3.2179	1.33835	0.03789	0.03575	0.41895	0.00143	0.03646	0.00071	0.01644	0.00143	0.10652	0.01072	0.00071	0.16086	0.03932	0.00286
HG02060	2		KHV	EAS	2.0	train	2,3/6	2,3/6	0.945, 0.984	True	1.0	0.0203	0.01907	7.81489	5.26264	1.65023	0.68606	0.13413	0.03015	0.27688	0.00123	0.02277	0.0	0.01108	0.0	0.08491	0.02707	0.0	0.10952	0.04922	0.00369
HG02061			KHV	EAS	2.0	train	3/6,3/6	3/6,3/6	0.996	True	1.0	0.01715	0.0328	0.27138	0.04473	2.8368	1.45605	0.09096	0.06934	0.43913	0.00447	0.041	0.00149	0.01715	0.0	0.10289	0.00373	0.00075	0.12003	0.03206	0.00373
HG02064								1,4	0.96, 0.921		1.0	3.49793	3.26191	0.32582	0.11949	0.21746	0.00148	1.74785	0.82976	0.5366	0.00148	0.00891	0.0	0.01707	0.0	0.06531	0.02523	0.00148	0.1566	0.0334	0.00148
HG02067								3/6,3/6	0.997		1.0	0.03018	0.02752	0.35863	0.0213	2.51132	1.24368	0.08078	0.05149	0.34621	0.00621	0.01598	0.00266	0.02397	0.00355	0.09676	0.00355	0.0	0.20684	0.01775	0.00178
HG02068	2	2	KHV	EAS	2.0	train	2,2	2,2	0.991	True	1.0	0.0211	0.01711	10.91084	7.3431	0.10381	0.00057	0.09126	0.01825	0.1945	0.00114	0.02053	0.0	0.03593	0.00114	0.07301	0.01711	0.0	0.10096	0.03593	0.03765
HG02069		2	KHV	EAS	2.0	train	2,3/6	2,3/6	0.981, 0.98	True	1.0	0.02252	0.02412	8.13484	5.24551	0.92478	0.47767	0.10856	0.00804	0.28548	0.00643	0.01045	0.0	0.05147	0.0	0.05388	0.00643	0.0008	0.12223	0.02171	0.0185
HG02070	2	2	KHV	EAS	2.0	train	2,2	2,2	0.997	True	1.0	0.01057	0.01004	11.31308	7.90023	0.0666	0.00053	0.12209	0.00793	0.17601	0.00053	0.0074	0.0	0.00951	0.00053	0.06607	0.05127	0.00159	0.09831	0.02008	0.04704
HG02071			KHV	EAS	2.0	train	3/6,3/6	3/6,3/6	0.997	True	1.0	0.0316	0.0395	0.29821	0.0395	2.74215	1.34984	0.08196	0.0316	0.36536	0.00691	0.01679	0.0	0.01679	0.0079	0.09677	0.00691	0.0	0.14812	0.03259	0.00197
HG02072	4		KHV	EAS	2.0	test	3/6,4	3/6,4	0.924, 0.991	True	1.0	0.04499	0.03628	0.22928	0.03047	1.70655	0.74589	1.71671	0.91132	0.65011	0.0029	0.00726	0.00145	0.01016	0.0	0.07981	0.00435	0.0	0.10013	0.02612	0.0029
HG02073			KHV	EAS	2.0	train	3/6,3/6	3/6,3/6	0.997	True	1.0	0.02853	0.02586	0.29067	0.02051	2.6	1.27236	0.08381	0.0321	0.28354	0.00267	0.01783	0.00089	0.01783	0.00089	0.08203	0.00624	0.0	0.10432	0.04726	0.00267
HG02074	2		KHV	EAS	2.0	train	2,3/6	2,3/6	0.984, 0.992	True	1.0	0.01968	0.0241	6.18876	4.12715	1.05171	0.5534	0.07674	0.02263	0.27941	0.00394	0.01328	0.00049	0.01279	0.0	0.06149	0.02361	0.00148	0.15987	0.0305	0.03443
HG02075		2	KHV	EAS	2.0	train	2,3/6	2,3/6	0.971, 0.989	True	1.0	0.02531	0.02804	6.05756	4.32243	1.06556	0.56493	0.07044	0.02257	0.2893	0.00547	0.02531	0.0	0.01163	0.0	0.07797	0.0171	0.0	0.08891	0.0383	0.02325
HG02076			KHV	EAS	2.0	train	3/6,3/6	3/6,3/6	0.995	True	1.0	0.02282	0.02675	0.21402	0.0118	2.05835	1.27152	0.05823	0.01416	0.34542	0.00472	0.01888	0.0	0.01102	0.0	0.13297	0.00629	0.00236	0.09363	0.05036	0.00157
HG02077			KHV	EAS	2.0	train	3/6,3/6	3/6,3/6	0.997	True	1.0	0.03831	0.03048	0.23162	0.04267	2.53474	1.53164	0.05747	0.02438	0.26297	0.00348	0.00348	0.0	0.0148	0.00087	0.11668	0.00697	0.00087	0.17763	0.06879	0.00174
HG02078	2		KHV	EAS	2.0	test	2,3/6	2,3/6	0.994, 0.989	True	1.0	0.02161	0.02161	9.09079	6.10803	0.83417	0.5309	0.11955	0.01959	0.21817	0.00135	0.01621	0.0	0.02432	0.0	0.04863	0.00675	0.00068	0.10132	0.01148	0.01351
HG02079			KHV	EAS	2.0	train	3/6,3/6	3/6,3/6	0.995	True	1.0	0.03202	0.04416	0.26937	0.0287	2.55683	1.32147	0.03864	0.00552	0.25944	0.0011	0.00552	0.0011	0.01325	0.00221	0.10157	0.01435	0.0	0.11481	0.07728	0.0011
HG02080			KHV	EAS	2.0	train	3/6,3/6	3/6,3/6	0.997	True	1.0	0.03846	0.03283	0.24106	0.02251	2.81115	1.76999	0.05816	0.02345	0.47087	0.00094	0.03658	0.0	0.0197	0.0	0.121	0.01032	0.0	0.22043	0.03846	0.00281
HG02081	1		KHV	EAS	2.0	train	1,3/6	1,3/6	0.966, 0.991	True	1.0	4.29211	4.08245	0.28269	0.05811	1.37731	0.7232	0.08245	0.04397	0.33608	0.00157	0.01335	0.0	0.02199	0.0	0.08088	0.0157	0.0	0.14684	0.04005	0.00314
HG02082			KHV	EAS	2.0	train	3/6,3/6	3/6,3/6	0.996	True	1.0	0.02045	0.02435	0.28632	0.01363	2.79504	1.37317	0.05941	0.00974	0.45091	0.0039	0.02629	0.0	0.01558	0.0	0.11979	0.00584	0.00195	0.112	0.03311	0.00195
HG02083			KHV	EAS	2.0	train	3/6,3/6	3/6,3/6	0.997	True	1.0	0.02436	0.02969	0.19488	0.01446	1.54381	1.35807	0.08678	0.00913	0.1827	0.00228	0.00228	0.0	0.01827	0.0	0.09439	0.00685	0.00076	0.20782	0.11799	0.00228
HG02084	2		KHV	EAS	2.0	test	2,3/6	2,3/6	0.983, 0.992	True	1.0	0.02037	0.02248	6.33293	4.23272	0.62655	0.60407	0.09904	0.01054	0.18263	0.0	0.00632	0.0	0.01475	0.0007	0.06322	0.01475	0.0	0.12995	0.059	0.03793
HG02085			KHV	EAS	2.0	train	3/6,3/6	3/6,3/6	0.997	True	1.0	0.03242	0.02614	0.26876	0.01778	2.04026	1.41595	0.07529	0.04497	0.26771	0.00418	0.01464	0.0	0.00732	0.0	0.1119	0.00314	0.00105	0.1234	0.07216	0.00418
HG02086								3/6,4	0.956, 0.991		1.0	0.02652	0.03251	0.47403	0.02909	0.97458	0.57756	1.70359	0.75553	0.44237	0.00257	0.00513	0.0	0.01626	0.0	0.08984	0.0077	0.00086	0.1215	0.07359	0.00257
HG02087								2,2	0.989		1.0	0.02768	0.0178	15.214	10.84576	0.11206	0.0	0.18654	0.00725	0.21686	0.0	0.01714	0.0	0.00923	0.00132	0.05801	0.02571	0.00198	0.12326	0.05141	0.01318
HG02088								3/6,4	0.984, 0.991		1.0	0.02651	0.03829	0.39077	0.03338	1.77125	0.80119	1.31666	0.66962	0.58322	0.00491	0.01767	0.0	0.0108	0.0	0.09818	0.00589	0.00098	0.10309	0.03927	0.00589
HG02089		2	PEL	AMR	2.0	train	2,3/6	2,3/6	0.987, 0.988	True	1.0	0.02955	0.01689	9.38608	6.07165	0.65852	0.46012	0.12945	0.01689	0.20895	0.00211	0.00704	0.0007	0.00844	0.00211	0.05206	0.019	0.0	0.09076	0.10201	0.03166
HG02090		2	PEL	AMR	2.0	train	2,3/6	2,3/6	0.987, 0.988	True	1.0	0.02247	0.0348	8.23643	5.75702	0.5691	0.42193	0.09932	0.00942	0.18704	0.00072	0.00725	0.0	0.01305	0.00072	0.0493	0.02827	0.0	0.10077	0.02972	0.0058
HG02091	2	2	PEL	AMR	2.0	train	2,2	2,2	0.997	True	1.0	0.01435	0.01386	13.18614	8.95359	0.1069	0.0	0.10987	0.01039	0.12225	0.00049	0.00495	0.00049	0.01485	0.00099	0.01782	0.03365	0.00148	0.13907	0.0099	0.02772
HG02095								2,2	0.983		1.0	0.02829	0.03058	7.21899	4.81368	0.10474	0.0	0.10398	0.01606	0.38993	0.00688	0.00765	0.0	0.01758	0.0	0.03823	0.00153	0.00153	0.05199	0.03593	0.01376
HG02102								3/6,3/6	0.997		1.0	0.03762	0.08303	0.28154	0.01557	2.25878	1.29351	0.1012	0.01168	0.28283	0.0013	0.00389	0.0	0.01816	0.0	0.09212	0.00389	0.0	0.11806	0.048	0.00389
HG02104	1		PEL	AMR	2.0	train	1,3/6	1,3/6	0.984, 0.98	True	1.0	4.04111	3.85631	0.22806	0.06851	0.97805	0.53996	0.11178	0.01172	0.40384	0.0027	0.00811	0.0009	0.01082	0.0	0.14603	0.02794	0.0	0.10096	0.064	0.00451
HG02105		2	PEL	AMR	2.0	train	2,3/6	2,3/6	0.982, 0.994	True	1.0	0.02617	0.03208	7.80895	5.41873	0.9338	0.40273	0.0895	0.01098	0.20517	0.00169	0.00591	0.0	0.01604	0.0	0.05319	0.00084	0.0	0.11145	0.02195	0.00169
HG02106	2		PEL	AMR	2.0	test	2,3/6	2,3/6	0.978, 0.993	True	1.0	0.01773	0.02936	7.69035	5.36325	0.8442	0.4642	0.11245	0.00776	0.21604	0.00055	0.00499	0.00055	0.01163	0.0	0.06481	0.00499	0.00111	0.10192	0.05096	0.00332
HG02107								12,3/6	0.902, 0.965		1.0	0.03278	0.03866	0.27653	0.01513	1.57343	0.56398	0.05884	0.04118	0.49758	0.00084	0.0622	0.0	0.01933	0.0	0.03446	0.00672	0.0	0.12271	1.73312	0.93464
HG02108								1,4	0.951, 0.919		1.0	2.35728	2.26983	0.35183	0.0382	0.25835	0.0	1.14195	1.07359	0.76298	0.00704	0.00603	0.00101	0.01206	0.0	0.11359	0.02111	0.00101	0.12364	0.08846	0.02312
HG02111								5,9	0.879, 0.785		1.0	0.01678	0.02215	0.26854	0.04901	0.36253	0.0	0.12688	0.01343	4.48125	1.97041	0.37058	0.02551	18.88435	9.95072	0.0913	0.00537	0.0	0.00604	0.09265	0.0047
HG02113								3/6,3/6	0.997		1.0	0.04467	0.05387	0.2168	0.03022	2.03661	1.14444	0.08278	0.02759	0.34688	0.00657	0.00657	0.0	0.00526	0.00131	0.11431	0.0092	0.0	0.10117	0.06044	0.00394
HG02116								2,3/6	0.981, 0.971		1.0	0.0112	0.02939	8.93447	5.99807	1.22047	0.55425	0.11617	0.02729	0.22884	0.0007	0.04619	0.0007	0.014	0.0007	0.05528	0.09377	0.0028	0.09377	0.0126	0.0084
HG02120			KHV	EAS	2.0	test	3/6,3/6	3/6,3/6	0.997	True	1.0	0.02927	0.04809	0.21536	0.05541	2.75048	1.43117	0.05959	0.02509	0.37217	0.00627	0.01882	0.00105	0.01464	0.0	0.0805	0.00523	0.00105	0.15368	0.04286	0.00418
HG02121			KHV	EAS	2.0	train	3/6,3/6	3/6,3/6	0.997	True	1.0	0.04152	0.0427	0.28707	0.02372	3.16726	1.44721	0.07355	0.02491	0.44365	0.00237	0.02728	0.00237	0.01542	0.00119	0.09964	0.00474	0.00119	0.11388	0.03559	0.00712
HG02122			KHV	EAS	2.0	train	3/6,3/6	3/6,3/6	0.997	True	1.0	0.02729	0.03912	0.28472	0.03639	2.4288	1.50731	0.08096	0.01728	0.37114	0.00273	0.01819	0.00091	0.01364	0.0	0.08642	0.00637	0.0	0.0937	0.05276	0.00364
HG02126			KHV	EAS	2.0	train	3/6,3/6	3/6,3/6	0.997	True	1.0	0.03063	0.02713	0.19688	0.02538	2.24445	1.20754	0.056	0.00963	0.32464	0.0	0.00525	0.00088	0.01138	0.0	0.10063	0.00875	0.0	0.13213	0.063	0.00438
HG02127			KHV	EAS	2.0	train	3/6,3/6	3/6,3/6	0.997	True	1.0	0.03876	0.03414	0.23439	0.01753	2.58847	1.25963	0.06091	0.01569	0.36728	0.00554	0.01569	0.0	0.012	0.0	0.11627	0.00369	0.0	0.11166	0.05168	0.00461
HG02128			KHV	EAS	2.0	train	3/6,3/6	3/6,3/6	0.996	True	1.0	0.02749	0.03207	0.29413	0.02566	2.54641	1.36804	0.07514	0.03024	0.38851	0.00092	0.02108	0.0	0.00825	0.00092	0.10996	0.01833	0.00092	0.11729	0.05681	0.0055
HG02129		4	KHV	EAS	2.0	train	3/6,4	3/6,4	0.985, 0.992	True	1.0	0.02487	0.0272	0.2821	0.02098	1.33976	0.54709	1.09341	0.57818	0.61548	0.00233	0.00233	0.0	0.00933	0.00078	0.05906	0.00933	0.0	0.22847	0.05362	0.00466
HG02130			KHV	EAS	2.0	train	3/6,3/6	3/6,3/6	0.997	True	1.0	0.02537	0.03765	0.25947	0.03438	2.64215	1.27197	0.08185	0.04747	0.31676	0.00246	0.02537	0.00246	0.01637	0.0	0.06957	0.00327	0.00164	0.12851	0.04174	0.00573
HG02131	5	4	KHV	EAS	2.0	train	4,5	4,5	0.996, 0.931	True	1.0	0.01958	0.02293	0.3233	0.04027	0.10907	0.00056	0.79034	0.38091	9.29059	3.59989	0.66449	0.00671	0.07551	0.0	0.10963	0.00503	0.0	0.08222	0.10851	0.00336
HG02132			KHV	EAS	2.0	test	3/6,3/6	3/6,3/6	0.997	True	1.0	0.02938	0.04971	0.33219	0.02335	2.97988	1.34908	0.06327	0.03013	0.37964	0.00226	0.04068	0.00226	0.0354	0.0	0.08361	0.00904	0.00075	0.27042	0.05423	0.00678
HG02133			KHV	EAS	2.0	train	3/6,3/6	3/6,3/6	0.996	True	1.0	0.03989	0.03103	0.38471	0.01241	3.26918	1.54949	0.06471	0.03546	0.46893	0.00177	0.04166	0.0	0.0133	0.00089	0.11612	0.0133	0.00266	0.15513	0.04255	0.00089
HG02134	2		KHV	EAS	2.0	train	2,3/6	2,3/6	0.991, 0.978	True	1.0	0.02531	0.01617	7.46394	4.99072	0.80144	0.42392	0.07171	0.01265	0.19544	0.0007	0.00633	0.00211	0.01265	0.0	0.05765	0.00984	0.0007	0.08014	0.04288	0.04148
HG02135		2	KHV	EAS	2.0	train	2,3/6	2,3/6	0.992, 0.992	True	1.0	0.02018	0.02691	6.73296	4.62231	1.08594	0.54364	0.06997	0.04037	0.23145	0.00336	0.0148	0.00067	0.02086	0.0	0.05517	0.0296	0.00135	0.15677	0.01884	0.03364
HG02136			KHV	EAS	2.0	train	3/6,3/6	3/6,3/6	0.997	True	1.0	0.02561	0.05015	0.30517	0.01174	2.76364	1.17588	0.07042	0.11204	0.44922	0.0064	0.05335	0.0	0.01601	0.0	0.11311	0.00747	0.00107	0.12164	0.03628	0.0032
HG02137		2	KHV	EAS	2.0	train	2,3/6	2,3/6	0.98, 0.993	True	1.0	0.02329	0.02272	5.55549	3.81802	1.31716	0.88095	0.07043	0.01931	0.21016	0.00114	0.01079	0.0	0.01136	0.0	0.08861	0.03522	0.0	0.09713	0.02045	0.02897
HG02138								1,1	0.971		1.0	6.10832	5.66317	0.28593	0.17749	0.06906	0.00228	0.1267	0.02454	0.4463	0.00171	0.00571	0.0	0.01141	0.0	0.06791	0.02112	0.0	0.14039	0.07191	0.00285
HG02139								1,4	0.968, 0.896		1.0	3.34952	3.14339	0.41627	0.09501	0.11433	0.00081	1.02821	0.47183	0.65461	0.00242	0.00564	0.0	0.01449	0.0	0.11433	0.02899	0.0	0.16426	0.07891	0.00886
HG02140								2,3/6	0.993, 0.992		1.0	0.02441	0.02639	9.42116	6.46921	0.85029	0.40173	0.1095	0.01253	0.18668	0.00066	0.01715	0.0	0.01847	0.0	0.06003	0.00264	0.0	0.07124	0.01847	0.01451
HG02141								2,3/6	0.982, 0.978		1.0	0.01824	0.02085	8.48449	5.64047	1.31287	0.59878	0.10295	0.01824	0.2945	0.0013	0.02541	0.0013	0.0202	0.00065	0.06776	0.00391	0.0	0.08535	0.01499	0.02606
HG02142								3/6,3/6	0.997		1.0	0.02802	0.0291	0.27375	0.02155	2.55103	1.14134	0.08299	0.01186	0.33195	0.00108	0.00754	0.00108	0.00862	0.00108	0.12717	0.00431	0.0	0.08838	0.07544	0.00323
HG02143	11	1	ACB	AFR	2.0	train	1,11	1,11	0.501, 0.929	True	1.0	0.04232	0.03469	0.26294	0.03053	0.179	0.0	0.2345	0.27751	0.31983	0.00278	0.12349	0.0	0.01388	0.00069	0.06452	0.00278	2.48583	1.87044	0.02151	0.05967
HG02144	4		ACB	AFR	2.0	train	3/6,4	3/6,4	0.967, 0.968	True	1.0	0.02726	0.03294	0.44069	0.08405	1.6367	0.69284	1.01541	0.70079	0.58494	0.00227	0.01477	0.00114	0.03748	0.0	0.03407	0.00341	0.00227	0.13516	0.07496	0.00795
HG02145		1	ACB	AFR	2.0	train	1,3/6	3/6,3/6	0.95	False	1.0	0.02777	0.03587	0.33205	0.0914	2.04783	0.75781	0.20825	0.38643	0.43386	0.00231	0.01967	0.0	0.04628	0.0	0.01157	0.00578	0.00231	0.1238	0.07405	0.00231
HG02146	1		PEL	AMR	2.0	test	1,3/6	1,3/6	0.978, 0.968	True	1.0	3.93241	3.87295	0.24615	0.04281	0.95962	0.44711	0.10107	0.0107	0.53035	0.00357	0.0	0.00119	0.01665	0.0	0.12486	0.02021	0.00238	0.19502	0.10107	0.01665
HG02147		2	PEL	AMR	2.0	train	2,3/6	2,3/6	0.984, 0.968	True	1.0	0.01948	0.01445	7.01375	5.068	0.66052	0.29915	0.08987	0.01131	0.19545	0.00063	0.00817	0.00063	0.01571	0.0	0.03771	0.00691	0.00063	0.10433	0.06662	0.0044
HG02148	2		PEL	AMR	2.0	train	2,3/6	2,3/6	0.958, 0.993	True	1.0	0.02694	0.02425	7.70935	5.35735	0.8783	0.38863	0.1273	0.00606	0.27144	0.00337	0.00539	0.00135	0.0128	0.00067	0.05052	0.00808	0.00067	0.11315	0.07005	0.00539
HG02150								2,3/6	0.993, 0.982		1.0	0.01829	0.02613	9.30664	6.39015	0.77338	0.34619	0.1228	0.0111	0.2247	0.00131	0.00523	0.00131	0.0098	0.00065	0.03462	0.00719	0.0	0.08883	0.04638	0.03135
HG02151								2,3/6	0.994, 0.974		1.0	0.01592	0.02364	9.84901	6.59914	1.26424	0.62826	0.19977	0.02027	0.24609	0.0029	0.03619	0.00048	0.0111	0.0	0.04874	0.02992	0.01303	0.08879	0.04343	0.02364
HG02152								1,3/6	0.96, 0.99		1.0	3.77119	3.54246	0.24907	0.1312	1.31904	0.66022	0.08069	0.01614	0.4357	0.00351	0.01403	0.0	0.01473	0.0007	0.04701	0.02245	0.0	0.11927	0.09261	0.00281
HG02153								2,2	0.981		1.0	0.02419	0.02335	9.17029	6.4338	0.09008	0.0	0.22436	0.02502	0.41202	0.00083	0.00417	0.00167	0.01585	0.0	0.06756	0.02085	0.0025	0.09591	0.02335	0.05838
HG02154								3/6,3/6	0.997		1.0	0.03233	0.04172	0.25763	0.04172	3.06027	1.52909	0.0678	0.01877	0.41721	0.00104	0.01773	0.0	0.01356	0.00104	0.13455	0.00417	0.0	0.09805	0.04381	0.00313
HG02155								2,3/6	0.954, 0.989		1.0	0.02629	0.02469	6.86156	4.29266	1.31034	0.7416	0.12347	0.01673	0.32181	0.00558	0.01752	0.0	0.01673	0.0	0.08045	0.00717	0.00239	0.13462	0.02947	0.02071
HG02156								3/6,3/6	0.997		1.0	0.02305	0.0292	0.24512	0.02152	3.192	1.88415	0.0753	0.02382	0.47027	0.00077	0.03919	0.00077	0.01306	0.00077	0.09913	0.00692	0.0	0.14446	0.01844	0.00384
HG02164								3/6,3/6	0.997		1.0	0.03392	0.05206	0.37471	0.06074	2.97401	1.14779	0.08914	0.03944	0.38812	0.00158	0.07021	0.00158	0.01341	0.00158	0.14042	0.0071	0.00158	0.12306	0.0426	0.00237
HG02165								2,3/6	0.954, 0.99		1.0	0.01463	0.02414	8.20508	5.34424	1.32618	0.62396	0.11777	0.02706	0.3043	0.00073	0.02268	0.0	0.0139	0.00073	0.04755	0.02341	0.00073	0.10021	0.03365	0.00366
HG02166								2,3/6	0.974, 0.992		1.0	0.02116	0.02182	6.90129	4.6185	1.2644	0.5502	0.0939	0.00661	0.27444	0.00265	0.0086	0.00265	0.01256	0.0	0.06348	0.01389	0.00132	0.12234	0.03108	0.03306
HG02178								1,4	0.961, 0.907		1.0	2.78942	2.59755	0.38967	0.06001	0.16483	0.00085	1.29412	0.60438	0.41334	0.00592	0.00507	0.00169	0.01691	0.0	0.14454	0.03635	0.0	0.16483	0.02789	0.00423
HG02179								2,3/6	0.953, 0.989		1.0	0.01701	0.02177	8.76497	6.0343	1.30988	0.63214	0.08302	0.02722	0.22727	0.0	0.01089	0.00136	0.01361	0.0	0.06805	0.04627	0.0	0.06941	0.04015	0.00476
HG02180								3/6,4	0.919, 0.99		1.0	0.0186	0.02604	0.34597	0.00893	1.47021	0.74031	0.96873	0.53198	0.5677	0.00149	0.02232	0.0	0.0067	0.00074	0.08854	0.00446	0.00074	0.13021	0.06919	0.00372
HG02181								1,3/6	0.992, 0.967		1.0	4.3878	4.28895	0.22109	0.07122	1.19368	0.92475	0.09035	0.02445	0.37415	0.00213	0.00319	0.00106	0.01276	0.00106	0.14775	0.0946	0.00106	0.11373	0.02232	0.00425
HG02182								3/6,3/6	0.997		1.0	0.031	0.04254	0.32012	0.02884	3.06135	1.52923	0.06705	0.04326	0.49172	0.00072	0.03172	0.00072	0.00937	0.0	0.09229	0.01154	0.0	0.08075	0.02523	0.00216
HG02184								1,2	0.936, 0.972		1.0	3.01174	2.76857	7.24051	5.10044	0.12958	0.0	0.12787	0.01941	0.32652	0.00171	0.0177	0.0	0.01427	0.00057	0.05309	0.08049	0.00114	0.08734	0.04395	0.00343
HG02185								3/6,4	0.956, 0.978		1.0	0.0326	0.02508	0.42883	0.02006	1.65261	0.83007	1.29233	0.63864	0.5191	0.00251	0.0209	0.00084	0.01505	0.0	0.08025	0.00669	0.00167	0.11201	0.02759	0.00669
HG02186								3/6,3/6	0.997		1.0	0.02354	0.04383	0.25407	0.01299	2.93602	1.58855	0.04383	0.03572	0.57714	0.00487	0.03247	0.0	0.0138	0.0	0.14205	0.00325	0.00162	0.09822	0.0414	0.00244
HG02187								2,3/6	0.972, 0.968		1.0	0.024	0.03781	8.99394	6.01268	1.14451	0.50172	0.20651	0.02181	0.24868	0.00509	0.02472	0.0	0.01527	0.00073	0.05163	0.03999	0.00727	0.12507	0.04217	0.02763
HG02188								1,4	0.94, 0.778		1.0	4.46868	4.26863	0.28516	0.12512	0.10621	0.00218	0.48957	0.3579	0.53176	0.00145	0.01673	0.0	0.01819	0.0	0.06038	0.02182	0.00073	0.12367	0.05165	0.00145
HG02190								2,3/6	0.955, 0.98		1.0	0.01529	0.01773	7.89263	5.47678	1.18133	0.63346	0.13146	0.01834	0.31734	0.00245	0.03057	0.00061	0.00856	0.0	0.06053	0.02201	0.0	0.08438	0.05197	0.00489
HG02215								2,3/6	0.972, 0.981		1.0	0.02457	0.02069	10.71482	6.94259	1.61039	0.6995	0.10667	0.0181	0.28251	0.00323	0.00517	0.00065	0.01228	0.0	0.03362	0.0375	0.00259	0.12154	0.02651	0.01228
HG02219								3/6,4	0.936, 0.968		1.0	0.0431	0.02436	0.35038	0.03185	1.69852	0.66423	1.6751	0.81132	0.51902	0.00094	0.0178	0.0	0.02061	0.00094	0.0787	0.03279	0.00094	0.15927	0.01124	0.00281
HG02220		4	IBS	EUR	2.0	train	3/6,4	3/6,4	0.956, 0.989	True	1.0	0.04253	0.02513	0.32187	0.0145	1.5639	0.79838	1.13185	0.69593	0.67853	0.00193	0.02416	0.0	0.01257	0.0	0.06863	0.01643	0.0	0.13242	0.06283	0.00483
HG02221		2	IBS	EUR	2.0	train	2,3/6	2,3/6	0.92, 0.983	True	1.0	0.02229	0.04882	7.5087	4.95415	0.72911	0.38844	0.14115	0.0329	0.30884	0.00106	0.01061	0.02441	0.00743	0.0	0.0849	0.03184	0.0	0.10613	0.06474	0.03396
HG02222	4	2	IBS	EUR	2.0	test	2,4	2,4	0.929, 0.861	True	1.0	0.01462	0.02228	4.8906	3.40246	0.15042	0.0007	0.98954	0.53203	0.51392	0.0007	0.01253	0.01323	0.02925	0.0	0.05153	0.02646	0.0007	0.18663	0.03412	0.02855
HG02223	2	4	IBS	EUR	2.0	train	2,4	2,4	0.934, 0.964	True	1.0	0.0293	0.02302	4.92843	2.95182	0.16637	0.0	1.77361	0.69898	0.49389	0.00209	0.06592	0.00105	0.00837	0.0	0.06069	0.02302	0.0	0.09836	0.0565	0.00837
HG02224	4		IBS	EUR	2.0	train	3/6,4	3/6,4	0.96, 0.985	True	1.0	0.02479	0.02479	0.31838	0.01704	1.30837	0.6445	1.37886	0.63288	0.44309	0.00155	0.01859	0.0	0.01627	0.0	0.07127	0.02246	0.00077	0.12394	0.03486	0.00232
HG02225	4		IBS	EUR	2.0	test	3/6,4	3/6,4	0.974, 0.975	True	1.0	0.02871	0.02342	0.37171	0.0136	1.46268	0.6981	1.55712	0.70792	0.46464	0.00378	0.01813	0.00076	0.01813	0.00076	0.0748	0.02267	0.0	0.18661	0.01284	0.00076
HG02229	5	1	IBS	EUR	2.0	train	1,5	1,5	0.97, 0.999	True	1.0	3.81373	3.62654	0.16947	0.08086	0.13071	0.0	0.06092	0.03323	4.36979	1.48318	0.62473	0.00111	0.1152	0.0	0.15286	0.0288	0.0	0.09969	0.06757	0.00554
HG02230		5	IBS	EUR	2.0	test	3/6,5	3/6,5	0.99, 0.951	True	1.0	0.04579	0.05117	0.21816	0.03232	1.57287	0.7824	0.06329	0.03232	5.07413	1.73178	0.72314	0.00135	0.15217	0.0	0.18988	0.00673	0.00269	0.06599	0.08214	0.00135
HG02231	4	1	IBS	EUR	2.0	train	1,4	1,4	0.947, 0.967	True	1.0	3.15148	3.00523	0.38214	0.0802	0.16418	0.00094	0.96998	0.88411	0.57934	0.00094	0.00472	0.00094	0.01698	0.00094	0.06511	0.0151	0.00094	0.1104	0.03208	0.00377
HG02232			IBS	EUR	2.0	train	3/6,3/6	2,3/6	0.502, 0.981	False	1.0	0.03039	0.0156	9.31982	6.04129	0.76379	0.44431	0.09937	0.00739	0.19464	0.00164	0.00739	0.01314	0.01068	0.0	0.0501	0.0616	0.0	0.12155	0.04271	0.06734
HG02233			IBS	EUR	2.0	train	3/6,3/6	3/6,3/6	0.996	True	1.0	0.04882	0.03295	0.23678	0.03173	2.60942	1.2327	0.1074	0.00732	0.34052	0.0061	0.00366	0.0	0.01587	0.0	0.11595	0.01098	0.0	0.10252	0.14524	0.00122
HG02234			IBS	EUR	2.0	train	3/6,3/6	3/6,3/6	0.987	True	1.0	0.02865	0.02257	8.81319	5.82771	0.74311	0.47139	0.09983	0.00694	0.21095	0.00347	0.00521	0.01389	0.01476	0.0	0.07379	0.06771	0.00174	0.20054	0.03386	0.06945
HG02235	2	4	IBS	EUR	2.0	train	2,4	2,4	0.688, 0.963	True	1.0	0.03727	0.03313	0.37375	0.2785	0.17704	0.00104	1.01462	0.61291	0.65433	0.00104	0.02692	0.0	0.00828	0.0	0.04141	0.00311	0.0	0.12942	0.02381	0.00621
HG02236		4	IBS	EUR	2.0	train	3/6,4	3/6,4	0.928, 0.99	True	1.0	0.02579	0.04598	0.41717	0.02019	1.82905	0.68519	0.44633	0.3611	0.63697	0.00112	0.03028	0.00449	0.02355	0.00112	0.06729	0.00112	0.00112	0.09532	0.01458	0.00673
HG02237	4	4	IBS	EUR	2.0	train	4,4	4,4	0.988	True	1.0	0.03569	0.03149	0.45449	0.02624	0.17109	0.0	1.25117	0.81662	0.79982	0.0021	0.0063	0.0	0.01679	0.0	0.05878	0.0126	0.00105	0.16059	0.02204	0.00315
HG02238	2		IBS	EUR	2.0	train	2,3/6	2,3/6	0.989, 0.989	True	1.0	0.01993	0.0276	5.94305	4.80779	0.91679	0.39017	0.15638	0.01073	0.27289	0.00307	0.00537	0.0	0.0161	0.0	0.09735	0.0161	0.0	0.06822	0.05366	0.04063
HG02239	4		IBS	EUR	2.0	train	3/6,4	3/6,4	0.945, 0.991	True	1.0	0.03272	0.03184	0.37233	0.0451	0.95249	0.5837	2.90258	0.98698	0.46342	0.00354	0.00619	0.0	0.01238	0.00177	0.11851	0.00265	0.0	0.13531	0.05041	0.00265
HG02240			IBS	EUR	2.0	train	3/6,3/6	3/6,3/6	0.989	True	1.0	0.03181	0.02982	0.2127	0.05367	2.09019	1.18474	0.0974	0.01193	0.30414	0.00099	0.00298	0.0	0.01491	0.00199	0.15604	0.00895	0.00099	0.12921	0.09045	0.00199
HG02250								3/6,3/6	0.997		1.0	0.05262	0.04444	0.30639	0.02924	3.03938	1.95297	0.07718	0.03391	0.51338	0.00585	0.00702	0.0	0.01754	0.00117	0.10993	0.00702	0.00234	0.15787	0.03274	0.00585
HG02252								3/6,3/6	0.996		1.0	0.03671	0.032	0.2259	0.02447	1.91359	0.93938	0.14119	0.01318	0.32568	0.00377	0.00377	0.00188	0.00847	0.0	0.09695	0.01883	0.00094	0.12236	0.11389	0.00377
HG02253								3/6,4	0.862, 0.991		1.0	0.02135	0.03903	0.35714	0.02798	1.06847	0.44256	1.83134	0.77908	0.38659	0.00295	0.00736	0.0	0.01105	0.00074	0.07658	0.00368	0.0	0.08395	0.05891	0.00221
HG02255	4		ACB	AFR	2.0	train	3/6,4	3/6,4	0.933, 0.98	True	1.0	0.06545	0.03592	0.34559	0.00878	1.68405	0.63691	1.98335	0.75343	0.39428	0.0016	0.01038	0.0008	0.00958	0.0	0.10535	0.01676	0.0	0.13409	0.01756	0.00399
HG02256			ACB	AFR	2.0	train	3/6,3/6	3/6,3/6	0.997	True	1.0	0.03197	0.03078	0.40609	0.01658	2.76808	1.28222	0.07459	0.04144	0.35637	0.00355	0.01894	0.0	0.04499	0.00118	0.07814	0.00592	0.0	0.07932	0.12431	0.00474
HG02257			ACB	AFR	2.0	test	3/6,3/6	3/6,3/6	0.997	True	1.0	0.05592	0.04435	0.24973	0.01639	2.96497	1.33448	0.10317	0.02893	0.31819	0.00193	0.00386	0.00096	0.01157	0.0	0.09835	0.00579	0.00193	0.19766	0.04628	0.00482
HG02258	1	1	ACB	AFR	2.0	train	1,1	1,1	0.997	True	1.0	3.89449	3.39935	0.23956	0.01771	0.25052	0.00084	0.13918	0.17882	0.28511	0.00253	0.01856	0.0	0.02952	0.0	0.43863	0.03543	0.00084	0.17376	0.02024	0.02952
HG02259	2		PEL	AMR	2.0	test	2,3/6	2,3/6	0.995, 0.992	True	1.0	0.01926	0.02324	9.45196	6.27075	0.6648	0.37457	0.15209	0.0093	0.26433	0.00199	0.00731	0.00066	0.01328	0.0	0.05446	0.0166	0.00066	0.12021	0.05446	0.03852
HG02260	1		PEL	AMR	2.0	train	1,3/6	1,3/6	0.988, 0.958	True	1.0	5.26735	5.04986	0.27186	0.08836	1.92732	1.42728	0.1369	0.00874	0.52625	0.00388	0.00485	0.00097	0.00874	0.0	0.19128	0.01748	0.00097	0.18545	0.04758	0.00874
HG02261			PEL	AMR	2.0	train	3/6,3/6	3/6,3/6	0.995	True	1.0	0.07948	0.06484	0.21961	0.02719	3.75437	3.01186	0.13386	0.00837	0.66303	0.00418	0.00627	0.0	0.01046	0.00209	0.12759	0.00627	0.00209	0.14223	0.1234	0.00837
HG02262								1,3/6	0.98, 0.975		1.0	4.38091	4.1614	0.32555	0.05209	1.07616	0.49669	0.14882	0.01395	0.35717	0.00093	0.00465	0.00093	0.02511	0.0	0.14231	0.02046	0.0	0.19719	0.1051	0.00558
HG02265								1,1	0.968		1.0	8.05568	7.68806	0.24163	0.05437	0.0932	0.00173	0.08198	0.01036	0.37797	0.00173	0.00086	0.00086	0.01381	0.0	0.15533	0.01381	0.00086	0.14929	0.0302	0.00604
HG02266								1,3/6	0.974, 0.991		1.0	3.93841	3.74545	0.23749	0.02771	1.1271	0.51556	0.07521	0.03068	0.37108	0.00099	0.00693	0.00198	0.00891	0.0	0.14546	0.02078	0.00099	0.10093	0.06036	0.00099
HG02271	1		PEL	AMR	2.0	train	1,3/6	1,3/6	0.972, 0.978	True	1.0	1.1784	1.14188	0.32747	0.02556	1.53996	0.75233	0.15217	0.00487	0.43338	0.00365	0.01217	0.0	0.01339	0.00122	0.14608	0.05356	0.00122	0.13634	0.18869	0.0073
HG02272	2	1	PEL	AMR	2.0	train	1,2	1,2	0.966, 0.95	True	1.0	2.78347	2.69387	9.7237	6.00909	0.19443	0.0	0.19443	0.01288	0.26939	0.00293	0.00703	0.00059	0.01698	0.00059	0.06266	0.02635	0.00059	0.13586	0.02518	0.03279
HG02273	1		PEL	AMR	2.0	train	1,3/6	1,3/6	0.939, 0.991	True	1.0	4.46601	4.35253	0.18114	0.01457	1.37624	0.72976	0.11243	0.01145	0.35811	0.00937	0.00729	0.00104	0.01666	0.0	0.13117	0.00937	0.00104	0.12388	0.09265	0.00104
HG02274								2,3/6	0.977, 0.989		1.0	0.01997	0.0273	7.6433	5.54624	0.71766	0.43472	0.10252	0.00865	0.25964	0.00133	0.00533	0.00067	0.01531	0.0	0.05858	0.02397	0.00067	0.07456	0.0486	0.00599
HG02275								3/6,3/6	0.997		1.0	0.02685	0.0476	0.26364	0.03296	2.44114	1.33652	0.10863	0.01587	0.35397	0.00488	0.00732	0.0	0.01587	0.0	0.11351	0.00854	0.0	0.10131	0.083	0.00244
HG02277	2		PEL	AMR	2.0	train	2,3/6	2,3/6	0.984, 0.976	True	1.0	0.0302	0.01435	10.71706	7.09211	0.60479	0.36695	0.11628	0.00755	0.21745	0.0	0.00302	0.0	0.00906	0.0	0.04681	0.02492	0.00151	0.08607	0.04606	0.03851
HG02278	2	1	PEL	AMR	2.0	test	1,2	1,2	0.97, 0.96	True	1.0	2.62314	2.54026	7.2908	4.9064	0.13306	0.00304	0.10949	0.01064	0.23038	0.00228	0.00684	0.0	0.01521	0.00076	0.0882	0.02129	0.0	0.0844	0.02889	0.00456
HG02279	1		PEL	AMR	2.0	train	1,3/6	1,3/6	0.96, 0.983	True	1.0	3.95868	3.79575	0.17278	0.05371	0.79227	0.51654	0.07162	0.00895	0.36615	0.00269	0.00269	0.0	0.00985	0.0	0.15845	0.00448	0.0009	0.15219	0.08684	0.00269
HG02280		11	ACB	AFR	2.0	train	11,3/6	11,3/6	0.715, 0.975	True	1.0	0.01891	0.01959	0.21342	0.06281	1.44868	0.44034	0.06146	0.02229	0.38024	0.00068	0.01148	0.0	0.16817	0.00068	0.08915	0.14858	0.00135	1.17988	1.28321	0.02499
HG02281	9		ACB	AFR	2.0	train	3/6,9	3/6,9	0.981, 0.944	True	1.0	0.03756	0.02618	0.28908	0.05804	2.12027	0.923	0.09446	0.01366	0.38923	0.00455	0.04211	0.01024	7.48526	3.33804	0.04666	0.00228	0.00114	0.0717	0.04894	0.00341
HG02282	1	1	ACB	AFR	2.0	train	1,1	1,1	0.997	True	1.0	3.42289	3.23117	0.33284	0.08254	0.18373	0.00266	0.17307	0.09586	0.74023	0.00266	0.01464	0.00266	0.04127	0.00133	0.3355	0.0679	0.0	0.13447	0.09053	0.05725
HG02283								11,12	0.875, 0.843		1.0	0.02499	0.02691	0.47192	0.0173	0.08843	0.00192	0.06728	0.01057	0.38542	0.00096	0.05382	0.0	0.02115	0.00096	0.23837	0.00577	1.84349	1.78678	1.69931	0.97653
HG02284								1,3/6	0.933, 0.985		1.0	3.22763	3.086	0.309	0.08913	1.78366	0.83092	0.11587	0.01287	0.40209	0.00396	0.02773	0.0	0.01287	0.00099	0.07923	0.01287	0.00099	0.18025	0.02872	0.00891
HG02285			PEL	AMR	2.0	train	3/6,3/6	3/6,3/6	0.996	True	1.0	0.02582	0.03178	0.29202	0.02285	2.18618	1.18993	0.11423	0.00795	0.30493	0.00497	0.00894	0.00199	0.01589	0.0	0.09635	0.00397	0.00099	0.06854	0.10926	0.0
HG02286	2		PEL	AMR	2.0	test	2,3/6	2,3/6	0.887, 0.973	True	1.0	0.03523	0.03343	8.38618	5.82778	1.01089	0.41737	0.13732	0.01536	0.30173	0.0009	0.02078	0.0	0.00903	0.0	0.06324	0.03523	0.0	0.08402	0.06685	0.04427
HG02287			PEL	AMR	2.0	train	3/6,3/6	3/6,3/6	0.997	True	1.0	0.0519	0.0547	0.32681	0.03086	3.22879	1.33668	0.1094	0.01122	0.45024	0.00842	0.02665	0.0014	0.01403	0.0014	0.10379	0.00561	0.0014	0.15849	0.108	0.00701
HG02291	2		PEL	AMR	2.0	train	2,3/6	2,3/6	0.988, 0.97	True	1.0	0.02252	0.01448	9.01436	6.42056	0.82358	0.36595	0.11501	0.00965	0.23485	0.00402	0.00724	0.0008	0.01528	0.0008	0.05308	0.02493	0.0	0.06193	0.06595	0.00402
HG02292			PEL	AMR	2.0	train	3/6,3/6	3/6,3/6	0.997	True	1.0	0.03628	0.06046	0.40268	0.02781	2.11981	1.25157	0.11972	0.01693	0.37003	0.00121	0.02177	0.00121	0.06651	0.0	0.09432	0.00726	0.0	0.16688	0.0653	0.0133
HG02293			PEL	AMR	2.0	train	3/6,3/6	3/6,3/6	0.997	True	1.0	0.03857	0.03744	0.19173	0.01248	2.06927	1.25586	0.0987	0.01361	0.42316	0.00227	0.00567	0.00113	0.01361	0.00113	0.12252	0.00567	0.00227	0.17925	0.08168	0.0034
HG02298	4		PEL	AMR	2.0	test	3/6,4	3/6,4	0.97, 0.965	True	1.0	0.0294	0.01932	0.3032	0.01764	1.36565	0.73994	1.70413	1.29678	0.55852	0.00168	0.021	0.0	0.00756	0.0	0.04031	0.02184	0.00084	0.12514	0.01092	0.00336
HG02299	1		PEL	AMR	2.0	train	1,3/6	1,3/6	0.949, 0.986	True	1.0	5.0604	4.96648	0.27875	0.02498	1.19991	0.60145	0.1049	0.01199	0.34668	0.00599	0.001	0.0	0.00799	0.0	0.16685	0.00899	0.0	0.14087	0.03397	0.002
HG02300			PEL	AMR	2.0	train	3/6,3/6	3/6,3/6	0.996	True	1.0	0.03169	0.03361	0.20839	0.02113	2.58905	1.50099	0.06818	0.0461	0.40238	0.0048	0.02401	0.00096	0.01729	0.0	0.07587	0.01344	0.00192	0.17766	0.02305	0.00192
HG02301	2		PEL	AMR	2.0	train	2,3/6	2,3/6	0.993, 0.973	True	1.0	0.0223	0.02446	10.84285	6.72571	0.86472	0.57552	0.11654	0.00863	0.22373	0.00216	0.00791	0.00072	0.00935	0.0	0.05036	0.01942	0.00072	0.10503	0.06403	0.0446
HG02302	4		PEL	AMR	2.0	train	3/6,4	3/6,4	0.975, 0.991	True	1.0	0.02631	0.037	0.26639	0.03042	1.01214	0.27051	1.70032	1.2884	0.49415	0.00493	0.01151	0.00082	0.01644	0.0	0.05591	0.0074	0.0	0.16033	0.05591	0.00576
HG02303			PEL	AMR	2.0	train	3/6,3/6	3/6,3/6	0.997	True	1.0	0.02907	0.02278	0.20975	0.02435	1.91521	0.9741	0.09113	0.01414	0.22231	0.00157	0.0055	0.0	0.01728	0.0	0.07227	0.00628	0.00079	0.1524	0.10605	0.00157
HG02304								2,3/6	0.994, 0.992		1.0	0.02651	0.02386	10.00504	6.79616	0.81846	0.32473	0.10935	0.00795	0.23261	0.00066	0.00464	0.0	0.01127	0.00066	0.05766	0.00464	0.00133	0.08151	0.03446	0.03247
HG02307	11	11	ACB	AFR	2.0	train	11,11	11,11	0.968	True	1.0	0.01918	0.01598	0.20391	0.02749	0.10355	0.0	0.06456	0.02365	0.32217	0.00064	0.08821	0.00128	0.15214	0.00064	0.08054	0.0147	1.66837	2.37152	1.20685	0.05753
HG02308			ACB	AFR	2.0	train	3/6,3/6	3/6,3/6	0.996	True	1.0	0.0268	0.02759	0.26248	0.09537	3.47684	1.35889	0.06621	0.00946	0.48476	0.00158	0.03232	0.00079	0.01182	0.0	0.08513	0.1537	0.00236	0.07646	0.09695	0.00079
HG02309								1,7	0.936, 0.863		1.0	1.08627	1.09266	0.29819	0.02662	0.17253	0.0	0.10969	0.03195	0.42173	0.00532	9.30787	3.83284	0.01597	0.00106	0.07455	0.01704	0.0	0.03408	0.09904	0.00319
HG02312								1,3/6	0.99, 0.985		1.0	4.10897	3.89134	0.24074	0.04911	0.94371	0.5123	0.09822	0.01156	0.34185	0.00096	0.00578	0.0	0.01444	0.00096	0.15407	0.01541	0.00193	0.11652	0.05681	0.00385
HG02314	1	1	ACB	AFR	2.0	train	1,1	1,1	0.997	True	1.0	4.13587	3.38556	0.28606	0.03196	0.31802	0.0024	0.12225	0.11906	0.22373	0.0032	0.00639	0.0	0.01278	0.0008	0.43228	0.02557	0.0008	0.09429	0.03276	0.02717
HG02315	2	1	ACB	AFR	2.0	train	1,2	1,2	0.985, 0.958	True	1.0	1.79202	1.66779	8.7037	5.74476	0.1229	0.0	0.15462	0.10176	0.43347	0.0	0.0185	0.00132	0.00925	0.00132	0.27885	0.06079	0.00264	0.1163	0.01322	0.02114
HG02316		4	ACB	AFR	2.0	train	3/6,4	3/6,4	0.981, 0.991	True	1.0	0.03424	0.0309	0.3741	0.02171	2.31475	0.49685	1.35194	0.72482	0.53109	0.00251	0.00668	0.00084	0.01921	0.0	0.07515	0.00334	0.00251	0.2121	0.03674	0.00334
HG02317	2	4	ACB	AFR	2.0	train	2,4	2,4	0.961, 0.924	True	1.0	0.02621	0.01595	4.2056	2.92831	0.14471	0.00114	1.0984	0.56173	0.70074	0.00342	0.00798	0.0	0.01937	0.00114	0.08432	0.01025	0.00114	0.09571	0.02165	0.02735
HG02318			ACB	AFR	2.0	train	3/6,3/6	3/6,3/6	0.997	True	1.0	0.02379	0.0284	0.34922	0.03147	3.65336	1.50739	0.06601	0.04221	0.28168	0.00154	0.0023	0.00154	0.01689	0.0	0.10899	0.00844	0.0	0.11129	0.04221	0.00384
HG02321	1		ACB	AFR	2.0	train	1,3/6	1,3/6	0.977, 0.975	True	1.0	2.2155	2.11809	0.17476	0.08022	2.1009	0.93586	0.07353	0.03915	0.59589	0.00095	0.02865	0.0	0.03151	0.0	0.15948	0.04011	0.00095	0.11459	0.08786	0.00095
HG02322								2,2	0.994		1.0	0.02706	0.01804	13.74311	9.08252	0.09227	0.0	0.20396	0.00555	0.18107	0.0	0.00694	0.0	0.02151	0.00139	0.02497	0.01249	0.0	0.13736	0.01318	0.03261
HG02323								1,1	0.997		1.0	2.86931	2.64768	0.32919	0.04889	0.34984	0.00652	0.24554	0.11408	0.377	0.00109	0.00869	0.0	0.02064	0.00109	0.30964	0.088	0.0	0.14993	0.03259	0.03694
HG02325								1,2	0.98, 0.945		1.0	1.25795	1.08569	7.12122	4.93248	0.15698	0.0	0.16324	0.07293	0.26465	0.00208	0.01737	0.00069	0.00834	0.00069	0.19797	0.05626	0.00208	0.12573	0.05279	0.00834
HG02330								1,3/6	0.904, 0.989		1.0	1.20489	1.03076	0.48967	0.04324	3.15422	0.6451	0.0783	0.02571	0.34592	0.00351	0.00584	0.00117	0.01402	0.0	0.24074	0.00701	0.00351	0.12271	0.08414	0.00351
HG02332								3/6,9	0.975, 0.913		1.0	0.0368	0.04675	0.3889	0.03382	1.95246	0.79272	0.11637	0.02586	0.32027	0.00099	0.01293	0.02089	10.52119	4.76228	0.0368	0.00895	0.00099	0.12433	0.03382	0.01194
HG02334								1,3/6	0.992, 0.962		1.0	1.79676	1.58858	0.29335	0.08043	1.16157	0.67305	0.16797	0.09818	0.31227	0.01065	0.01183	0.00118	0.02721	0.0	0.15969	0.02011	0.0	0.14786	0.07807	0.00473
HG02337								12,2	0.896, 0.829		1.0	0.02383	0.03229	1.76821	1.27542	0.09149	0.00077	0.11916	0.00846	0.4113	0.00231	0.04151	0.00077	0.02229	0.0	0.08072	0.02383	0.0	0.09533	1.42533	0.79723
HG02339								11,7	0.821, 0.884		1.0	0.02355	0.03168	0.38579	0.06904	0.09178	0.00081	0.07147	0.01462	0.27371	0.00731	7.0465	2.7866	0.00975	0.00081	0.08853	0.00244	1.26701	1.26294	0.08203	0.0333
HG02343								1,1	0.997		1.0	4.37073	3.96663	0.26683	0.11311	0.20399	0.00193	0.07637	0.08217	0.51335	0.0	0.00483	0.00193	0.01353	0.0	0.20882	0.09668	0.00097	0.14985	0.02707	0.01837
HG02345								3/6,3/6	0.996		1.0	0.05132	0.03771	0.34249	0.02514	2.58492	1.41291	0.16653	0.03666	0.33306	0.00105	0.02304	0.00314	0.02723	0.0	0.09112	0.01466	0.00105	0.20633	0.07646	0.00314
HG02348								2,3/6	0.965, 0.989		1.0	0.03783	0.03499	7.44699	5.10054	1.08196	0.48802	0.14754	0.0104	0.25347	0.0	0.00757	0.0	0.01892	0.0	0.03972	0.02554	0.00284	0.09174	0.03783	0.00189
HG02351								1,3/6	0.966, 0.991		1.0	3.78217	3.55373	0.31222	0.08378	1.16208	0.50087	0.07534	0.03014	0.41709	0.00301	0.01025	0.0006	0.01627	0.0006	0.07534	0.01447	0.00121	0.14888	0.07534	0.00301
HG02353								1,3/6	0.965, 0.983		1.0	3.0653	2.8592	0.27398	0.0319	1.54819	0.53406	0.11041	0.02781	0.44409	0.00164	0.04171	0.0	0.01227	0.00082	0.12595	0.01799	0.00245	0.15212	0.05316	0.00654
HG02355								3/6,3/6	0.997		1.0	0.03122	0.03382	0.28793	0.02428	2.60264	1.53244	0.07372	0.03469	0.45704	0.0026	0.01735	0.0	0.01735	0.00087	0.11014	0.01127	0.0026	0.1483	0.01388	0.00867
HG02356								1,3/6	0.984, 0.97		1.0	3.27511	3.04823	0.35418	0.03291	1.52065	0.7482	0.09699	0.01732	0.41307	0.00173	0.02598	0.00173	0.01559	0.0	0.11171	0.01472	0.00173	0.18878	0.0407	0.02165
HG02360								3/6,3/6	0.997		1.0	0.02666	0.02567	0.2518	0.01284	3.16879	1.37752	0.05234	0.03654	0.53718	0.00296	0.0395	0.0	0.03259	0.0	0.08788	0.00395	0.00296	0.13726	0.03456	0.00889
HG02364								4,4	0.953		1.0	0.01624	0.02301	0.48864	0.02572	0.18882	0.0	1.97217	1.02737	0.75124	0.00068	0.00812	0.0	0.01083	0.0	0.11167	0.00541	0.00068	0.18206	0.09204	0.00406
HG02367								1,4	0.962, 0.866		1.0	3.88305	3.6436	0.29347	0.13798	0.18762	0.00292	0.9286	0.457	0.48328	0.00146	0.00584	0.0	0.01168	0.0	0.09417	0.0146	0.0	0.11827	0.07519	0.00292
HG02371								2,3/6	0.939, 0.987		1.0	0.01794	0.0205	8.58537	5.80531	1.37038	0.37677	0.13926	0.04613	0.31782	0.00256	0.03417	0.00171	0.01623	0.0	0.06066	0.03332	0.00085	0.12388	0.01965	0.00342
HG02373								2,2	0.996		1.0	0.01421	0.0169	10.21614	7.22393	0.05762	0.0	0.15249	0.02151	0.17093	0.00192	0.01191	0.0	0.01037	0.0	0.06491	0.02574	0.00077	0.09718	0.05032	0.01728
HG02374								1,2	0.961, 0.959		1.0	3.20243	2.99953	7.30222	4.8849	0.12434	0.00045	0.12479	0.0193	0.37258	0.0018	0.00359	0.00045	0.00898	0.0	0.123	0.02424	0.00135	0.15083	0.05611	0.02738
HG02375								3/6,4	0.974, 0.984		1.0	0.02647	0.03162	0.56473	0.04044	1.12726	0.57429	1.37433	0.76253	0.64635	0.00515	0.00735	0.00221	0.01618	0.0	0.12353	0.00956	0.0	0.1103	0.04853	0.00662
HG02379								1,2	0.937, 0.987		1.0	2.45726	2.27381	7.66506	5.47885	0.1003	0.00063	0.12442	0.01206	0.30851	0.00254	0.00762	0.0	0.01079	0.0	0.0584	0.05713	0.0019	0.13331	0.0292	0.03809
HG02380								3/6,3/6	0.996		1.0	0.03512	0.03038	0.31232	0.03607	2.59253	2.12928	0.1348	0.00759	0.29049	0.0038	0.01709	0.0	0.01804	0.0	0.11581	0.0057	0.0	0.17942	0.09113	0.00759
HG02382								3/6,3/6	0.997		1.0	0.02919	0.03705	0.21108	0.02133	3.17521	1.701	0.04603	0.02021	0.45697	0.00449	0.02695	0.00112	0.00898	0.0	0.11901	0.00561	0.00112	0.11789	0.02133	0.00449
HG02383								2,3/6	0.968, 0.989		1.0	0.02325	0.02248	7.46012	5.34471	1.35498	0.72632	0.17596	0.03178	0.2558	0.0031	0.02248	0.0	0.0093	0.00078	0.06511	0.02946	0.0	0.1217	0.05969	0.01008
HG02384								1,3/6	0.979, 0.991		1.0	3.93625	3.70923	0.22152	0.11469	0.84129	0.43282	0.07934	0.01964	0.3362	0.00079	0.0055	0.00157	0.01178	0.00079	0.10055	0.02985	0.0	0.14139	0.06284	0.00236
HG02385								2,4	0.995, 0.8		1.0	0.02096	0.02029	7.7966	5.24664	0.16296	0.0	0.77155	0.34824	0.36515	0.00203	0.01082	0.00068	0.02029	0.0	0.03651	0.04666	0.0	0.12983	0.00338	0.01826
HG02386								3/6,3/6	0.997		1.0	0.04765	0.04665	0.3494	0.02184	3.1228	1.55048	0.05261	0.07345	0.38613	0.00298	0.04368	0.0	0.01191	0.0	0.07048	0.00496	0.0	0.15584	0.02085	0.00596
HG02389								3/6,3/6	0.997		1.0	0.03258	0.04345	0.34924	0.02005	2.76218	1.50391	0.06517	0.04345	0.3835	0.00501	0.01922	0.0	0.01587	0.0	0.09608	0.00501	0.0	0.15958	0.02841	0.00334
HG02390								1,4	0.945, 0.924		1.0	3.79487	3.52039	0.29795	0.13197	0.12388	0.00081	0.98535	0.54166	0.53033	0.00648	0.00567	0.0	0.01781	0.0	0.05911	0.01943	0.0	0.19108	0.07935	0.00648
HG02391								1,3/6	0.957, 0.993		1.0	3.62718	3.41164	0.2839	0.10742	1.29741	0.68149	0.08649	0.01256	0.39132	0.0007	0.02023	0.0	0.02232	0.0007	0.06975	0.0293	0.0007	0.15555	0.05999	0.00419
HG02392								3/6,3/6	0.997		1.0	0.02347	0.03266	0.35616	0.05817	2.72378	1.64508	0.0796	0.02143	0.42046	0.00306	0.02143	0.00102	0.01021	0.0	0.11532	0.00306	0.0	0.12042	0.01939	0.0051
HG02394								3/6,4	0.975, 0.978		1.0	0.02836	0.02085	0.36113	0.01835	1.55542	0.76645	1.24184	0.73726	0.48956	0.00417	0.00584	0.0	0.01168	0.0	0.06922	0.00584	0.00167	0.17431	0.02502	0.00751
HG02395								3/6,3/6	0.997		1.0	0.03874	0.02927	0.31767	0.08006	3.36527	1.87763	0.06887	0.05079	0.4537	0.00258	0.04132	0.0	0.0198	0.00086	0.11622	0.00689	0.00086	0.15927	0.04477	0.00689
HG02396								3/6,3/6	0.996		1.0	0.04469	0.0343	0.23695	0.03222	2.39968	1.59217	0.06755	0.00831	0.36894	0.00624	0.02182	0.00104	0.01455	0.0	0.10081	0.00208	0.0	0.12887	0.06547	0.00727
HG02397								3/6,3/6	0.993		1.0	0.02182	0.04363	0.2827	0.01	2.8706	1.70618	0.06817	0.00727	0.39359	0.00273	0.01818	0.00091	0.01545	0.0	0.11635	0.00364	0.00182	0.11635	0.01636	0.00182
HG02398								2,3/6	0.99, 0.992		1.0	0.02185	0.02712	7.9577	5.65039	0.8482	0.51826	0.14011	0.00979	0.18003	0.0	0.00904	0.0	0.01582	0.00075	0.09491	0.02938	0.0	0.13408	0.02862	0.01959
HG02399								3/6,4	0.97, 0.98		1.0	0.04422	0.03175	0.33676	0.01928	0.99441	0.58508	1.5398	0.79031	0.52158	0.0	0.0034	0.0	0.00454	0.0	0.12473	0.00794	0.00113	0.09525	0.04876	0.00454
HG02401								1,1	0.957		1.0	8.43235	8.04124	0.27121	0.08517	0.0769	0.00331	0.09426	0.02977	0.20754	0.00496	0.00413	0.00083	0.01571	0.0	0.07855	0.01984	0.0	0.16207	0.09095	0.00827
HG02402								3/6,4	0.987, 0.987		1.0	0.03606	0.04187	0.37222	0.03257	1.11433	0.56996	0.94799	0.92473	0.50366	0.00116	0.00931	0.00116	0.01745	0.00116	0.0884	0.00349	0.0	0.18611	0.04071	0.00698
HG02406								2,3/6	0.909, 0.994		1.0	0.02345	0.03339	7.49604	5.03052	1.12618	0.60395	0.11511	0.01918	0.30197	0.00213	0.01208	0.0	0.01279	0.00071	0.07034	0.00639	0.00071	0.09308	0.01918	0.00995
HG02407								3/6,3/6	0.989		1.0	0.06328	0.05611	0.35458	0.03223	2.21702	1.72753	0.10506	0.01791	0.40472	0.00478	0.04298	0.0	0.01791	0.00119	0.16356	0.00478	0.0	0.13491	0.04179	0.00597
HG02408								3/6,3/6	0.997		1.0	0.03378	0.03378	0.30513	0.04504	3.04457	1.47724	0.05855	0.03378	0.45826	0.00338	0.02927	0.00113	0.02027	0.0	0.11372	0.00676	0.00113	0.19029	0.0259	0.00788
HG02409								3/6,4	0.928, 0.993		1.0	0.0199	0.02727	0.37367	0.02285	1.83371	0.77387	0.71123	0.54245	0.48201	0.00147	0.01621	0.0	0.00958	0.0	0.05601	0.00442	0.0	0.1533	0.03317	0.00074
HG02410								1,3/6	0.981, 0.981		1.0	3.20326	3.11138	0.32339	0.06306	1.63496	0.65218	0.08107	0.01982	0.42968	0.0009	0.02522	0.0	0.02612	0.0	0.19547	0.01441	0.0	0.18196	0.03964	0.0045
HG02419								3/6,3/6	0.992		1.0	0.01832	0.02345	0.27334	0.01832	1.91341	0.89038	0.1898	0.14876	0.36641	0.00147	0.00879	0.00073	0.02345	0.0	0.12018	0.00366	0.0	0.12898	0.05716	0.0066
HG02420								1,7	0.997, 0.924		1.0	1.20443	1.05388	0.30996	0.04973	1.61318	0.00136	0.19483	0.04837	0.23367	0.00613	6.10051	2.62414	0.01703	0.00068	0.15532	0.02112	0.00068	0.06608	0.02316	0.03747
HG02425								3/6,3/6	0.996		1.0	0.0423	0.04124	0.22418	0.02009	2.87095	1.45715	0.08354	0.05604	0.32886	0.00106	0.01903	0.0	0.02221	0.0	0.09411	0.01903	0.0	0.11949	0.03384	0.00423
HG02427								1,2	0.996, 0.958		1.0	1.44434	1.19487	1.48465	1.13858	0.1582	0.00152	0.11104	0.02358	0.2084	0.00228	0.00761	0.00076	0.01521	0.00076	0.34302	0.05324	0.0	0.06541	0.01141	0.04183
HG02429								2,2	0.967		1.0	0.03468	0.02312	8.45343	5.93041	0.08574	0.00193	0.06262	0.0106	0.26781	0.00096	0.00963	0.0	0.01349	0.00096	0.03179	0.02216	0.0	0.079	0.00674	0.02697
HG02433								4,4	0.901		1.0	0.01613	0.01894	0.55619	0.13116	0.14659	0.0014	1.54654	0.61932	0.5057	0.0021	0.02104	0.0007	0.02735	0.0	0.00631	0.01052	0.0014	0.09819	0.04489	0.03998
HG02439								1,3/6	0.997, 0.941		1.0	1.85778	1.62705	0.27642	0.01648	1.4203	0.81203	0.17829	0.02247	0.37006	0.00225	0.01648	0.00075	0.00824	0.0	0.37455	0.05468	0.0	0.09813	0.02697	0.03071
HG02442								3/6,3/6	0.997		1.0	0.03773	0.03144	0.38044	0.02725	3.35898	1.50184	0.08594	0.02725	0.44437	0.00524	0.03459	0.00105	0.03773	0.00105	0.03354	0.00838	0.0	0.10585	0.06917	0.0021
HG02445								1,1	0.997		1.0	3.6922	2.94662	0.31234	0.12549	0.24456	0.00092	0.12823	0.04488	0.36455	0.01923	0.0055	0.0	0.02198	0.0	0.7465	0.06686	0.0	0.12823	0.02656	0.05954
HG02449	7		ACB	AFR	2.0	train	3/6,7	3/6,7	0.941, 0.982	True	1.0	0.02419	0.02257	0.3773	0.02822	1.87199	0.52564	0.07659	0.01451	0.24428	0.00806	7.40574	2.92892	0.01532	0.0	0.00887	0.00887	0.0	0.07014	0.01854	0.00484
HG02450	4	1	ACB	AFR	2.0	train	1,4	1,4	0.991, 0.928	True	1.0	0.80938	0.77518	0.23797	0.04845	0.29497	0.00142	1.05733	1.08583	0.79371	0.0	0.00855	0.0	0.00997	0.0	0.17385	0.01995	0.0	0.12255	0.05415	0.03135
HG02451	1		ACB	AFR	2.0	train	1,3/6	1,3/6	0.961, 0.972	True	1.0	0.66302	0.60664	0.25372	0.01775	2.45265	0.67137	0.13156	0.071	0.38215	0.00313	0.00313	0.00104	0.00522	0.0	0.08249	0.03237	0.0	0.10546	0.04594	0.01671
HG02455								3/6,4	0.951, 0.941		1.0	0.04673	0.04272	0.34311	0.05073	1.17884	0.81972	0.97191	0.87178	0.75697	0.00267	0.02804	0.0	0.01335	0.0	0.07209	0.02003	0.0	0.19492	0.01602	0.00935
HG02461	2		GWD	AFR	2.0	train	2,3/6	2,3/6	0.914, 0.983	True	1.0	0.04258	0.04007	6.55969	3.96487	1.45019	0.60529	0.15445	0.03089	0.31141	0.0025	0.01002	0.0	0.03507	0.00083	0.05343	0.01002	0.00083	0.11438	0.07514	0.06679
HG02462		1	GWD	AFR	2.0	test	1,3/6	1,3/6	0.978, 0.924	True	1.0	1.58502	1.39708	0.29272	0.01746	1.82618	0.87234	0.11143	0.12058	0.4607	0.00416	0.01497	0.0	0.00333	0.0	0.13555	0.07401	0.0	0.09563	0.06154	0.0341
HG02463	1		GWD	AFR	2.0	train	1,3/6	1,3/6	0.979, 0.966	True	1.0	1.80858	1.60217	0.21042	0.01703	2.0731	0.8607	0.10721	0.12926	0.32965	0.00301	0.00401	0.0	0.01603	0.0	0.12324	0.08717	0.0	0.09819	0.03908	0.01904
HG02464		2	GWD	AFR	2.0	train	2,3/6	2,3/6	0.898, 0.992	True	1.0	0.03941	0.0495	4.24122	2.7737	2.15682	0.95604	0.12191	0.04216	0.25757	0.00092	0.00642	0.00092	0.01283	0.0	0.04308	0.0055	0.0	0.07516	0.02567	0.03575
HG02465	9		GWD	AFR	2.0	train	3/6,9	3/6,9	0.977, 0.925	True	1.0	0.0295	0.0333	0.26166	0.03616	1.19604	1.06473	0.10086	0.00856	0.38536	0.0	0.01998	0.00666	12.1345	5.46543	0.09515	0.00571	0.0	0.06375	0.0628	0.03235
HG02466		2	GWD	AFR	2.0	train	2,3/6	2,3/6	0.933, 0.994	True	1.0	0.02651	0.03397	4.03593	2.67211	1.19313	1.03239	0.10937	0.0174	0.27508	0.00083	0.01409	0.0	0.01326	0.0	0.06214	0.00746	0.0	0.06131	0.03397	0.03646
HG02470								1,4	0.997, 0.637		1.0	1.67247	1.39664	0.2706	0.02881	0.22608	0.0	0.2095	0.62849	0.5508	0.00087	0.0227	0.0	0.01309	0.0	0.23917	0.0707	0.0	0.13966	0.01659	0.02619
HG02471								1,2	0.997, 0.929		1.0	1.57434	1.38153	2.26069	1.59199	0.17108	0.00068	0.25594	0.03394	0.36388	0.00272	0.00815	0.00068	0.02105	0.0	0.28242	0.0482	0.0	0.07604	0.00475	0.05499
HG02476								1,2	0.965, 0.884		1.0	1.53322	1.40406	6.86978	4.3366	0.19809	0.0	0.09508	0.08558	0.26227	0.00158	0.03011	0.0	0.01426	0.01189	0.08637	0.05309	0.00079	0.12599	0.04041	0.01902
HG02477								1,2	0.996, 0.917		1.0	1.33899	1.29221	4.72197	3.38799	0.16288	0.0	0.11945	0.02757	0.32577	0.00418	0.00585	0.00167	0.01086	0.00084	0.30572	0.05764	0.0	0.08353	0.05847	0.06014
HG02479								1,2	0.988, 0.851		1.0	1.35285	1.21203	6.17801	3.84098	2.03956	0.0	0.15427	0.03956	0.48418	0.00237	0.01345	0.00079	0.01266	0.00079	0.20886	0.02532	0.00158	0.09731	0.03165	0.06092
HG02481								1,11	0.971, 0.551		1.0	1.52607	1.37537	0.28869	0.04358	0.30594	0.0	0.1044	0.08261	0.54743	0.00454	0.01089	0.00182	0.0118	0.00091	0.08443	0.01816	0.0118	0.51111	0.05719	0.00635
HG02484								12,3/6	0.795, 0.982		1.0	0.02637	0.02966	0.24635	0.03048	1.95595	0.88405	0.15984	0.01153	0.28178	0.0	0.0173	0.00247	0.01401	0.0	0.0346	0.00494	0.00082	0.13842	3.95146	1.17242
HG02485								1,7	0.997, 0.916		1.0	1.78842	1.52127	0.27669	0.02544	0.11449	0.00212	0.14206	0.03816	0.24383	0.00848	7.23531	3.60123	0.01484	0.0	0.29789	0.05937	0.0	0.05195	0.03604	0.02544
HG02489								1,3/6	0.979, 0.971		1.0	1.3182	1.13001	0.26897	0.04616	2.41003	1.05278	0.07101	0.05326	0.34175	0.00266	0.03906	0.0	0.01243	0.00178	0.11806	0.09853	0.0	0.09321	0.03284	0.01687
HG02490	2	1	PJL	SAS	2.0	train	1,2	1,2	0.974, 0.944	True	1.0	2.96294	2.8465	4.27914	2.398	0.11569	0.0	0.12321	0.01352	0.40943	0.00225	0.04808	0.0	0.00902	0.0	0.11344	0.03381	0.00075	0.11194	0.11194	0.02104
HG02491	2		PJL	SAS	2.0	train	2,3/6	2,3/6	0.995, 0.984	True	1.0	0.01767	0.02544	10.78747	7.8182	0.77376	0.28901	0.10882	0.01696	0.20563	0.00141	0.01484	0.00141	0.0106	0.0	0.0431	0.03109	0.00141	0.09398	0.0318	0.01767
HG02492		1	PJL	SAS	2.0	train	1,3/6	1,3/6	0.974, 0.97	True	1.0	3.65657	3.49413	0.19381	0.06645	0.93398	0.43008	0.07937	0.012	0.50852	0.0	0.00185	0.0	0.00738	0.0	0.13751	0.0323	0.0	0.09783	0.11998	0.01384
HG02493		2	PJL	SAS	2.0	train	2,3/6	2,3/6	0.988, 0.99	True	1.0	0.02349	0.02215	10.21998	6.85985	1.214	0.6731	0.1067	0.02013	0.19394	0.00336	0.01208	0.00067	0.01275	0.0	0.03825	0.03154	0.00134	0.11677	0.01678	0.0047
HG02494			PJL	SAS	2.0	train	3/6,3/6	3/6,3/6	0.996	True	1.0	0.04203	0.04554	0.34064	0.04203	2.32495	1.07972	0.16463	0.00788	0.29511	0.00263	0.00701	0.00263	0.01576	0.00263	0.0902	0.00525	0.0	0.15675	0.18127	0.00701
HG02495		2	PJL	SAS	2.0	train	2,3/6	2,3/6	0.985, 0.99	True	1.0	0.02762	0.02071	10.09214	6.78375	0.72181	0.33203	0.10796	0.01695	0.17637	0.00063	0.01193	0.00063	0.01193	0.0	0.05712	0.03766	0.00063	0.06653	0.06841	0.00126
HG02496								3/6,3/6	0.974		1.0	0.02335	0.02646	0.25759	0.04125	1.65217	0.61013	0.20545	0.186	0.25604	0.0	0.01401	0.00078	0.01556	0.0	0.05681	0.0179	0.0	0.13074	0.04747	0.007
HG02497								3/6,9	0.971, 0.899		1.0	0.04191	0.04556	0.27425	0.07016	1.62181	0.87924	0.09658	0.00729	0.32527	0.00091	0.05649	0.00729	9.82379	4.69778	0.06105	0.00638	0.0	0.06196	0.07107	0.00729
HG02501								1,3/6	0.884, 0.989		1.0	1.17737	0.97657	0.24034	0.05983	2.7989	1.24734	0.11155	0.00608	0.33262	0.00608	0.03347	0.00101	0.01217	0.0	0.19978	0.00304	0.0	0.09228	0.04969	0.00608
HG02502								3/6,3/6	0.966		1.0	0.01443	0.02886	0.17501	0.03325	0.75776	0.42655	0.1863	0.01631	0.20136	0.00251	0.01505	0.00125	0.07151	0.00063	0.08029	0.19446	0.0	0.12608	1.84736	0.0207
HG02505								1,3/6	0.998, 0.976		1.0	1.9057	1.68339	0.32701	0.01369	1.79052	0.51227	0.09665	0.05799	0.29077	0.00886	0.00483	0.0	0.01128	0.0	0.22955	0.09021	0.0	0.12243	0.02819	0.01208
HG02508								3/6,3/6	0.997		1.0	0.02737	0.03345	0.2881	0.02128	2.79509	1.78028	0.07678	0.04485	0.26986	0.00228	0.0076	0.00076	0.01292	0.0	0.11174	0.00608	0.0	0.10262	0.05701	0.00456
HG02511								1,3/6	0.966, 0.96		1.0	3.91695	3.75902	0.16596	0.06513	1.88174	0.2766	0.06335	0.05086	0.50323	0.00357	0.02052	0.0	0.01517	0.0	0.08119	0.04104	0.00089	0.13473	0.02409	0.01874
HG02512		4	KHV	EAS	2.0	train	3/6,4	3/6,4	0.989, 0.992	True	1.0	0.03593	0.02894	0.3124	0.03493	1.12583	0.37128	1.48713	1.05796	0.5699	0.002	0.00599	0.0	0.01098	0.0	0.07486	0.00998	0.0	0.19961	0.02595	0.00399
HG02513	2	4	KHV	EAS	2.0	train	2,4	2,4	0.968, 0.932	True	1.0	0.02919	0.0247	8.67092	5.92308	0.16842	0.0015	1.0135	0.56289	0.42591	0.00225	0.00374	0.0	0.01272	0.0	0.08009	0.03144	0.0	0.128	0.02545	0.03668
HG02514	4	4	KHV	EAS	2.0	test	4,4	4,4	0.973	True	1.0	0.02961	0.03042	0.32976	0.02321	0.21451	0.0008	2.28673	1.57918	0.74117	0.0016	0.0048	0.0	0.008	0.0	0.07764	0.02881	0.0008	0.10565	0.02161	0.0024
HG02521			KHV	EAS	2.0	train	3/6,3/6	3/6,3/6	0.997	True	1.0	0.0238	0.03571	0.32433	0.01686	2.68884	1.4322	0.06546	0.04265	0.28366	0.00397	0.01686	0.00099	0.01587	0.0	0.11009	0.00992	0.0	0.17059	0.05455	0.00496
HG02522		2	KHV	EAS	2.0	train	2,3/6	2,3/6	0.95, 0.987	True	1.0	0.02038	0.03725	7.69015	5.08342	1.24046	0.58333	0.11596	0.01898	0.32118	0.00492	0.01124	0.0007	0.01968	0.00141	0.04357	0.00703	0.00141	0.10683	0.01687	0.01616
HG02523	2		KHV	EAS	2.0	train	2,3/6	2,3/6	0.994, 0.993	True	1.0	0.01614	0.02421	8.13561	5.29753	1.27714	0.61133	0.07936	0.02757	0.2374	0.00269	0.01278	0.00135	0.02152	0.0	0.06389	0.00538	0.00067	0.06456	0.01211	0.01345
HG02524		2	KHV	EAS	2.0	train	2,3/6	2,3/6	0.982, 0.974	True	1.0	0.01775	0.02404	8.05734	5.22748	0.77688	0.29083	0.13454	0.02977	0.19408	0.00286	0.09217	0.00114	0.03378	0.0	0.07271	0.05954	0.0	0.10591	0.04866	0.0561
HG02525		2	KHV	EAS	2.0	train	2,3/6	2,3/6	0.97, 0.976	True	1.0	0.02232	0.02692	7.69387	5.11393	1.10681	0.60855	0.12736	0.06171	0.23502	0.00328	0.05252	0.0	0.05252	0.0	0.08403	0.0407	0.00394	0.12998	0.03479	0.01576
HG02526	2	2	KHV	EAS	2.0	train	2,2	2,2	0.997	True	1.0	0.01269	0.01607	11.09302	7.45019	0.12181	0.0	0.13492	0.03299	0.15311	0.00127	0.07063	0.0	0.04652	0.0	0.0609	0.05202	0.00085	0.15438	0.03088	0.03764
HG02536								3/6,3/6	0.992		1.0	0.04033	0.04356	0.27587	0.02178	4.33243	1.62456	0.08308	0.01129	0.36782	0.00242	0.03469	0.0	0.0121	0.0	0.09841	0.00645	0.00081	0.10567	0.0121	0.01936
HG02537								2,2	0.996		1.0	0.02184	0.02257	11.83896	8.50903	0.13468	0.00073	0.13687	0.00874	0.28101	0.00146	0.01238	0.00073	0.02111	0.0	0.03931	0.01966	0.00073	0.14779	0.0131	0.03203
HG02541								4,5	0.996, 0.824		1.0	0.02745	0.02059	0.26903	0.03363	0.16403	0.0	1.3184	0.52914	6.37032	2.32178	0.86749	0.00686	0.11873	0.0	0.10501	0.00892	0.0	0.05147	0.11599	0.00618
HG02545								3/6,3/6	0.997		1.0	0.03033	0.03966	0.23487	0.02333	3.55643	1.42008	0.06922	0.028	0.26209	0.00156	0.014	0.0	0.014	0.0	0.08555	0.00544	0.00078	0.07933	0.02255	0.00622
HG02546								11,3/6	0.889, 0.963		1.0	0.01807	0.02602	0.28691	0.02819	1.94477	0.87302	0.07588	0.00795	0.34545	0.00434	0.0925	0.00072	0.01156	0.00072	0.08094	0.00867	1.83709	1.45189	0.0224	0.0383
HG02549								3/6,3/6	0.991		1.0	0.05259	0.05407	0.25256	0.03185	3.24702	1.75461	0.09036	0.00889	0.37329	0.00222	0.03259	0.0	0.00889	0.0	0.07258	0.01111	0.0	0.07555	0.04518	0.01926
HG02554								11,4	0.905, 0.875		1.0	0.04997	0.02599	0.28318	0.02932	0.14925	0.0	1.61047	0.71029	0.42711	0.004	0.10128	0.0	0.02799	0.0	0.0673	0.01533	1.45389	1.96162	0.01999	0.04731
HG02555								3/6,3/6	0.991		1.0	0.0398	0.06588	0.21684	0.04803	2.53208	1.51925	0.11665	0.00412	0.53112	0.00686	0.00137	0.00137	0.01235	0.0	0.17567	0.00549	0.00137	0.10979	0.05901	0.00549
HG02557								1,4	0.991, 0.886		1.0	1.37108	1.3536	0.27203	0.04916	0.36052	0.00109	0.94719	0.84777	0.75928	0.00328	0.00437	0.00218	0.00765	0.0	0.1595	0.02076	0.00109	0.11908	0.1169	0.00655
HG02558								3/6,3/6	0.987		1.0	0.06137	0.05967	0.21651	0.05796	4.90479	3.72846	0.12104	0.14321	0.47906	0.00852	0.00682	0.0	0.01705	0.0017	0.10911	0.03069	0.0017	0.11593	0.00341	0.01364
HG02561	1	1	GWD	AFR	2.0	train	1,1	1,1	0.997	True	1.0	2.71256	2.36652	0.31182	0.04105	0.19257	0.00195	0.21505	0.1085	0.42032	0.00195	0.00586	0.0	0.01564	0.0	0.27565	0.11632	0.00195	0.13685	0.04105	0.02639
HG02562		1	GWD	AFR	2.0	train	1,3/6	1,3/6	0.998, 0.904	True	1.0	1.45069	1.24112	0.31824	0.02329	1.58653	0.94695	0.2119	0.02794	0.48046	0.0	0.04036	0.0	0.02251	0.0	0.34385	0.05589	0.00078	0.12962	0.03027	0.052
HG02563	1	1	GWD	AFR	2.0	test	1,1	1,1	0.997	True	1.0	2.48001	2.15397	0.19669	0.02138	0.17104	0.00214	0.22876	0.10476	0.49921	0.00214	0.00641	0.0	0.0171	0.0	0.53448	0.07162	0.00107	0.12507	0.031	0.03528
HG02568	4		GWD	AFR	2.0	train	3/6,4	3/6,4	0.722, 0.978	True	1.0	0.03934	0.048	0.22976	0.01652	1.47301	0.80417	0.15973	0.46818	0.46582	0.00157	0.01416	0.00157	0.01888	0.0	0.04249	0.00787	0.0	0.14714	0.02518	0.02046
HG02569			GWD	AFR	2.0	test	3/6,3/6	3/6,3/6	0.992	True	1.0	0.04599	0.05166	0.14363	0.01827	3.19128	1.85833	0.05795	0.04284	0.30615	0.00126	0.01764	0.0	0.0126	0.0	0.08252	0.00756	0.00063	0.06047	0.08567	0.01953
HG02570	4		GWD	AFR	2.0	train	3/6,4	3/6,4	0.973, 0.686	True	1.0	0.03137	0.03422	0.35505	0.07985	0.25667	0.05133	1.35605	1.01668	0.95537	0.00998	0.01283	0.00143	0.01283	0.0	0.16398	0.00856	0.0	0.13689	0.04135	0.00998
HG02571	4	12	GWD	AFR	2.0	train	12,4	12,4	0.825, 0.924	True	1.0	0.03414	0.02871	0.2607	0.02716	0.24906	0.00078	0.20406	0.4283	0.50899	0.00078	0.03181	0.0	0.01319	0.00078	0.03724	0.00543	0.0	0.16216	1.52697	0.689
HG02572	12		GWD	AFR	2.0	train	12,3/6	12,3/6	0.968, 0.783	True	1.0	0.0326	0.03761	0.26956	0.04764	0.13541	0.04263	0.084	0.01128	0.46891	0.00125	0.04764	0.00251	0.01505	0.0	0.06018	0.01128	0.0	0.12036	2.67055	1.22745
HG02573	1	7	GWD	AFR	2.0	train	1,7	1,7	0.997, 0.986	True	1.0	1.80403	1.54058	0.40566	0.02005	0.19052	0.00091	0.2042	0.05652	0.30538	0.01732	6.17781	3.70104	0.01276	0.00182	0.41933	0.07657	0.0	0.03737	0.01732	0.04102
HG02574	7	1	GWD	AFR	2.0	test	1,7	1,7	0.987, 0.984	True	1.0	2.33275	2.06594	0.31249	0.04464	0.19102	0.0	0.10485	0.11212	0.24708	0.00831	5.65072	4.11112	0.02595	0.00104	0.26058	0.09447	0.00104	0.08409	0.00208	0.02076
HG02575	1	7	GWD	AFR	2.0	train	1,7	1,7	0.996, 0.977	True	1.0	2.45858	2.18032	0.48902	0.1155	0.15826	0.00675	0.08625	0.10425	0.24451	0.00975	5.38893	3.25061	0.015	0.0	0.27151	0.09075	0.0	0.0825	0.0045	0.02025
HG02577								3/6,9	0.905, 0.916		1.0	0.01952	0.02552	0.48644	0.03904	1.89848	0.51347	0.1111	0.01126	0.29877	0.00676	0.04054	0.01727	9.3918	4.34946	0.01727	0.01126	0.0015	0.07657	0.04579	0.00676
HG02580								1,3/6	0.934, 0.974		1.0	1.55556	1.3819	0.46899	0.02786	1.77288	0.74388	0.09101	0.13559	0.38448	0.01765	0.03343	0.00093	0.04272	0.0	0.04551	0.08173	0.00093	0.14023	0.06779	0.01022
HG02582			GWD	AFR	2.0	train	3/6,3/6	3/6,3/6	0.997	True	1.0	0.04412	0.03661	0.29663	0.03473	4.03545	1.86518	0.06852	0.01033	0.34919	0.00469	0.02253	0.0	0.01408	0.0	0.06852	0.00469	0.0	0.10983	0.00751	0.00469
HG02583		1	GWD	AFR	2.0	train	1,3/6	1,3/6	0.99, 0.96	True	1.0	1.98485	1.46329	0.34827	0.01812	2.30593	0.92645	0.12742	0.0068	0.33808	0.00113	0.01869	0.0	0.01869	0.0	0.2033	0.12515	0.00057	0.12175	0.07079	0.01529
HG02584	1		GWD	AFR	2.0	train	1,3/6	1,3/6	0.988, 0.967	True	1.0	1.94618	1.43728	0.18285	0.02487	2.02013	1.00368	0.11563	0.01345	0.27428	0.00134	0.01681	0.00134	0.00941	0.0	0.19697	0.03765	0.00202	0.09344	0.02218	0.01345
HG02585	1	8	GWD	AFR	2.0	train	1,8	1,8	0.973, 0.675	True	1.0	1.54446	1.34209	5.04273	3.86621	0.17018	0.00552	0.10027	0.11774	0.37991	0.00184	0.02392	0.0	0.01472	0.00276	0.10579	0.25756	0.0	0.13522	0.04415	0.04415
HG02586	1		GWD	AFR	2.0	train	1,3/6	1,3/6	0.986, 0.978	True	1.0	4.17028	3.96373	0.24243	0.07877	1.74163	0.7019	0.07177	0.02275	0.3667	0.00263	0.04026	0.0	0.01313	0.0	0.12253	0.02363	0.01488	0.15491	0.014	0.021
HG02587		8	GWD	AFR	2.0	train	3/6,8	3/6,8	0.989, 0.666	True	1.0	0.04645	0.04138	4.92239	3.77645	1.68893	0.68571	0.04138	0.01942	0.36819	0.00169	0.0304	0.00084	0.01013	0.0	0.08529	0.16805	0.0	0.06418	0.03378	0.02111
HG02588		1	GWD	AFR	2.0	test	1,3/6	1,3/6	0.997, 0.927	True	1.0	2.10892	1.89723	0.26949	0.01878	1.72023	0.43493	0.20446	0.03323	0.26298	0.00072	0.01806	0.00144	0.01734	0.0	0.26876	0.04552	0.00144	0.14016	0.01373	0.03179
HG02589	2		GWD	AFR	2.0	train	2,3/6	2,3/6	0.966, 0.99	True	1.0	0.02723	0.01931	4.77899	3.26916	1.99348	0.90937	0.09851	0.02673	0.35196	0.00198	0.04257	0.0	0.03515	0.0	0.08168	0.10148	0.00099	0.1094	0.05445	0.02079
HG02590		1	GWD	AFR	2.0	train	1,3/6	1,3/6	0.998, 0.936	True	1.0	1.83497	1.64023	0.23774	0.01904	1.95169	0.83977	0.2015	0.0258	0.29733	0.00123	0.01413	0.0	0.03624	0.00123	0.2703	0.15604	0.0	0.13515	0.05959	0.03194
HG02594	1	1	GWD	AFR	2.0	train	1,1	1,1	0.991	True	1.0	2.24679	2.08081	0.26419	0.02969	0.96008	0.00076	0.27866	0.04264	0.56569	0.00076	0.00305	0.0	0.01294	0.00152	0.1477	0.03578	0.0	0.0868	0.07309	0.04188
HG02595	1	1	GWD	AFR	2.0	train	1,1	1,1	0.972	True	1.0	2.55886	2.49792	0.22784	0.04363	0.1946	0.0	0.26454	0.57756	0.36634	0.00069	0.00485	0.00069	0.02839	0.0	0.11011	0.0187	0.0	0.12673	0.08795	0.01316
HG02596	1	1	GWD	AFR	2.0	train	1,1	1,1	0.99	True	1.0	4.61011	4.48198	0.20985	0.0585	0.22099	0.00279	0.06778	0.01207	0.72146	0.00371	0.00371	0.00093	0.01486	0.0	0.12442	0.0455	0.0	0.13928	0.10028	0.02228
HG02597								1,2	0.982, 0.956		1.0	2.90446	2.80083	5.28267	3.67297	0.07335	0.00135	0.12651	0.02153	0.31965	0.00202	0.00336	0.0	0.01211	0.0	0.10633	0.01884	0.00135	0.09354	0.04038	0.03163
HG02600	2	2	PJL	SAS	2.0	train	2,2	2,2	0.995	True	1.0	0.01945	0.02393	9.6058	6.45206	0.0703	0.0	0.10371	0.01745	0.23036	0.0	0.02144	0.0005	0.00997	0.0	0.04886	0.03141	0.0005	0.07629	0.04637	0.02094
HG02601	1		PJL	SAS	2.0	test	1,3/6	1,3/6	0.998, 0.951	True	1.0	2.02403	1.73105	0.29106	0.02968	1.23318	0.75925	0.11106	0.07564	0.29585	0.00287	0.02394	0.0	0.01628	0.0	0.34085	0.04308	0.00096	0.14649	0.01723	0.01915
HG02602		2	PJL	SAS	2.0	train	2,3/6	2,3/6	0.98, 0.987	True	1.0	0.01569	0.01961	5.81264	3.89601	0.82496	0.58048	0.09544	0.02811	0.23468	0.00196	0.02026	0.0	0.017	0.00065	0.06929	0.03072	0.0	0.09871	0.04707	0.01569
HG02603	2		PJL	SAS	2.0	train	2,3/6	2,3/6	0.991, 0.978	True	1.0	0.0226	0.03281	6.13173	4.11626	1.16305	1.19222	0.07511	0.02115	0.23844	0.0	0.01896	0.00073	0.01094	0.0	0.05542	0.01094	0.00073	0.12105	0.02917	0.04156
HG02604	2	1	PJL	SAS	2.0	train	1,2	1,2	0.971, 0.954	True	1.0	3.25086	3.06875	4.4944	3.06671	0.15018	0.00068	0.12843	0.01087	0.30171	0.00136	0.0034	0.0	0.00883	0.0	0.09174	0.01835	0.0	0.11824	0.03398	0.03466
HG02605	1		PJL	SAS	2.0	test	1,3/6	1,3/6	0.937, 0.981	True	1.0	3.97756	3.81105	0.19919	0.02256	1.27606	1.26905	0.07936	0.01323	0.38904	0.00078	0.01323	0.0	0.007	0.0	0.11127	0.02179	0.0	0.0887	0.03035	0.01401
HG02610	7	1	GWD	AFR	2.0	train	1,7	1,7	0.985, 0.957	True	1.0	3.22364	3.11648	0.37993	0.06819	0.07439	0.00089	0.09388	0.05756	0.33919	0.0062	7.91031	3.4105	0.01683	0.00177	0.09476	0.0248	0.00089	0.06022	0.01683	0.02037
HG02611			GWD	AFR	2.0	train	3/6,3/6	3/6,3/6	0.996	True	1.0	0.04378	0.04762	0.29033	0.02765	4.02547	1.83646	0.08986	0.01075	0.41322	0.0023	0.02765	0.00154	0.03533	0.0	0.07297	0.12136	0.00461	0.12289	0.08756	0.00538
HG02612		1	GWD	AFR	2.0	train	1,3/6	1,3/6	0.976, 0.979	True	1.0	3.34877	3.21128	0.16786	0.06073	2.11555	1.05777	0.0776	0.03037	0.53142	0.0	0.0194	0.00084	0.01012	0.0	0.07929	0.02868	0.0	0.09363	0.03796	0.01265
HG02613		9	GWD	AFR	2.0	train	3/6,9	3/6,9	0.961, 0.941	True	1.0	0.04325	0.02703	0.31033	0.06163	1.96903	1.44028	0.08975	0.00865	0.40116	0.0	0.02703	0.03676	18.06081	7.97236	0.09407	0.00324	0.0	0.03244	0.05623	0.00649
HG02614	1	1	GWD	AFR	2.0	train	1,1	1,1	0.997	True	1.0	4.75257	4.39964	0.21826	0.11888	0.19597	0.00093	0.18204	0.03715	0.56284	0.00279	0.00372	0.0	0.02043	0.00093	0.31393	0.06223	0.0	0.12167	0.02229	0.04458
HG02615	1	9	GWD	AFR	2.0	train	1,9	1,9	0.972, 0.956	True	1.0	2.97607	2.85897	0.17896	0.12152	0.16129	0.0	0.05229	0.04124	0.48239	0.00074	0.02357	0.01473	13.2616	5.75845	0.08911	0.02062	0.00074	0.04345	0.06481	0.0081
HG02620	1	9	GWD	AFR	2.0	train	1,9	1,9	0.983, 0.964	True	1.0	1.44104	1.19285	0.28974	0.02187	0.20555	0.00109	0.082	0.00437	0.37502	0.0	0.00437	0.02624	16.15972	7.46212	0.40673	0.05467	0.0	0.04373	0.06669	0.01859
HG02621	2		GWD	AFR	2.0	train	2,3/6	2,3/6	0.922, 0.989	True	1.0	0.02334	0.02553	3.95959	2.7669	1.928	0.85713	0.08535	0.01094	0.3662	0.00802	0.02043	0.00073	0.02918	0.0	0.06857	0.11088	0.0	0.11599	0.07441	0.0197
HG02622		9	GWD	AFR	2.0	test	3/6,9	3/6,9	0.958, 0.875	True	1.0	0.01897	0.02627	0.20142	0.0197	2.07482	0.9845	0.05109	0.01241	0.36636	0.00438	0.0197	0.01241	11.8264	5.59026	0.08393	0.10655	0.0	0.04598	0.10436	0.00219
HG02623	1	2	GWD	AFR	2.0	train	1,2	1,2	0.954, 0.911	True	1.0	1.34814	1.1938	5.87725	4.32722	0.19354	0.0	0.09177	0.09594	0.31618	0.00167	0.01752	0.0	0.01335	0.00083	0.0951	0.04755	0.0	0.12263	0.02169	0.04421
HG02624	7		GWD	AFR	2.0	train	3/6,7	3/6,7	0.975, 0.907	True	1.0	0.02482	0.02266	0.42568	0.04694	2.39814	0.89128	0.13056	0.03669	0.31885	0.01295	6.68512	2.81518	0.02805	0.0	0.0615	0.12301	0.00054	0.07607	0.08524	0.0027
HG02625		2	GWD	AFR	2.0	train	2,3/6	2,3/6	0.954, 0.99	True	1.0	0.02687	0.02437	4.70774	3.45409	2.23419	0.83556	0.055	0.015	0.36872	0.00062	0.00875	0.0	0.03625	0.00125	0.06437	0.11562	0.0	0.09499	0.06687	0.02687
HG02628	2		GWD	AFR	2.0	train	2,3/6	2,3/6	0.941, 0.992	True	1.0	0.02038	0.02484	6.49529	4.28773	2.06362	1.2853	0.08598	0.03312	0.1777	0.00191	0.01338	0.00191	0.01083	0.0	0.06688	0.01783	0.00127	0.12165	0.01656	0.02802
HG02629	1		GWD	AFR	2.0	test	1,3/6	1,3/6	0.981, 0.855	True	1.0	1.16513	1.02149	0.27725	0.03541	3.0117	0.66674	0.25253	0.02739	0.57388	0.002	0.01937	0.0	0.00935	0.0	0.1737	0.04075	0.002	0.09888	0.03541	0.0461
HG02630			GWD	AFR	2.0	train	3/6,3/6	3/6,3/6	0.997	True	1.0	0.03403	0.03865	0.15517	0.07903	3.42061	1.89028	0.05538	0.03865	0.35706	0.00173	0.01442	0.0	0.01154	0.00058	0.07499	0.01038	0.00058	0.07095	0.03576	0.00173
HG02634	1	1	GWD	AFR	2.0	train	1,1	1,1	0.998	True	1.0	3.06353	2.54627	0.34941	0.04553	1.95605	0.00329	0.2622	0.04827	0.24958	0.00219	0.01042	0.0	0.01316	0.0011	0.52384	0.07076	0.0011	0.11409	0.06966	0.08667
HG02635		1	GWD	AFR	2.0	train	1,3/6	1,3/6	0.958, 0.953	True	1.0	1.06026	0.92908	0.2713	0.10494	2.05781	1.28613	0.11006	0.11134	0.26746	0.00384	0.00576	0.00064	0.01344	0.0	0.11646	0.05247	0.00128	0.09854	0.03967	0.0192
HG02636	1	1	GWD	AFR	2.0	train	1,1	1,1	0.997	True	1.0	3.27406	2.81197	0.16572	0.00789	0.17273	0.00351	0.15257	0.12889	0.38317	0.00263	0.00351	0.0	0.00965	0.0	0.53662	0.14731	0.0	0.07102	0.06576	0.06839
HG02642	1	7	GWD	AFR	2.0	train	1,7	1,7	0.997, 0.922	True	1.0	0.49373	0.47741	0.28819	0.05329	0.16313	0.00109	0.1305	0.09353	0.33278	0.00326	9.14588	4.84808	0.01305	0.0	0.19249	0.04894	0.00109	0.0261	0.00979	0.04024
HG02643	1	1	GWD	AFR	2.0	test	1,1	1,1	0.99	True	1.0	6.44889	6.18496	0.18691	0.18879	0.11647	0.00564	0.12962	0.02912	0.64808	0.00376	0.0047	0.0	0.01597	0.0	0.13243	0.04133	0.00094	0.12304	0.03945	0.02442
HG02644	1	7	GWD	AFR	2.0	test	1,7	1,7	0.962, 0.91	True	1.0	3.38589	3.26766	0.1814	0.06884	0.06317	0.00081	0.08989	0.05426	0.37738	0.00486	7.59214	4.05886	0.00972	0.0	0.0656	0.03077	0.0	0.04778	0.02349	0.01377
HG02645	1		GWD	AFR	2.0	train	1,3/6	1,3/6	0.963, 0.98	True	1.0	1.40495	1.21417	0.2348	0.01545	2.17269	0.86892	0.12435	0.07183	0.45184	0.00386	0.01622	0.00077	0.03785	0.0	0.11045	0.15447	0.00386	0.11045	0.06642	0.00618
HG02646	1	1	GWD	AFR	2.0	train	1,1	1,1	0.997	True	1.0	3.74464	3.01106	0.18259	0.02828	0.42011	0.00162	0.17693	0.09776	0.31993	0.00323	0.02747	0.0	0.01373	0.0	0.22217	0.09533	0.0	0.08645	0.03878	0.01616
HG02647	1		GWD	AFR	2.0	train	1,3/6	1,3/6	0.976, 0.976	True	1.0	2.02791	1.53786	0.1677	0.02484	2.06332	0.80185	0.11428	0.01677	0.34782	0.00062	0.01615	0.0	0.03602	0.0	0.23105	0.15838	0.0	0.0913	0.09192	0.00248
HG02648	2	1	PJL	SAS	2.0	train	1,2	1,2	0.953, 0.96	True	1.0	2.93749	2.77239	3.34544	2.39746	0.09012	0.01582	0.10388	0.02545	0.25385	0.00069	0.00482	0.0	0.01651	0.00069	0.05572	0.02133	0.0	0.08255	0.02821	0.00482
HG02649	2	2	PJL	SAS	2.0	train	2,2	2,2	0.996	True	1.0	0.01355	0.0175	10.85519	7.91121	0.11178	0.0	0.24444	0.00565	0.1146	0.00056	0.00452	0.00056	0.01694	0.00056	0.02371	0.01976	0.00113	0.08242	0.02315	0.04121
HG02650	2	1	PJL	SAS	2.0	train	1,2	1,2	0.96, 0.981	True	1.0	2.62733	2.50929	6.3622	4.61691	0.04992	0.01351	0.13918	0.02466	0.18792	0.00352	0.00646	0.0	0.0094	0.00059	0.05814	0.037	0.00059	0.09102	0.037	0.01351
HG02651		1	PJL	SAS	2.0	train	1,3/6	1,3/6	0.979, 0.991	True	1.0	4.35534	4.24676	0.20488	0.03305	1.4587	0.71566	0.09725	0.00944	0.46641	0.00094	0.00378	0.00094	0.0085	0.0	0.11424	0.03588	0.00189	0.11519	0.01888	0.00378
HG02652	2	2	PJL	SAS	2.0	train	2,2	2,2	0.997	True	1.0	0.01543	0.02365	12.38476	8.45241	0.14191	0.00051	0.17739	0.01131	0.21801	0.00051	0.01183	0.0	0.01285	0.0	0.03085	0.04062	0.00154	0.11826	0.02879	0.02365
HG02653	2	1	PJL	SAS	2.0	train	1,2	1,2	0.963, 0.953	True	1.0	2.95073	2.85168	5.89414	4.13878	0.11481	0.0	0.12325	0.00957	0.36525	0.00056	0.00338	0.00056	0.01351	0.0	0.09399	0.04334	0.00056	0.13169	0.02533	0.01407
HG02654			PJL	SAS	2.0	test	3/6,3/6	3/6,3/6	0.997	True	1.0	0.03504	0.02433	0.22871	0.0146	2.14696	1.34599	0.10511	0.0146	0.30657	0.00389	0.02044	0.00195	0.01946	0.0	0.1236	0.00292	0.0	0.09538	0.06326	0.00292
HG02655		1	PJL	SAS	2.0	train	1,3/6	1,3/6	0.978, 0.972	True	1.0	3.72139	3.5912	0.28828	0.0727	0.78621	0.5402	0.11328	0.00761	0.39226	0.00592	0.00338	0.0	0.00761	0.0	0.12089	0.03551	0.00085	0.09299	0.20881	0.0186
HG02656	1		PJL	SAS	2.0	train	1,3/6	1,3/6	0.985, 0.987	True	1.0	3.80035	3.66699	0.19657	0.05781	1.07458	0.56658	0.05781	0.01619	0.42629	0.00308	0.01233	0.0	0.00848	0.0	0.14723	0.03777	0.0	0.08634	0.05936	0.01002
HG02657		2	PJL	SAS	2.0	train	2,3/6	2,3/6	0.979, 0.973	True	1.0	0.03421	0.01642	8.36247	6.03975	0.665	0.31677	0.17925	0.00821	0.19841	0.00205	0.04105	0.00068	0.02531	0.0	0.04379	0.04105	0.00068	0.12657	0.06089	0.02395
HG02658			PJL	SAS	2.0	test	3/6,3/6	3/6,3/6	0.993	True	1.0	0.03435	0.04264	0.27595	0.11133	2.07494	1.33119	0.17765	0.01184	0.42281	0.00355	0.00829	0.00118	0.01776	0.00118	0.09475	0.05448	0.00118	0.10659	0.09475	0.00237
HG02659		2	PJL	SAS	2.0	train	2,3/6	2,3/6	0.987, 0.983	True	1.0	0.02401	0.02461	8.13768	5.7226	0.57496	0.32409	0.13624	0.0114	0.24787	0.0	0.03121	0.0	0.0096	0.0	0.04021	0.03901	0.0	0.06902	0.04501	0.009
HG02660			PJL	SAS	2.0	train	3/6,3/6	3/6,3/6	0.993	True	1.0	0.0373	0.02652	0.34316	0.03233	2.83476	1.44142	0.09118	0.06217	0.29342	0.00829	0.03316	0.0116	0.01575	0.0	0.03896	0.04062	0.00249	0.15997	0.06382	0.00414
HG02661			PJL	SAS	2.0	train	3/6,3/6	3/6,3/6	0.986	True	1.0	0.03614	0.03804	0.31384	0.0485	2.53067	1.29624	0.06752	0.10842	0.42416	0.00285	0.02948	0.00095	0.01617	0.0	0.0466	0.07418	0.00095	0.10842	0.02378	0.01046
HG02662			PJL	SAS	2.0	train	3/6,3/6	3/6,3/6	0.992	True	1.0	0.02736	0.03933	0.24793	0.01197	2.87256	1.18236	0.04959	0.16073	0.39754	0.00256	0.02821	0.0	0.01026	0.0	0.0701	0.04702	0.00085	0.09233	0.04189	0.00256
HG02666	1	1	GWD	AFR	2.0	test	1,1	1,1	0.997	True	1.0	3.66895	3.07449	0.22748	0.05598	0.31811	0.01777	0.22659	0.02577	0.3581	0.00267	0.00977	0.00089	0.01333	0.0	0.50205	0.08175	0.00178	0.09863	0.04709	0.05331
HG02667		1	GWD	AFR	2.0	train	1,3/6	1,3/6	0.981, 0.937	True	1.0	0.88867	0.82153	0.30151	0.04883	9.14673	3.29224	0.14404	0.0415	0.55298	0.00732	0.02197	0.0	0.01587	0.0	0.16479	0.1001	0.02075	0.09766	0.01587	0.02197
HG02668	1	1	GWD	AFR	2.0	train	1,1	1,1	0.997	True	1.0	2.98949	2.72412	0.24399	0.09307	0.22261	0.00252	0.17607	0.07043	0.36724	0.00252	0.01006	0.00126	0.01258	0.0	0.4515	0.12199	0.00252	0.12828	0.03144	0.0742
HG02675		9	GWD	AFR	2.0	train	3/6,9	3/6,9	0.983, 0.941	True	1.0	0.05346	0.04869	0.28926	0.05728	1.79187	0.71885	0.12029	0.02482	0.42291	0.00382	0.01146	0.01623	12.82947	6.1355	0.06014	0.02578	0.00095	0.03819	0.06969	0.00764
HG02676	1	7	GWD	AFR	2.0	train	1,7	1,7	0.987, 0.993	True	1.0	2.12618	1.72422	0.25834	0.03467	0.25422	0.0033	0.10895	0.03632	0.18158	0.01238	7.73631	3.18763	0.00825	0.0	0.25174	0.04044	0.0	0.04952	0.01486	0.00495
HG02677	7	9	GWD	AFR	2.0	train	7,9	7,9	0.931, 0.959	True	1.0	0.01586	0.02934	0.21884	0.03013	0.08246	0.0	0.03727	0.02062	0.23946	0.00714	7.85461	3.17562	11.7391	5.42829	0.06423	0.02696	0.0	0.00238	0.02854	0.00317
HG02678	2	2	GWD	AFR	2.0	test	2,2	2,2	0.975	True	1.0	0.02894	0.02139	4.43737	3.47743	0.14028	0.00063	0.24156	0.01321	0.53218	0.00377	0.01573	0.00063	0.01761	0.00063	0.02831	0.00566	0.0	0.04592	0.00818	0.05347
HG02679		1	GWD	AFR	2.0	train	1,3/6	3/6,3/6	0.952	False	1.0	0.01845	0.03076	0.24165	0.07469	1.60195	1.22145	0.33392	0.67575	0.50616	0.00176	0.00439	0.0	0.04394	0.00088	0.08524	0.00791	0.00088	0.13972	0.11687	0.01845
HG02680	1	2	GWD	AFR	2.0	train	1,2	2,2	0.972	False	1.0	0.02092	0.01965	3.81278	2.85118	0.17051	0.0	0.19777	0.44181	0.4266	0.00444	0.00634	0.0	0.03676	0.0	0.08367	0.00824	0.00127	0.10776	0.06782	0.03486
HG02681	2		PJL	SAS	2.0	train	2,3/6	2,3/6	0.994, 0.987	True	1.0	0.02478	0.02407	9.21652	6.18187	0.81618	0.41198	0.17414	0.0184	0.25271	0.00212	0.01557	0.00071	0.02407	0.0	0.04389	0.02831	0.00212	0.13308	0.02831	0.01982
HG02682	2		PJL	SAS	2.0	train	2,3/6	2,3/6	0.948, 0.985	True	1.0	0.01751	0.03233	9.36589	6.34316	1.21435	0.44721	0.12191	0.05253	0.2822	0.00539	0.02492	0.0	0.00876	0.0	0.05321	0.04647	0.0	0.10978	0.01549	0.02223
HG02683			PJL	SAS	2.0	train	3/6,3/6	3/6,3/6	0.996	True	1.0	0.02861	0.0309	0.34562	0.03548	2.77301	1.46604	0.05036	0.09499	0.45893	0.00114	0.0206	0.0	0.00916	0.0	0.08355	0.03891	0.00114	0.14191	0.0103	0.00458
HG02684	1	1	PJL	SAS	2.0	train	1,1	1,1	0.975	True	1.0	6.14782	5.8343	0.20436	0.11582	0.10006	0.00182	0.07398	0.02183	0.41539	0.00303	0.00182	0.0	0.01031	0.0	0.07823	0.03275	0.00061	0.10976	0.08672	0.01031
HG02685		4	PJL	SAS	2.0	train	3/6,4	3/6,4	0.98, 0.988	True	1.0	0.03658	0.03002	0.29265	0.02345	1.37228	0.54779	1.21094	0.70537	0.54591	0.00375	0.00563	0.0	0.02064	0.0075	0.06847	0.0075	0.00094	0.17071	0.14539	0.0075
HG02686	4	1	PJL	SAS	2.0	test	1,4	1,4	0.974, 0.849	True	1.0	4.1544	3.91581	0.21102	0.10431	0.06894	0.003	0.89862	0.53773	0.53893	0.0	0.00659	0.0006	0.00659	0.0	0.07793	0.02518	0.0	0.1151	0.06055	0.0024
HG02687	1	4	PJL	SAS	2.0	train	1,4	1,4	0.964, 0.93	True	1.0	3.61106	3.45142	0.29205	0.09856	0.21284	0.00181	1.28612	0.53573	0.49401	0.00181	0.00665	0.0	0.01572	0.0	0.06651	0.01935	0.0	0.15903	0.07256	0.00847
HG02688	2		PJL	SAS	2.0	train	2,3/6	2,3/6	0.977, 0.983	True	1.0	0.02714	0.01888	9.25147	6.36979	0.98632	0.41352	0.12742	0.00944	0.27667	0.00118	0.03775	0.00059	0.0177	0.0	0.05899	0.11326	0.00059	0.09969	0.01652	0.00826
HG02689		4	PJL	SAS	2.0	train	3/6,4	3/6,4	0.969, 0.988	True	1.0	0.01634	0.03119	0.28365	0.03787	1.20885	0.50789	1.63803	0.70169	0.55245	0.00074	0.03564	0.00371	0.00594	0.00074	0.07128	0.00965	0.0	0.14331	0.02673	0.00297
HG02690	4		PJL	SAS	2.0	train	3/6,4	3/6,4	0.932, 0.929	True	1.0	0.02894	0.03216	0.35458	0.06111	2.07921	0.92302	1.70534	0.71237	0.50573	0.00563	0.00884	0.00241	0.01126	0.0	0.07236	0.00804	0.0	0.18975	0.01849	0.04342
HG02691		1	PJL	SAS	2.0	train	1,3/6	1,3/6	0.913, 0.969	True	1.0	3.89776	3.74731	0.33708	0.05591	1.09344	0.68484	0.1447	0.01151	0.2861	0.00411	0.00411	0.00164	0.01562	0.00164	0.10441	0.01069	0.00082	0.17512	0.04522	0.00329
HG02692	1		PJL	SAS	2.0	train	1,3/6	1,3/6	0.984, 0.931	True	1.0	4.07539	3.93925	0.31377	0.10411	2.25828	0.97626	0.11139	0.02475	0.35891	0.00291	0.00582	0.0	0.02912	0.00291	0.10192	0.0233	0.0	0.15871	0.0051	0.05242
HG02694								4,4	0.988		1.0	0.03138	0.01607	0.37355	0.01607	0.25643	0.00077	2.21452	1.14745	0.65984	0.00383	0.00383	0.0	0.01148	0.0	0.06353	0.00765	0.0	0.18524	0.03062	0.00689
HG02696	4	1	PJL	SAS	2.0	test	1,4	1,4	0.957, 0.927	True	1.0	3.62549	3.52898	0.36759	0.03477	0.1767	0.00142	1.71162	0.81252	0.58828	0.00355	0.01916	0.0	0.01135	0.0	0.13909	0.022	0.0	0.16392	0.07735	0.01064
HG02697		2	PJL	SAS	2.0	train	2,3/6	2,3/6	0.994, 0.955	True	1.0	0.0186	0.02273	5.52938	4.68819	0.83636	0.38994	0.20255	0.0124	0.1619	0.0062	0.01033	0.0	0.01791	0.0	0.06269	0.01309	0.00069	0.11023	0.07578	0.04409
HG02698	2	1	PJL	SAS	2.0	test	1,2	1,2	0.972, 0.961	True	1.0	3.11	2.97817	4.8951	4.02922	0.09168	0.0006	0.13183	0.02097	0.29722	0.0	0.01558	0.0006	0.01198	0.0	0.11625	0.02577	0.0	0.08869	0.03655	0.04854
HG02699	4	4	PJL	SAS	2.0	train	4,4	4,4	0.985	True	1.0	0.02191	0.02443	0.42549	0.03202	0.23086	0.0	2.18305	1.32449	0.68331	0.00337	0.00421	0.00084	0.01432	0.00084	0.05308	0.00843	0.00084	0.19631	0.03033	0.01011
HG02700	1		PJL	SAS	2.0	test	1,3/6	1,3/6	0.986, 0.975	True	1.0	1.85868	1.69352	0.17355	0.02333	1.64314	0.62329	0.10264	0.09891	0.39096	0.0056	0.00373	0.0	0.01493	0.0	0.23233	0.04292	0.0	0.11663	0.05692	0.00933
HG02701		4	PJL	SAS	2.0	test	3/6,4	3/6,4	0.986, 0.98	True	1.0	0.04742	0.04391	0.34862	0.02986	1.48052	0.62347	1.18196	0.67528	0.52424	0.0	0.00878	0.00263	0.02371	0.00088	0.07201	0.02108	0.00088	0.18265	0.05181	0.00176
HG02702			GWD	AFR	2.0	train	3/6,3/6	3/6,3/6	0.991	True	1.0	0.02104	0.02862	0.27018	0.01263	7.45482	3.47785	0.09932	0.01178	0.45367	0.00253	0.01936	0.00084	0.04545	0.0	0.08838	0.12204	0.00084	0.12709	0.08585	0.00505
HG02703	1	1	GWD	AFR	2.0	test	1,1	1,1	0.995	True	1.0	3.31317	2.87418	0.21684	0.0202	0.31038	0.0	0.22747	0.04677	0.32207	0.00213	0.00744	0.0	0.01701	0.00106	0.58993	0.06378	0.00106	0.15625	0.01594	0.04783
HG02704	1		GWD	AFR	2.0	train	1,3/6	1,3/6	0.994, 0.925	True	1.0	1.55993	1.49632	0.22995	0.02386	6.71288	3.15167	0.22067	0.04307	0.38899	0.00861	0.00596	0.0	0.01789	0.00066	0.37043	0.0835	0.0	0.11928	0.00663	0.0338
HG02715		9	GWD	AFR	2.0	train	3/6,9	3/6,9	0.98, 0.957	True	1.0	0.02394	0.02215	0.28731	0.03472	2.24937	1.31443	0.08739	0.0431	0.24002	0.0012	0.00419	0.02454	9.05315	4.21502	0.09038	0.01197	0.0	0.06764	0.04788	0.00239
HG02716		2	GWD	AFR	2.0	test	2,3/6	2,3/6	0.845, 0.984	True	1.0	0.03438	0.0466	4.47388	3.22172	1.88093	0.84267	0.08709	0.02521	0.28267	0.00076	0.0107	0.00076	0.01222	0.0	0.06112	0.00306	0.00076	0.05883	0.01986	0.02827
HG02717	2	9	GWD	AFR	2.0	train	2,9	2,9	0.952, 0.913	True	1.0	0.01789	0.02219	4.22923	3.02323	0.12096	0.0	0.06442	0.01789	0.31778	0.0	0.00859	0.0229	10.84255	4.92993	0.07086	0.0136	0.00072	0.02791	0.04795	0.02004
HG02721	1	1	GWD	AFR	2.0	train	1,1	1,1	0.997	True	1.0	3.56892	2.96595	0.22215	0.04117	0.3894	0.01544	0.17411	0.07977	0.30449	0.0	0.00772	0.0	0.01715	0.0	0.25817	0.09606	0.00086	0.09521	0.04031	0.0163
HG02722	7	2	GWD	AFR	2.0	train	2,7	2,7	0.939, 0.959	True	1.0	0.0199	0.02832	1.77652	1.36702	0.1638	0.0	0.1018	0.01837	0.2235	0.00918	6.11333	2.97362	0.01531	0.0	0.04822	0.00612	0.00077	0.01454	0.00459	0.02067
HG02723	2	1	GWD	AFR	2.0	train	1,2	1,2	0.997, 0.92	True	1.0	1.69167	1.32912	1.61337	1.21463	0.19739	0.01316	0.12173	0.01579	0.26977	0.00329	0.00461	0.0	0.01119	0.00132	0.1816	0.04869	0.0	0.05395	0.01842	0.01711
HG02724	2	5	PJL	SAS	2.0	train	2,5	2,5	0.942, 0.986	True	1.0	0.03177	0.03026	6.30924	4.42955	0.11573	0.0	0.12254	0.00605	5.14512	2.24049	0.43342	0.00529	0.20423	0.00454	0.08699	0.04236	0.00076	0.04765	0.08926	0.03631
HG02725	2	1	PJL	SAS	2.0	train	1,2	1,2	0.987, 0.947	True	1.0	2.85113	2.75004	4.56015	3.46652	0.09458	0.00177	0.15547	0.0065	0.40494	0.00177	0.01123	0.0	0.01182	0.00059	0.10168	0.01537	0.00059	0.07035	0.04788	0.01241
HG02726	1	5	PJL	SAS	2.0	train	1,5	1,5	0.985, 0.999	True	1.0	3.52857	3.37897	0.20108	0.08445	0.18902	0.0008	0.09571	0.00965	5.38415	2.21993	0.4657	0.00241	0.1673	0.0	0.1488	0.0193	0.0	0.13915	0.10134	0.00643
HG02727	4	2	PJL	SAS	2.0	train	2,4	2,4	0.983, 0.929	True	1.0	0.01437	0.01667	7.18691	4.5263	0.09081	0.00115	0.99665	0.49258	0.41556	0.0023	0.0069	0.00057	0.01092	0.00057	0.06265	0.00977	0.0023	0.08334	0.01839	0.05
HG02728	1		PJL	SAS	2.0	train	1,3/6	1,3/6	0.982, 0.993	True	1.0	3.39797	3.24004	0.37953	0.0433	1.57162	0.84886	0.08852	0.0433	0.42284	0.00191	0.01974	0.0	0.01274	0.0	0.13819	0.02165	0.00127	0.14264	0.05795	0.00637
HG02729		2	PJL	SAS	2.0	train	2,3/6	2,3/6	0.996, 0.992	True	1.0	0.01807	0.02098	7.19098	4.53152	1.22744	0.68483	0.12822	0.02273	0.2174	0.00291	0.01457	0.0	0.01807	0.00058	0.05187	0.01341	0.00058	0.09092	0.02798	0.03847
HG02731								3/6,4	0.893, 0.977		1.0	0.02573	0.02422	0.26414	0.01741	1.67793	0.79166	1.18371	0.50103	0.43821	0.0	0.0492	0.0	0.01514	0.0	0.04314	0.0106	0.00151	0.17786	0.0492	0.0053
HG02733	2	4	PJL	SAS	2.0	train	2,4	2,4	0.997, 0.938	True	1.0	0.02297	0.02489	8.36412	5.7958	0.13464	0.00128	0.84164	0.54174	0.26162	0.0	0.01085	0.00128	0.01149	0.0	0.02361	0.01914	0.0	0.10975	0.0083	0.02744
HG02734			PJL	SAS	2.0	train	3/6,3/6	3/6,3/6	0.991	True	1.0	0.04871	0.04428	0.27011	0.06347	1.96162	0.94613	0.06642	0.00738	0.38524	0.00148	0.0059	0.0	0.02066	0.0	0.17269	0.00443	0.0	0.07085	0.07085	0.00886
HG02735		4	PJL	SAS	2.0	test	3/6,4	3/6,4	0.953, 0.984	True	1.0	0.02876	0.03372	0.36698	0.04463	0.87876	0.35706	1.24474	0.95315	0.45426	0.00198	0.00694	0.0	0.02182	0.0	0.07935	0.00397	0.00099	0.17555	0.02876	0.00694
HG02736	1	2	PJL	SAS	2.0	train	1,2	1,2	0.962, 0.991	True	1.0	2.50402	2.41603	8.46756	5.72012	0.13374	0.0	0.14781	0.01584	0.26161	0.0	0.01408	0.0	0.01114	0.00059	0.04868	0.06511	0.00059	0.10675	0.03754	0.02522
HG02737			PJL	SAS	2.0	test	3/6,3/6	3/6,3/6	0.997	True	1.0	0.02586	0.02388	0.31038	0.04974	2.70289	1.50713	0.08555	0.04079	0.39892	0.00497	0.02785	0.00099	0.01492	0.0	0.06466	0.02388	0.00099	0.13231	0.04377	0.00497
HG02738		2	PJL	SAS	2.0	test	2,3/6	2,3/6	0.995, 0.954	True	1.0	0.02054	0.02165	10.0711	6.95031	0.80753	0.48896	0.15762	0.01499	0.24698	0.00278	0.02054	0.0	0.00888	0.0	0.03275	0.03996	0.00056	0.13154	0.05051	0.01776
HG02756								1,7	0.988, 0.923		1.0	3.31172	3.04881	0.30146	0.11568	0.07975	0.00263	0.10253	0.04382	0.44343	0.00789	7.12208	3.39672	0.03067	0.00175	0.10078	0.01402	0.0	0.07011	0.01315	0.01402
HG02757								2,3/6	0.903, 0.986		1.0	0.03054	0.02368	7.49282	5.4691	0.83205	0.57714	0.09474	0.00686	0.39016	0.00187	0.00935	0.0	0.01683	0.0	0.07479	0.00873	0.00187	0.12901	0.05298	0.03116
HG02759	1	1	GWD	AFR	2.0	train	1,1	1,1	0.997	True	1.0	5.53707	5.17968	0.20774	0.11716	0.12996	0.00197	0.14473	0.02954	0.43123	0.00295	0.01181	0.00098	0.01575	0.0	0.25401	0.05317	0.00098	0.09058	0.04332	0.02855
HG02760		1	GWD	AFR	2.0	train	1,3/6	1,3/6	0.943, 0.985	True	1.0	1.85197	1.81195	0.2305	0.03682	2.58347	1.41659	0.12645	0.0064	0.74591	0.0016	0.0048	0.0	0.01921	0.0016	0.08323	0.02081	0.0	0.08323	0.16807	0.008
HG02761	1	1	GWD	AFR	2.0	train	1,1	1,1	0.997	True	1.0	3.0891	2.84576	0.18304	0.02584	0.33378	0.00215	0.10444	0.02261	0.5782	0.00215	0.00861	0.00108	0.01938	0.00108	0.28856	0.06137	0.00108	0.10767	0.14643	0.02153
HG02762	4	1	GWD	AFR	2.0	train	1,4	1,4	0.975, 0.751	True	1.0	1.53146	1.35955	0.22796	0.04036	0.3468	0.00374	0.17041	0.67193	0.48059	0.00448	0.01794	0.0	0.01495	0.00149	0.11435	0.06278	0.00149	0.19433	0.03363	0.00747
HG02763	11	1	GWD	AFR	2.0	train	1,11	1,11	0.997, 0.924	True	1.0	2.05794	1.8063	0.27995	0.02045	0.17772	0.00236	0.12189	0.06684	0.29882	0.00472	0.0519	0.0	0.01651	0.0	0.3751	0.05976	1.25348	1.14181	0.06448	0.05819
HG02764	1	1	GWD	AFR	2.0	train	1,1	1,1	0.997	True	1.0	3.60995	3.15052	0.20695	0.04554	0.27646	0.004	0.11506	0.19816	0.27806	0.004	0.03356	0.0	0.02317	0.0008	0.2397	0.11586	0.0016	0.11666	0.03196	0.02637
HG02768	4		GWD	AFR	2.0	train	3/6,4	3/6,4	0.952, 0.991	True	1.0	0.04487	0.04574	0.55422	0.06422	1.88961	0.5419	1.48935	0.74071	0.50143	0.00616	0.03431	0.00352	0.03255	0.0	0.08093	0.00704	0.0	0.19881	0.03343	0.00616
HG02769		9	GWD	AFR	2.0	train	3/6,9	3/6,9	0.972, 0.978	True	1.0	0.0582	0.05906	0.36889	0.0368	1.70408	0.96716	0.12239	0.00856	0.44849	0.00342	0.07104	0.0214	7.39577	3.18307	0.06847	0.0077	0.0	0.05734	0.07361	0.01797
HG02770	9		GWD	AFR	2.0	train	3/6,9	3/6,9	0.98, 0.973	True	1.0	0.04976	0.05078	0.21733	0.02742	1.98647	0.6063	0.04875	0.0132	0.28132	0.0	0.06703	0.01117	8.46891	3.59007	0.10257	0.01523	0.0	0.05687	0.07922	0.00305
HG02771	1	1	GWD	AFR	2.0	train	1,1	1,1	0.99	True	1.0	5.14602	5.00192	0.26045	0.08966	0.17292	0.0064	0.16011	0.05657	0.50062	0.00534	0.00854	0.0	0.01281	0.00107	0.12062	0.09393	0.00107	0.12489	0.03736	0.03522
HG02772	1	1	GWD	AFR	2.0	train	1,1	1,1	0.997	True	1.0	4.92441	4.47408	0.34892	0.12719	0.19938	0.00172	0.1736	0.07821	0.38845	0.00945	0.00859	0.00086	0.01633	0.0	0.18048	0.09196	0.00086	0.12204	0.03695	0.02664
HG02773	1	1	GWD	AFR	2.0	train	1,1	1,1	0.997	True	1.0	4.79814	4.51668	0.17132	0.14017	0.20247	0.00334	0.15686	0.06007	0.46057	0.00445	0.00667	0.0	0.01335	0.0	0.1869	0.11347	0.0	0.11792	0.05562	0.04227
HG02774		4	PJL	SAS	2.0	train	3/6,4	3/6,4	0.924, 0.991	True	1.0	0.02168	0.03072	0.51945	0.02981	1.73814	0.90611	0.67123	0.37762	0.46344	0.00361	0.01445	0.00361	0.02258	0.0	0.06143	0.00994	0.0009	0.16803	0.02168	0.00723
HG02775	4	2	PJL	SAS	2.0	train	2,4	2,4	0.989, 0.92	True	1.0	0.02045	0.01841	4.11775	3.12854	0.20248	0.00068	1.40372	0.5304	0.39746	0.00068	0.00886	0.0	0.01227	0.00068	0.05249	0.00409	0.00205	0.14998	0.02318	0.01023
HG02776	2	4	PJL	SAS	2.0	train	2,4	2,4	0.987, 0.904	True	1.0	0.01986	0.01828	4.49966	3.46195	0.13428	0.0	0.66029	0.30035	0.41238	0.00318	0.00318	0.0	0.02463	0.0	0.06039	0.00318	0.0	0.08661	0.00556	0.00874
HG02778								3/6,4	0.976, 0.991		1.0	0.03145	0.03238	0.41075	0.02683	1.09717	0.72066	1.27664	0.71048	0.50511	0.0074	0.0074	0.0	0.01203	0.0	0.07771	0.00555	0.0	0.15634	0.03515	0.0037
HG02780								2,4	0.946, 0.927		1.0	0.01814	0.02364	4.48723	3.28818	0.17263	0.00055	1.39642	0.56077	0.39583	0.0022	0.01045	0.00055	0.01869	0.0	0.06927	0.00385	0.0	0.13524	0.01429	0.00715
HG02783			PJL	SAS	2.0	test	3/6,3/6	3/6,3/6	0.98	True	1.0	0.0228	0.0156	0.39062	0.0192	3.07272	1.93508	0.0672	0.045	0.25261	0.0012	0.0306	0.0006	0.0186	0.0	0.0432	0.006	0.0	0.1212	0.042	0.0006
HG02784	2	5	PJL	SAS	2.0	train	2,5	2,5	0.952, 1.0	True	1.0	0.01413	0.01281	6.06082	4.25256	0.13295	0.0	0.16033	0.00795	8.92913	4.55246	0.30167	0.00398	0.09187	0.0	0.04152	0.01016	0.0	0.03887	0.15238	0.00928
HG02785	5		PJL	SAS	2.0	train	3/6,5	3/6,5	0.98, 0.948	True	1.0	0.01553	0.01515	0.15794	0.03333	1.34306	0.82379	0.07083	0.04507	9.88096	5.15826	0.25869	0.00417	0.10113	0.0	0.04469	0.02841	0.0	0.05	0.18029	0.00114
HG02786	1		PJL	SAS	2.0	train	1,3/6	1,3/6	0.976, 0.993	True	1.0	2.57316	2.38282	0.30525	0.10011	1.80051	0.73317	0.09799	0.03172	0.25661	0.00141	0.01974	0.00141	0.01339	0.00141	0.12126	0.02397	0.0	0.13536	0.03595	0.00352
HG02787			PJL	SAS	2.0	train	3/6,3/6	3/6,3/6	0.997	True	1.0	0.03721	0.03792	0.28336	0.02934	2.48937	1.76524	0.08229	0.0186	0.22683	0.00072	0.03077	0.0	0.01145	0.0	0.06297	0.00644	0.0	0.13309	0.07871	0.00501
HG02788			PJL	SAS	2.0	test	3/6,3/6	3/6,3/6	0.997	True	1.0	0.02313	0.02236	0.27213	0.00925	3.48682	1.56803	0.05396	0.05628	0.17423	0.00077	0.03855	0.0	0.01233	0.0	0.07401	0.0239	0.00077	0.13337	0.03546	0.00463
HG02789	2	5	PJL	SAS	2.0	test	2,5	2,5	0.968, 0.946	True	1.0	0.02074	0.02852	6.00744	4.42343	0.09916	0.00065	0.16722	0.00454	5.61209	2.17963	0.6196	0.00648	0.06546	0.0	0.09527	0.02333	0.0	0.04796	0.09398	0.0162
HG02790		2	PJL	SAS	2.0	train	2,3/6	2,3/6	0.995, 0.987	True	1.0	0.02748	0.01985	6.82361	4.87325	0.73206	0.41068	0.16412	0.00916	0.20153	0.00153	0.00534	0.00153	0.01679	0.0	0.05801	0.02595	0.00153	0.10229	0.04885	0.03511
HG02791	2	5	PJL	SAS	2.0	train	2,5	2,5	0.962, 0.999	True	1.0	0.01865	0.02435	5.1654	3.62718	0.10725	0.0	0.10466	0.01502	5.45657	2.14336	0.63052	0.0057	0.06683	0.0	0.09481	0.01969	0.00104	0.04507	0.10414	0.01865
HG02792	2		PJL	SAS	2.0	train	2,3/6	2,3/6	0.969, 0.992	True	1.0	0.01913	0.02219	8.25753	5.87812	1.60897	0.596	0.16067	0.02678	0.24712	0.00306	0.00536	0.0	0.01377	0.0	0.04361	0.01683	0.0	0.12547	0.02831	0.02678
HG02793	1	5	PJL	SAS	2.0	train	1,5	1,5	0.963, 0.999	True	1.0	2.9392	2.80337	0.20129	0.04222	0.11441	0.00061	0.06241	0.0153	6.73923	2.61004	0.69197	0.00122	0.08015	0.00061	0.15051	0.02631	0.00122	0.0416	0.14317	0.00551
HG02794	5		PJL	SAS	2.0	train	3/6,5	3/6,5	1.0, 0.982	True	1.0	0.02668	0.02799	0.14578	0.01692	1.52619	0.63065	0.04621	0.02668	6.79787	2.74779	0.76342	0.0013	0.09762	0.0	0.12431	0.01822	0.0	0.05076	0.10999	0.00325
HG02798	7	2	GWD	AFR	2.0	test	2,7	2,7	0.893, 0.83	True	1.0	0.04271	0.0325	5.67373	3.92825	0.07799	0.00186	0.06221	0.00928	0.26554	0.00557	6.12681	1.43166	0.01486	0.0	0.09934	0.00557	0.00093	0.05106	0.00464	0.04271
HG02799	4	2	GWD	AFR	2.0	train	2,4	2,4	0.985, 0.631	True	1.0	0.02071	0.01506	5.47021	3.21297	0.27988	0.00063	0.25227	0.42547	0.2918	0.00251	0.01004	0.00063	0.03451	0.0	0.04644	0.0069	0.00063	0.15061	0.09162	0.04016
HG02800	2	2	GWD	AFR	2.0	train	2,2	2,2	0.989	True	1.0	0.02353	0.02697	8.99189	5.74841	0.08091	0.0	0.0901	0.02812	0.22438	0.00459	0.01148	0.0	0.02582	0.0	0.07116	0.01549	0.00115	0.06427	0.08378	0.05452
HG02804	9	7	GWD	AFR	2.0	train	7,9	7,9	0.952, 0.958	True	1.0	0.02186	0.02591	0.33112	0.06962	0.09472	0.0	0.06881	0.02024	0.20239	0.00729	5.01453	1.46777	19.88731	11.09447	0.03805	0.03481	0.0	0.01295	0.1271	0.00162
HG02805	7	1	GWD	AFR	2.0	train	1,7	1,7	0.991, 0.984	True	1.0	2.25775	2.01842	0.55534	0.04182	0.23623	0.00077	0.18976	0.0883	0.28038	0.01317	6.434	2.96334	0.01704	0.00077	0.09062	0.08133	0.0	0.14329	0.01859	0.01317
HG02806	1	7	GWD	AFR	2.0	train	1,7	1,7	0.984, 0.948	True	1.0	2.67837	2.41516	0.22463	0.04287	0.23149	0.00857	0.12689	0.09174	0.23406	0.006	4.97779	1.26202	0.018	0.00086	0.09602	0.09945	0.0	0.10545	0.01715	0.018
HG02807		11	GWD	AFR	2.0	train	11,3/6	11,3/6	0.903, 0.976	True	1.0	0.01878	0.01977	0.41763	0.02224	2.06444	0.82933	0.1112	0.00593	0.36079	0.00148	0.09045	0.00049	0.03213	0.0	0.10478	0.12999	2.24434	0.66228	0.0944	0.01928
HG02808	1		GWD	AFR	2.0	train	1,3/6	1,3/6	0.98, 0.947	True	1.0	4.76699	4.65762	0.23257	0.10308	2.02522	1.48214	0.13577	0.04023	0.61473	0.00251	0.00503	0.0	0.02011	0.0	0.12823	0.03017	0.0	0.1408	0.02137	0.02766
HG02809		11	GWD	AFR	2.0	train	11,3/6	11,3/6	0.952, 0.98	True	1.0	0.0339	0.03718	0.30183	0.04921	1.8416	1.45338	0.05905	0.02187	0.41119	0.00219	0.12029	0.0	0.01312	0.00109	0.09842	0.01531	4.10533	1.11437	0.04593	0.02078
HG02810	1	1	GWD	AFR	2.0	train	1,1	1,1	0.996	True	1.0	1.25722	1.16597	0.28769	0.03422	0.16602	0.00127	0.32444	0.07984	0.40049	0.00127	0.0076	0.0	0.01774	0.0	0.55257	0.09252	0.00253	0.09125	0.07858	0.04943
HG02811	9	2	GWD	AFR	2.0	train	2,9	2,9	0.954, 0.931	True	1.0	0.02067	0.02261	3.9371	2.77419	0.13309	0.00065	0.0982	0.01551	0.20286	0.00194	0.09239	0.03036	15.53843	8.45049	0.03747	0.02584	0.0	0.04716	0.06848	0.02649
HG02812	2	1	GWD	AFR	2.0	train	1,2	1,2	0.987, 0.97	True	1.0	0.43223	0.39951	4.85871	3.70495	0.09902	0.0	0.16618	0.03358	0.34957	0.00258	0.00947	0.0	0.01636	0.0	0.22645	0.05683	0.00086	0.08266	0.03702	0.04649
HG02813	1		GWD	AFR	2.0	train	1,3/6	1,3/6	0.967, 0.971	True	1.0	1.91225	1.81283	0.30986	0.13611	1.66514	0.89483	0.09267	0.01158	0.47396	0.00483	0.02799	0.0	0.02027	0.0	0.139	0.01834	0.0	0.10136	0.05406	0.0029
HG02814	11	1	GWD	AFR	2.0	train	1,11	1,11	0.997, 0.921	True	1.0	1.66366	1.34964	0.32541	0.01952	0.14643	0.00407	0.12528	0.03173	0.35226	0.00407	0.13179	0.00244	0.02359	0.0	0.17491	0.08298	3.66004	0.68417	0.05695	0.06345
HG02815	1		GWD	AFR	2.0	train	1,3/6	1,3/6	0.997, 0.951	True	1.0	1.73135	1.41016	0.16344	0.02281	1.79311	0.98255	0.14444	0.04086	0.55209	0.00665	0.03801	0.0	0.0171	0.0	0.2081	0.09027	0.0	0.10358	0.06462	0.02471
HG02816		1	GWD	AFR	2.0	train	1,3/6	1,3/6	0.997, 0.927	True	1.0	1.63355	1.36858	0.40576	0.04023	2.89282	1.02665	0.18539	0.0376	0.70921	0.0035	0.02623	0.00175	0.01049	0.0	0.21425	0.04285	0.00087	0.10669	0.04985	0.04547
HG02817	12	1	GWD	AFR	2.0	train	1,12	1,12	0.974, 0.923	True	1.0	4.06748	3.78566	0.26977	0.0835	0.14452	0.0008	0.08992	0.02248	0.34203	0.00161	0.03934	0.0	0.01204	0.0	0.06102	0.01847	0.0008	0.16058	1.47974	0.7218
HG02818	1	1	GWD	AFR	2.0	train	1,1	1,1	0.997	True	1.0	4.48692	4.11558	0.20169	0.08483	1.09682	0.00178	0.13643	0.04686	0.53032	0.00119	0.02373	0.00059	0.01661	0.0	0.21177	0.04212	0.0	0.10737	0.05991	0.04152
HG02819	7		GWD	AFR	2.0	train	3/6,7	3/6,7	0.971, 0.933	True	1.0	0.01928	0.02892	0.37917	0.04756	2.2435	1.4826	0.07519	0.07069	0.26606	0.00643	5.34623	2.90222	0.02571	0.00578	0.08033	0.00771	0.0	0.0874	0.03213	0.00321
HG02820	1	2	GWD	AFR	2.0	train	1,2	1,2	0.986, 0.979	True	1.0	0.46104	0.43031	4.94671	3.6585	0.11571	0.0009	0.15187	0.15549	0.28115	0.00271	0.00723	0.0	0.01718	0.0009	0.23414	0.0461	0.0009	0.0913	0.03164	0.03526
HG02821	2		GWD	AFR	2.0	train	2,3/6	2,3/6	0.918, 0.988	True	1.0	0.01962	0.02022	3.25191	2.50389	2.03594	1.29981	0.05173	0.05946	0.32703	0.00119	0.01427	0.0	0.01903	0.0	0.07849	0.01546	0.00059	0.10406	0.02378	0.01665
HG02836	1		GWD	AFR	2.0	test	1,3/6	1,3/6	0.998, 0.899	True	1.0	0.64329	0.61314	0.31562	0.02513	1.87962	0.82824	0.20606	0.09549	0.39703	0.00704	0.00704	0.0	0.01809	0.00201	0.24526	0.04925	0.00402	0.11157	0.0382	0.03417
HG02837		1	GWD	AFR	2.0	train	1,3/6	1,3/6	0.943, 0.988	True	1.0	0.5614	0.53606	0.22807	0.02047	2.63938	1.24659	0.11891	0.19201	0.25926	0.0	0.01754	0.00097	0.01754	0.00097	0.26121	0.03411	0.00195	0.12865	0.05653	0.00097
HG02838	1		GWD	AFR	2.0	train	1,3/6	1,3/6	0.989, 0.957	True	1.0	0.60421	0.56487	0.20275	0.0353	1.99623	0.77469	0.13819	0.18762	0.35002	0.00504	0.0121	0.00202	0.02219	0.0	0.25621	0.05144	0.00101	0.11802	0.06557	0.00403
HG02839	1		GWD	AFR	2.0	train	1,3/6	1,3/6	0.967, 0.947	True	1.0	1.76781	1.7085	0.27631	0.06655	2.52007	1.89078	0.14756	0.00868	0.70886	0.00145	0.00723	0.00289	0.02893	0.00145	0.14033	0.02893	0.0	0.10705	0.14756	0.01736
HG02840	2		GWD	AFR	2.0	train	2,3/6	2,3/6	0.8, 0.969	True	1.0	0.03435	0.04171	1.32128	0.73118	0.76308	0.91152	0.19506	0.01472	0.42816	0.00368	0.00981	0.00245	0.01963	0.00123	0.09692	0.00736	0.00245	0.09078	0.04048	0.05398
HG02841			GWD	AFR	2.0	train	3/6,3/6	3/6,3/6	0.989	True	1.0	0.05503	0.07101	0.18641	0.06924	3.74237	3.89682	0.09942	0.02308	0.80777	0.00533	0.02485	0.00178	0.02308	0.0	0.13315	0.0142	0.00355	0.07456	0.05681	0.03373
HG02851		1	GWD	AFR	2.0	train	1,3/6	1,3/6	0.997, 0.926	True	1.0	1.84029	1.57434	0.22414	0.02224	1.26214	0.65286	0.18679	0.02579	0.35489	0.00089	0.00712	0.0	0.02135	0.0	0.44473	0.04536	0.0	0.06849	0.06938	0.02757
HG02852	1		GWD	AFR	2.0	train	1,3/6	1,3/6	0.998, 0.913	True	1.0	1.84362	1.62634	0.32922	0.02414	1.93141	0.74403	0.21948	0.05487	0.33471	0.0011	0.00878	0.00219	0.01317	0.0	0.46749	0.0834	0.0	0.12949	0.0406	0.03182
HG02853		1	GWD	AFR	2.0	train	1,3/6	1,3/6	0.997, 0.922	True	1.0	2.06487	1.8014	0.22255	0.01098	1.75649	0.66467	0.13174	0.06088	0.33333	0.002	0.00798	0.0	0.01098	0.0	0.41916	0.06088	0.002	0.13174	0.04491	0.03194
HG02854		1	GWD	AFR	2.0	test	1,3/6	1,3/6	0.964, 0.933	True	1.0	2.11355	1.95392	0.39287	0.01824	1.79169	0.62937	0.17135	0.12184	0.31729	0.00391	0.00847	0.00065	0.01368	0.0	0.08665	0.09577	0.0	0.12705	0.02736	0.01564
HG02855	1	1	GWD	AFR	2.0	train	1,1	1,1	0.997	True	1.0	3.46146	3.02496	0.27849	0.01746	0.24619	0.00175	0.17285	0.08817	0.42079	0.00611	0.00873	0.0	0.01222	0.00087	0.32039	0.12222	0.00087	0.12746	0.03841	0.06373
HG02856	1	1	GWD	AFR	2.0	train	1,1	1,1	0.997	True	1.0	3.81617	3.33924	0.33247	0.01223	0.19108	0.00153	0.15363	0.16585	0.30496	0.00153	0.00535	0.00229	0.0214	0.0	0.29044	0.15974	0.00153	0.15057	0.05044	0.05121
HG02860	1	7	GWD	AFR	2.0	train	1,7	1,7	0.98, 0.969	True	1.0	1.67136	1.47087	0.3206	0.03973	0.19679	0.00277	0.14967	0.14136	0.30489	0.01201	7.61122	3.57648	0.02125	0.00092	0.08038	0.07853	0.0	0.05728	0.0231	0.0231
HG02861	1	1	GWD	AFR	2.0	train	1,1	1,1	0.976	True	1.0	3.85052	3.46306	0.33767	0.02179	0.2762	0.00467	0.14705	0.12526	0.3081	0.00467	0.007	0.00078	0.01245	0.00156	0.13227	0.11204	0.0	0.1206	0.03112	0.01011
HG02862	1	7	GWD	AFR	2.0	train	1,7	1,7	0.982, 0.987	True	1.0	2.58795	2.35681	0.31062	0.03082	0.15977	0.0073	0.0957	0.09408	0.17112	0.00892	6.20833	3.13701	0.03731	0.0	0.09976	0.09246	0.0	0.09327	0.01784	0.01217
HG02869	2	11	GWD	AFR	2.0	train	11,2	11,2	0.946, 0.891	True	1.0	0.02659	0.02854	6.5434	5.06466	0.08302	0.00065	0.06551	0.01816	0.35087	0.00259	0.05189	0.0	0.01492	0.0	0.12906	0.02983	1.39183	0.94237	0.05707	0.04799
HG02870	1	1	GWD	AFR	2.0	test	1,1	1,1	0.991	True	1.0	2.86683	2.5475	0.3887	0.06458	1.69056	0.00179	0.25116	0.12678	0.20811	0.00658	0.00538	0.0	0.01316	0.0	0.22306	0.09747	0.0	0.09508	0.05083	0.05322
HG02871	1	11	GWD	AFR	2.0	train	1,11	1,11	0.997, 0.873	True	1.0	2.20302	1.95274	0.40622	0.03651	0.20539	0.00228	0.08824	0.16279	0.29592	0.0038	0.0464	0.00076	0.01293	0.0	0.18105	0.09661	1.53131	1.12053	0.10498	0.04869
HG02878	1	7	GWD	AFR	2.0	test	1,7	1,7	0.997, 0.856	True	1.0	2.11511	1.7563	0.30506	0.03196	0.16996	0.00291	0.15834	0.03486	0.48665	0.00581	6.91188	2.74122	0.01307	0.0	0.32395	0.05084	0.00145	0.0523	0.03051	0.06392
HG02879	1		GWD	AFR	2.0	train	1,3/6	3/6,3/6	0.977	False	1.0	0.03146	0.04275	0.27343	0.07017	1.7414	0.6622	0.21374	0.1839	0.40974	0.00403	0.00484	0.0	0.02339	0.0	0.08711	0.00484	0.0	0.07743	0.07098	0.0121
HG02880		7	GWD	AFR	2.0	train	3/6,7	3/6,7	0.981, 0.92	True	1.0	0.04876	0.05752	0.28509	0.11879	2.29944	1.04781	0.07877	0.04001	0.32635	0.00625	5.93053	2.55327	0.01125	0.0	0.06502	0.01751	0.00125	0.07627	0.03876	0.00625
HG02881	1	2	GWD	AFR	2.0	train	1,2	1,2	0.975, 0.951	True	1.0	3.84345	3.73614	3.84874	2.43106	0.0801	0.00151	0.18514	0.03703	0.31135	0.00151	0.01134	0.0	0.01738	0.00076	0.06046	0.0136	0.0	0.1587	0.03401	0.02947
HG02882	1	7	GWD	AFR	2.0	test	1,7	1,7	0.969, 0.974	True	1.0	0.7319	0.68573	0.25335	0.02815	0.20493	0.00113	0.13962	0.08332	0.27587	0.02139	9.67571	4.97129	0.01576	0.00113	0.08783	0.07432	0.00113	0.03265	0.01914	0.01576
HG02883	7	2	GWD	AFR	2.0	test	2,7	2,7	0.823, 0.86	True	1.0	0.04281	0.03787	4.27492	2.8944	0.07409	0.0	0.11772	0.05762	0.17452	0.00576	7.23353	3.74889	0.0247	0.00082	0.04775	0.01893	0.00165	0.04034	0.03046	0.01646
HG02884	1	1	GWD	AFR	2.0	train	1,1	1,1	0.997	True	1.0	5.5856	5.19047	0.30706	0.04131	0.21198	0.00156	0.13483	0.01559	0.45592	0.00234	0.02572	0.0	0.01325	0.0	0.30005	0.07482	0.0	0.13327	0.05767	0.0452
HG02885	1	1	GWD	AFR	2.0	test	1,1	1,1	0.982	True	1.0	4.92345	4.58938	0.27297	0.05114	0.17135	0.00266	0.11424	0.12154	0.42174	0.00199	0.00465	0.00066	0.00731	0.0	0.10693	0.09498	0.00133	0.13416	0.03254	0.02789
HG02886	1	1	GWD	AFR	2.0	train	1,1	1,1	0.997	True	1.0	5.30455	4.91283	0.15821	0.04944	0.15669	0.00152	0.09127	0.04107	0.49136	0.0038	0.00304	0.00076	0.00913	0.0	0.42214	0.07682	0.0	0.10573	0.03803	0.03727
HG02887	2		GWD	AFR	2.0	train	2,3/6	2,3/6	0.898, 0.976	True	1.0	0.04644	0.05451	4.77589	3.15667	2.41571	1.46477	0.09388	0.02524	0.33313	0.00404	0.02019	0.0	0.03533	0.00101	0.03331	0.00909	0.0	0.09691	0.03432	0.03937
HG02888	1	1	GWD	AFR	2.0	train	1,1	1,1	0.997	True	1.0	3.53609	2.92842	0.22588	0.02099	0.30284	0.001	0.21788	0.09695	0.42677	0.006	0.003	0.0	0.01799	0.0	0.39379	0.10494	0.0	0.12593	0.02998	0.03098
HG02889	1		GWD	AFR	2.0	test	1,3/6	1,3/6	0.981, 0.952	True	1.0	1.73603	1.37156	0.20507	0.03321	2.24082	1.33005	0.1071	0.04151	0.30802	0.00415	0.02159	0.0	0.02906	0.00083	0.39852	0.06559	0.0	0.09548	0.05397	0.02408
HG02890		1	GWD	AFR	2.0	train	1,3/6	1,3/6	0.999, 0.963	True	1.0	1.56266	1.25271	0.3003	0.02979	2.32105	1.03775	0.10627	0.02335	0.38966	0.00966	0.02254	0.00322	0.04347	0.0	0.37839	0.19644	0.0	0.10386	0.07407	0.02174
HG02891	1	1	GWD	AFR	2.0	train	1,1	1,1	0.997	True	1.0	2.59354	2.35731	0.18396	0.07037	0.33877	0.00101	0.10354	0.08645	0.51067	0.00603	0.01407	0.00101	0.01005	0.0	0.2865	0.05629	0.00302	0.10756	0.15481	0.00503
HG02892	1	1	GWD	AFR	2.0	test	1,1	1,1	0.997	True	1.0	3.7038	3.18454	0.16411	0.01936	0.21124	0.00168	0.1254	0.10267	0.4452	0.00337	0.02272	0.0	0.00589	0.0	0.57312	0.15064	0.00084	0.09089	0.04545	0.02609
HG02895	1		GWD	AFR	2.0	train	1,3/6	1,3/6	0.97, 0.906	True	1.0	2.55741	2.31757	0.355	0.04868	2.25702	1.52091	0.22083	0.12585	0.74561	0.00237	0.00712	0.0	0.01306	0.0	0.10448	0.1116	0.0	0.1591	0.01662	0.02256
HG02896	7	1	GWD	AFR	2.0	train	1,7	1,7	0.997, 0.921	True	1.0	1.34061	1.21357	0.31334	0.04827	0.24559	0.00085	0.09316	0.08469	0.29302	0.00508	8.15118	2.96745	0.01524	0.0	0.26338	0.05251	0.0	0.05505	0.02456	0.02456
HG02897	1		GWD	AFR	2.0	train	1,3/6	1,3/6	0.975, 0.928	True	1.0	2.08659	1.8878	0.22895	0.0521	2.25385	1.58345	0.09185	0.12064	0.70056	0.00411	0.03016	0.0	0.01508	0.0	0.35508	0.07677	0.0	0.11516	0.03702	0.03153
HG02922	2		ESN	AFR	2.0	train	2,3/6	2,3/6	0.92, 0.982	True	1.0	0.02517	0.02876	7.87462	5.17377	2.12128	0.85858	0.13303	0.02013	0.40844	0.00503	0.0151	0.00216	0.02804	0.0	0.05393	0.12152	0.00072	0.11721	0.06616	0.01079
HG02923	4	2	ESN	AFR	2.0	train	2,4	2,4	0.965, 0.966	True	1.0	0.03393	0.0349	10.75095	7.06455	0.13474	0.0	0.90149	0.70762	0.61553	0.00388	0.00775	0.0	0.01939	0.0	0.05913	0.02617	0.00194	0.17351	0.02133	0.00485
HG02924		2	ESN	AFR	2.0	train	2,3/6	2,3/6	0.888, 0.99	True	1.0	0.02521	0.02031	7.74963	5.13444	2.08991	0.82504	0.09455	0.03292	0.36279	0.0021	0.02381	0.0	0.03432	0.0007	0.06794	0.13937	0.0007	0.14078	0.09665	0.0035
HG02938								11,2	0.934, 0.888		1.0	0.01895	0.02254	1.24625	0.89691	0.11576	0.00154	0.06454	0.01178	0.21872	0.00154	0.08605	0.0	0.01127	0.00051	0.06352	0.0041	2.86847	1.76821	0.04149	0.05942
HG02941								2,4	0.947, 0.951		1.0	0.02138	0.02714	4.82609	3.59243	0.17929	0.0	0.72951	0.54281	0.61436	0.00082	0.00576	0.00082	0.01069	0.0	0.0954	0.0074	0.0	0.11843	0.04441	0.02714
HG02943		1	ESN	AFR	2.0	train	1,3/6	1,3/6	0.989, 0.94	True	1.0	1.73263	1.48856	0.41282	0.02712	1.97068	0.81283	0.18155	0.02034	0.30208	0.00753	0.02034	0.00151	0.01582	0.0	0.31489	0.05499	0.00151	0.12128	0.02034	0.03089
HG02944	2	1	ESN	AFR	2.0	train	1,2	1,2	0.953, 0.927	True	1.0	1.02093	1.01456	10.20689	6.66826	0.187	0.00159	0.1496	0.01194	0.40025	0.00159	0.00318	0.0	0.01034	0.0	0.08594	0.04297	0.00159	0.08912	0.11459	0.00557
HG02945	1	1	ESN	AFR	2.0	train	1,1	1,1	0.997	True	1.0	3.07107	2.81875	0.19409	0.03441	0.23291	0.00176	0.17821	0.03617	0.40054	0.00706	0.00618	0.00088	0.01412	0.00088	0.42436	0.08117	0.00088	0.09528	0.09793	0.04499
HG02946	7	1	ESN	AFR	2.0	train	1,7	1,7	0.968, 0.958	True	1.0	2.44934	2.35775	0.30027	0.09348	0.1067	0.0	0.09631	0.02455	0.57882	0.01039	9.30448	3.85625	0.01511	0.00283	0.09914	0.02927	0.0	0.02833	0.01983	0.01322
HG02947	1	11	ESN	AFR	2.0	train	1,11	1,11	0.993, 0.86	True	1.0	0.8578	0.80777	0.31794	0.02421	0.08635	0.00161	0.11298	0.03551	0.35264	0.00646	0.00646	0.00081	0.15897	0.0	0.25097	0.02744	0.00242	1.367	1.30809	0.06536
HG02948	1	11	ESN	AFR	2.0	train	1,11	1,11	0.986, 0.875	True	1.0	2.09526	2.00848	0.17803	0.06059	0.07555	0.0015	0.04937	0.02917	0.52288	0.00673	0.00748	0.00075	0.16382	0.00075	0.12193	0.03441	0.00299	1.4093	1.36966	0.04862
HG02952	1	12	ESN	AFR	2.0	train	1,12	1,12	0.987, 0.939	True	1.0	1.92572	1.75812	0.33518	0.0391	0.35913	0.00319	0.25618	0.07023	0.27214	0.00319	0.02634	0.0	0.02075	0.0008	0.10056	0.05028	0.0	0.25618	2.52825	0.74698
HG02953	11		ESN	AFR	2.0	train	11,3/6	11,3/6	0.919, 0.968	True	1.0	0.0226	0.02663	0.41967	0.04197	1.76343	0.82159	0.11137	0.00888	0.32767	0.00242	0.10088	0.00081	0.01776	0.00242	0.08555	0.00646	1.6448	2.45751	0.046	0.02583
HG02954	12		ESN	AFR	2.0	train	12,3/6	12,3/6	0.948, 0.978	True	1.0	0.02233	0.01935	0.21586	0.0402	1.73211	0.89397	0.14887	0.0134	0.39004	0.00223	0.02977	0.00074	0.01042	0.00074	0.05583	0.00521	0.0	0.15631	2.64096	0.75552
HG02964	7	2	ESN	AFR	2.0	train	2,7	2,7	0.953, 0.946	True	1.0	0.03001	0.02433	2.27017	1.63672	0.17681	0.00081	0.19871	0.06489	0.37471	0.00892	5.85669	3.01715	0.03893	0.00081	0.05191	0.03569	0.00081	0.03974	0.03244	0.05353
HG02965	10	1	ESN	AFR	2.0	test	1,10	1,10	0.79, 0.952	True	1.0	0.32353	0.31021	0.20649	0.04567	1.32457	0.0	0.20363	0.01522	0.51384	0.00095	0.01047	0.00095	0.01427	0.0	4.13832	2.40649	0.0	0.12085	0.07232	0.08849
HG02966	2	1	ESN	AFR	2.0	test	1,2	1,2	0.988, 0.753	True	1.0	0.31032	0.31771	2.25435	1.64766	1.06971	0.00246	0.29883	0.04269	0.52213	0.00246	0.04105	0.00246	0.05747	0.0	0.22987	0.04926	0.0	0.08045	0.06568	0.07963
HG02968								1,1	0.997		1.0	4.11023	3.48148	0.18699	0.0374	0.40553	0.00234	0.10869	0.15894	0.40553	0.01052	0.00584	0.0	0.00818	0.0	0.37748	0.1344	0.0	0.09349	0.09233	0.09466
HG02970	1	12	ESN	AFR	2.0	test	1,12	1,12	0.987, 0.85	True	1.0	1.80253	1.41117	0.37612	0.01714	0.27328	0.0019	0.09998	0.00857	0.40564	0.00286	0.01714	0.00095	0.01047	0.0	0.28185	0.02	0.00095	0.11617	1.65875	0.72939
HG02971	2	1	ESN	AFR	2.0	train	1,2	1,2	0.926, 0.914	True	1.0	1.30328	1.12633	2.44499	1.71026	0.23388	0.00154	0.22542	0.10617	0.46007	0.00539	0.01077	0.00154	0.02231	0.00154	0.05385	0.02385	0.00154	0.08078	0.02	0.04539
HG02972	12	1	ESN	AFR	2.0	train	1,12	1,12	0.982, 0.937	True	1.0	1.4667	1.28325	0.21192	0.02764	0.18428	0.00168	0.10387	0.09968	0.46489	0.00503	0.02513	0.0	0.0201	0.0	0.09046	0.0268	0.0	0.13821	1.79002	0.70696
HG02973		1	ESN	AFR	2.0	train	1,3/6	1,3/6	0.996, 0.97	True	1.0	1.44859	1.22884	0.2387	0.04223	2.06129	0.99359	0.1103	0.01034	0.36796	0.00172	0.02068	0.0	0.01637	0.0	0.15167	0.05601	0.00086	0.12926	0.03275	0.01465
HG02974	1	2	ESN	AFR	2.0	train	1,2	1,2	0.995, 0.931	True	1.0	1.78102	1.57128	1.46967	1.05744	0.2337	0.00073	0.15749	0.02322	0.24821	0.00218	0.00435	0.00073	0.01669	0.0	0.28958	0.05153	0.0029	0.07621	0.00508	0.03847
HG02975	2	1	ESN	AFR	2.0	train	1,2	1,2	0.995, 0.962	True	1.0	1.35228	1.16774	1.47263	1.25381	0.14369	0.0	0.11451	0.02188	0.34792	0.00073	0.01532	0.00073	0.0248	0.0	0.15171	0.06637	0.00146	0.06346	0.02115	0.01969
HG02976	2	11	ESN	AFR	2.0	train	11,2	11,2	0.973, 0.919	True	1.0	0.02559	0.02183	4.33294	3.24914	0.13472	0.0	0.06774	0.0143	0.29353	0.00151	0.10311	0.0	0.0143	0.0	0.03537	0.00677	1.20648	1.61215	0.03236	0.04817
HG02977			ESN	AFR	2.0	train	3/6,3/6	3/6,3/6	0.997	True	1.0	0.03545	0.04963	0.39504	0.02836	3.44297	1.03522	0.10231	0.0466	0.3525	0.00506	0.02735	0.0	0.01925	0.0	0.09522	0.00709	0.00203	0.11649	0.04356	0.00405
HG02978	11		ESN	AFR	2.0	train	11,3/6	11,3/6	0.924, 0.982	True	1.0	0.03531	0.0434	0.34061	0.01618	2.32177	0.74891	0.0721	0.02428	0.26631	0.00074	0.12801	0.00074	0.01251	0.0	0.06106	0.01104	1.35142	1.75015	0.04782	0.00883
HG02979	1	1	ESN	AFR	2.0	train	1,1	1,1	0.996	True	1.0	3.91061	3.16419	0.27585	0.10457	0.29208	0.00361	0.07933	0.06581	0.23438	0.01893	0.01893	0.0009	0.01262	0.0	0.28126	0.064	0.0	0.13342	0.01803	0.03696
HG02980	1	2	ESN	AFR	2.0	train	1,2	1,2	0.988, 0.932	True	1.0	1.70144	1.36056	7.56649	5.73558	0.17848	0.0	0.12362	0.05486	0.28016	0.00731	0.02341	0.0	0.10899	0.00073	0.19165	0.03145	0.0	0.09509	0.02633	0.0117
HG02981	2	2	ESN	AFR	2.0	test	2,2	2,2	0.992	True	1.0	0.02739	0.02458	14.6003	10.26417	0.05899	0.0	0.13202	0.02528	0.30967	0.00281	0.00632	0.0007	0.0969	0.0	0.03722	0.02177	0.0007	0.11516	0.01194	0.00913
HG02982	1	1	GWD	AFR	2.0	train	1,1	1,1	0.999	True	1.0	2.54511	2.33283	0.24616	0.07302	0.23336	0.00226	0.21755	0.55931	0.3523	0.0	0.01355	0.00452	0.04517	0.00075	0.15356	0.0399	0.0	0.1099	0.09711	0.0128
HG02983			GWD	AFR	2.0	test	3/6,3/6	3/6,3/6	0.996	True	1.0	0.06328	0.08243	0.40716	0.04413	3.59703	1.95006	0.09742	0.03414	0.43964	0.00333	0.03331	0.00167	0.01749	0.0	0.06578	0.01499	0.00333	0.11157	0.06245	0.00583
HG02984		1	GWD	AFR	2.0	train	1,3/6	1,3/6	0.987, 0.976	True	1.0	3.36464	3.11095	0.23824	0.10814	2.18888	1.01801	0.05204	0.03171	0.47973	0.00244	0.01464	0.0	0.01057	0.0	0.11546	0.05041	0.00081	0.08294	0.05448	0.01708
HG03006			BEB	SAS	2.0	train	3/6,3/6	3/6,3/6	0.992	True	1.0	0.01979	0.02759	0.36045	0.02219	1.70691	1.57856	0.09716	0.0102	0.2597	0.0018	0.012	0.0006	0.01799	0.0	0.06118	0.02939	0.0006	0.20992	0.05878	0.006
HG03007		1	BEB	SAS	2.0	train	1,3/6	1,3/6	0.97, 0.948	True	1.0	2.30897	2.19636	0.55958	0.05666	1.77877	1.15693	0.14269	0.03637	0.41689	0.0042	0.02028	0.0007	0.02448	0.0	0.06715	0.01819	0.0007	0.24831	0.01259	0.00979
HG03008	1		BEB	SAS	2.0	train	1,3/6	1,3/6	0.969, 0.989	True	1.0	2.90697	2.80631	0.2136	0.04092	0.99518	0.67109	0.06956	0.00982	0.36746	0.0	0.00573	0.0	0.01637	0.0	0.08102	0.04174	0.00164	0.15632	0.03683	0.00327
HG03009								3/6,4	0.894, 0.986		1.0	0.0239	0.02313	0.33457	0.01696	1.60733	1.09083	0.96825	0.6121	0.51728	0.00231	0.00771	0.00077	0.01233	0.0	0.06398	0.00308	0.00077	0.14956	0.03392	0.00617
HG03012								1,2	0.975, 0.979		1.0	3.3873	3.19978	4.03952	3.01592	0.10885	0.00274	0.10977	0.02195	0.23235	0.00274	0.00366	0.0	0.01829	0.0	0.07226	0.02927	0.00091	0.06495	0.06403	0.01921
HG03015	2	1	PJL	SAS	2.0	train	1,2	1,2	0.964, 0.97	True	1.0	3.31906	3.1895	7.61619	5.39777	0.06034	0.00191	0.19625	0.0127	0.23308	0.00127	0.00635	0.0	0.01143	0.0	0.05716	0.03303	0.00254	0.09844	0.03938	0.00381
HG03016		2	PJL	SAS	2.0	train	2,3/6	2,3/6	0.978, 0.99	True	1.0	0.02327	0.02186	8.65687	6.12052	1.00692	0.58385	0.15513	0.01058	0.20801	0.00423	0.00705	0.0	0.0141	0.00071	0.04019	0.02962	0.0	0.10154	0.07263	0.00705
HG03017	2	1	PJL	SAS	2.0	train	1,2	1,2	0.966, 0.98	True	1.0	3.27013	3.12419	7.59341	5.38756	0.08225	0.00247	0.14718	0.02535	0.23499	0.00124	0.01113	0.0	0.01917	0.00062	0.05999	0.04205	0.00124	0.10266	0.04081	0.00433
HG03018								2,3/6	0.985, 0.81		1.0	0.01453	0.02235	8.53994	5.16543	1.12037	0.54314	0.18719	0.02012	0.21737	0.00112	0.02403	0.00056	0.01453	0.00112	0.02179	0.03409	0.00056	0.07767	0.0285	0.00671
HG03019								1,5	0.929, 0.972		1.0	3.70077	3.53782	0.2652	0.05991	0.20928	0.0	0.10624	0.02716	5.30554	2.19506	0.40578	0.0032	0.18292	0.0	0.11343	0.01118	0.0008	0.07269	0.10304	0.01997
HG03021								2,4	0.995, 0.934		1.0	0.02341	0.0217	8.0999	5.28954	0.17529	0.00057	1.18021	0.50189	0.34773	0.00114	0.03312	0.0	0.02569	0.0	0.03255	0.03426	0.00057	0.11705	0.05025	0.01085
HG03022								1,3/6	0.955, 0.949		1.0	5.03419	4.87477	0.31783	0.0371	1.59217	0.71187	0.13235	0.03208	0.14839	0.00301	0.00301	0.0	0.01504	0.0	0.08823	0.02005	0.0	0.14137	0.04913	0.03108
HG03024		1	GWD	AFR	2.0	train	1,3/6	1,3/6	0.999, 0.91	True	1.0	1.54979	1.4056	0.58281	0.05747	2.11545	0.72599	0.17041	0.08873	0.35896	0.00504	0.03832	0.00101	0.03126	0.0	0.27426	0.04033	0.0	0.21477	0.02924	0.02521
HG03025		1	GWD	AFR	2.0	train	1,3/6	1,3/6	0.996, 0.967	True	1.0	1.78207	1.33635	0.24253	0.02048	1.42566	0.74396	0.07948	0.02786	0.33347	0.00737	0.01065	0.00082	0.00901	0.00082	0.22368	0.01721	0.0	0.08603	0.0803	0.0254
HG03026	1	1	GWD	AFR	2.0	train	1,1	1,1	0.996	True	1.0	3.52824	2.90577	0.17988	0.04185	0.34908	0.00267	0.09974	0.0944	0.21551	0.0	0.02404	0.0	0.01692	0.00089	0.45506	0.07302	0.0	0.12734	0.04096	0.02761
HG03027	1	2	GWD	AFR	2.0	train	1,2	1,2	0.997, 0.963	True	1.0	1.55715	1.31507	4.36021	2.92865	0.14834	0.00091	0.16473	0.03003	0.27667	0.00273	0.00637	0.0	0.01729	0.0	0.3795	0.05552	0.00091	0.09738	0.04732	0.03003
HG03028	1	2	GWD	AFR	2.0	train	1,2	1,2	0.997, 0.947	True	1.0	1.42894	1.34436	4.44703	2.85689	0.18011	0.00199	0.12837	0.10747	0.27663	0.00199	0.02488	0.0	0.01791	0.0	0.25673	0.05274	0.0	0.09752	0.03085	0.03284
HG03029	2	2	GWD	AFR	2.0	train	2,2	2,2	0.995	True	1.0	0.02717	0.02484	7.96628	5.40064	0.06133	0.0	0.15526	0.04347	0.21503	0.00233	0.00388	0.0	0.02174	0.0	0.05356	0.01009	0.00078	0.08073	0.03416	0.02329
HG03033	1	8	GWD	AFR	2.0	train	1,8	1,8	0.998, 0.55	True	1.0	1.96163	1.58135	4.91363	3.70376	0.28778	0.01395	0.13655	0.00808	0.3054	0.00587	0.0044	0.00073	0.01982	0.0	0.22245	0.24667	0.00073	0.18133	0.06387	0.03597
HG03034	1		GWD	AFR	2.0	train	1,3/6	1,3/6	0.997, 0.95	True	1.0	1.39621	1.24952	0.20121	0.06221	2.91836	0.9454	0.17357	0.05837	0.4846	0.00077	0.02304	0.00154	0.02304	0.0	0.22809	0.02381	0.0	0.19891	0.04685	0.03226
HG03035		8	GWD	AFR	2.0	test	3/6,8	2,3/6	0.575, 0.987	False	1.0	0.03676	0.06276	5.1106	3.8966	1.43366	1.02302	0.0529	0.0251	0.42947	0.00269	0.03586	0.0	0.01704	0.0	0.09683	0.19366	0.00179	0.14883	0.06724	0.02959
HG03039	2	2	GWD	AFR	2.0	train	2,2	2,2	0.994	True	1.0	0.02262	0.02615	4.91716	3.90433	0.14277	0.00071	0.10178	0.01202	0.34421	0.00141	0.00848	0.0	0.01908	0.0	0.05725	0.00636	0.0	0.06715	0.00212	0.0311
HG03040	2	2	GWD	AFR	2.0	train	2,2	2,2	0.989	True	1.0	0.0271	0.03111	12.44191	8.47327	0.08933	0.0	0.15758	0.00803	0.31014	0.00201	0.01305	0.0	0.0271	0.0	0.07427	0.01606	0.00201	0.15256	0.02309	0.01104
HG03041	2	2	GWD	AFR	2.0	train	2,2	2,2	0.981	True	1.0	0.02178	0.01543	6.57839	5.00458	0.08804	0.0	0.0599	0.01089	0.4048	0.00091	0.00545	0.00091	0.02269	0.0	0.07715	0.01089	0.0	0.09621	0.00635	0.01815
HG03045	9	7	GWD	AFR	2.0	test	7,9	7,9	0.918, 0.852	True	1.0	0.02105	0.02233	0.36997	0.09696	0.2341	0.0	0.07655	0.01084	0.18945	0.00383	5.53553	2.86983	16.49242	8.54506	0.06379	0.01084	0.0	0.0051	0.07017	0.00064
HG03046	1	1	GWD	AFR	2.0	test	1,1	1,1	0.997	True	1.0	4.44999	4.0314	0.25992	0.06576	0.11378	0.00209	0.12526	0.05428	0.40815	0.00104	0.00313	0.00104	0.01253	0.0	0.40502	0.0929	0.00104	0.09604	0.0428	0.0334
HG03047	1	7	GWD	AFR	2.0	train	1,7	1,7	0.982, 0.951	True	1.0	2.23588	2.13755	0.35801	0.08974	0.23104	0.00095	0.11074	0.0105	0.27495	0.00764	7.48191	3.98201	0.02769	0.00095	0.10215	0.03246	0.00191	0.12602	0.02196	0.00477
HG03048			GWD	AFR	2.0	train	3/6,3/6	3/6,3/6	0.994	True	1.0	0.08177	0.08099	0.62225	0.04128	3.93913	1.33329	0.17056	0.0405	0.28815	0.00078	0.03505	0.0	0.02648	0.0	0.06698	0.02492	0.00078	0.17289	0.03193	0.00935
HG03049	1	12	GWD	AFR	2.0	train	1,12	1,12	0.99, 0.929	True	1.0	1.36574	1.18443	0.22706	0.05846	0.11861	0.00169	0.24655	0.02203	0.2296	0.00254	0.00424	0.00085	0.01017	0.00085	0.21604	0.03982	0.0	0.13302	3.9693	1.87917
HG03050	12		GWD	AFR	2.0	train	12,3/6	12,3/6	0.899, 0.978	True	1.0	0.03553	0.03785	0.30822	0.02858	1.60988	0.62726	0.23638	0.02935	0.22789	0.00309	0.0085	0.0	0.01699	0.00077	0.03785	0.00772	0.0	0.23561	3.8223	1.80995
HG03052								1,1	0.997		1.0	3.661	3.28824	0.27342	0.03789	0.35842	0.00102	0.11367	0.04813	0.51203	0.00102	0.01229	0.0	0.00922	0.0	0.34511	0.04301	0.0	0.11265	0.05837	0.0256
HG03054	7	1	MSL	AFR	2.0	train	1,7	1,7	0.996, 0.949	True	1.0	1.16026	1.0821	0.50197	0.05398	0.14664	0.00322	0.20385	0.03626	0.2103	0.01692	9.59633	2.51632	0.01853	0.0	0.32713	0.03142	0.0	0.07171	0.03062	0.0419
HG03055	1	4	MSL	AFR	2.0	test	1,4	1,4	0.968, 0.952	True	1.0	3.04889	2.96788	0.40674	0.07342	0.19578	0.00169	0.84471	0.58396	0.5291	0.00253	0.01097	0.0	0.01266	0.0	0.12067	0.01519	0.0	0.16624	0.06076	0.00338
HG03056	4	1	MSL	AFR	2.0	train	1,4	1,4	0.998, 0.954	True	1.0	1.20863	1.13531	0.3139	0.03895	0.23943	0.00115	0.94399	0.63467	0.5499	0.00687	0.00573	0.0	0.01375	0.0	0.35629	0.01948	0.00115	0.20392	0.08019	0.02635
HG03057								1,2	0.996, 0.977		1.0	0.57228	0.5383	5.08442	3.5173	0.09921	0.00092	0.14606	0.10105	0.32426	0.00092	0.00551	0.0	0.01929	0.0	0.19382	0.03215	0.00184	0.09921	0.02021	0.05052
HG03058								3/6,3/6	0.996		1.0	0.03874	0.05258	0.27579	0.01845	3.91647	1.42509	0.10884	0.02398	0.42614	0.01568	0.02121	0.00184	0.04704	0.0	0.09224	0.15035	0.00092	0.107	0.11161	0.00461
HG03060								2,3/6	0.826, 0.98		1.0	0.04785	0.04633	4.12018	2.78653	1.38985	0.82859	0.08354	0.01063	0.32506	0.00304	0.00456	0.0	0.01291	0.0	0.09645	0.00835	0.0	0.08278	0.03494	0.05013
HG03061								1,7	0.95, 0.863		1.0	3.73211	3.60021	0.31423	0.07814	0.10502	0.00084	0.10922	0.05377	0.42934	0.00336	7.18445	2.72977	0.01512	0.0	0.09074	0.0084	0.0	0.04957	0.02857	0.01596
HG03063	1	9	MSL	AFR	2.0	train	1,9	1,9	0.99, 0.977	True	1.0	0.816	0.76281	0.26172	0.02234	0.2415	0.0	0.16916	0.06702	0.40321	0.0	0.01489	0.01596	10.36757	3.96085	0.25001	0.03724	0.0	0.04894	0.08937	0.02979
HG03064	1	1	MSL	AFR	2.0	train	1,1	1,1	0.997	True	1.0	3.77834	3.13226	0.35729	0.04906	0.41652	0.00278	0.11755	0.08516	0.37857	0.00555	0.00278	0.0	0.01851	0.00093	0.37209	0.08886	0.0	0.13329	0.03332	0.02962
HG03065	1	9	MSL	AFR	2.0	train	1,9	1,9	0.986, 0.983	True	1.0	1.64419	1.4312	0.2737	0.03882	0.28962	0.00199	0.04081	0.08161	0.48271	0.001	0.02389	0.01891	10.2314	4.05872	0.12739	0.07166	0.0	0.09256	0.05773	0.01294
HG03066								1,12	0.997, 0.901		1.0	0.64113	0.61138	0.20443	0.13917	0.09502	0.00192	0.26202	0.11517	0.31961	0.00096	0.0048	0.0	0.00864	0.00096	0.20059	0.05855	0.0	0.11709	4.40249	1.47326
HG03069								3/6,3/6	0.938		1.0	0.02212	0.03134	0.27895	0.03318	1.63314	0.53025	0.10507	0.02396	0.27711	0.00246	0.01598	0.00246	0.01598	0.00307	0.02703	0.01229	0.00061	0.04977	5.32706	0.01229
HG03072								1,2	0.938, 0.871		1.0	1.33109	1.15541	7.98062	5.22305	0.23981	0.00054	0.20748	0.11425	0.37077	0.00377	0.03988	0.00054	0.01617	0.00108	0.06251	0.08838	0.00162	0.19508	0.02856	0.02748
HG03073								1,1	0.999		1.0	2.56639	2.30957	0.30198	0.12888	0.31892	0.00376	0.20132	0.47226	0.33209	0.00564	0.00659	0.00188	0.02258	0.0207	0.30951	0.10254	0.00094	0.127	0.04422	0.03857
HG03074								1,3/6	0.952, 0.951		1.0	0.4836	0.47336	0.34036	0.0341	2.06739	1.31574	0.18962	0.08049	0.26806	0.00205	0.00546	0.00068	0.02524	0.00068	0.18212	0.01501	0.00068	0.1521	0.02319	0.01501
HG03077								3/6,7	0.974, 0.941		1.0	0.02442	0.01744	0.37675	0.06419	1.94582	1.00814	0.10395	0.01884	0.2093	0.00977	6.33629	2.54722	0.02233	0.0007	0.04744	0.00837	0.0007	0.06488	0.01674	0.00628
HG03078								1,3/6	0.993, 0.928		1.0	2.07778	1.85262	0.22812	0.12739	2.39577	0.83348	0.11949	0.14418	0.32589	0.00198	0.02864	0.0	0.00889	0.0	0.15406	0.07308	0.0	0.08888	0.03654	0.01778
HG03079								1,1	0.981		1.0	2.59104	2.40112	0.21052	0.01251	0.50422	0.0	0.16488	0.00957	0.45932	0.00221	0.00442	0.0	0.01619	0.0	0.2569	0.02208	0.0	0.08318	0.0611	0.00442
HG03081								1,2	0.977, 0.952		1.0	0.50096	0.44724	7.69988	5.48942	0.12184	0.00076	0.23005	0.0507	0.27545	0.0053	0.03405	0.00076	0.01438	0.00076	0.2081	0.04843	0.00151	0.08778	0.03632	0.01513
HG03082								11,7	0.803, 0.895		1.0	0.03302	0.04084	0.5952	0.03215	0.11556	0.00087	0.11817	0.0113	0.2963	0.0113	7.41787	3.52429	0.01043	0.0	0.14163	0.00869	1.99241	1.56577	0.04431	0.0504
HG03084								2,4	0.951, 0.94		1.0	0.0356	0.03293	4.33126	2.95427	0.13263	0.00089	0.76905	0.60171	0.69962	0.00089	0.00801	0.0	0.01335	0.0	0.15577	0.00356	0.0	0.10681	0.01424	0.02581
HG03085								1,2	0.947, 0.921		1.0	0.64757	0.57754	5.07776	3.75625	0.1819	0.0	0.11187	0.12551	0.36835	0.00091	0.00182	0.0	0.00819	0.0	0.08367	0.0573	0.0	0.10095	0.02365	0.05184
HG03086								1,9	0.972, 0.963		1.0	1.07208	1.07878	0.45412	0.05269	0.33916	0.00096	0.17054	0.01054	0.46179	0.00192	0.03162	0.03928	11.41439	5.00781	0.08431	0.03162	0.0	0.07952	0.137	0.00862
HG03088								3/6,3/6	0.985		1.0	0.03235	0.04016	0.26219	0.05355	2.94318	1.61886	0.07587	0.00781	0.53107	0.00112	0.02678	0.00223	0.05244	0.0	0.1495	0.16177	0.0	0.0781	0.12161	0.00669
HG03091								2,3/6	0.91, 0.987		1.0	0.03062	0.0341	7.97247	4.954	1.63556	0.81082	0.09396	0.00766	0.2763	0.00278	0.04872	0.0	0.01601	0.0	0.04733	0.02018	0.0	0.10022	0.05081	0.01462
HG03095								1,9	0.993, 0.915		1.0	1.18439	1.11287	0.38035	0.11053	0.2113	0.00759	0.1387	0.02276	0.32942	0.00108	0.01084	0.01625	13.96558	6.3738	0.36193	0.03468	0.00108	0.06177	0.11378	0.03793
HG03096	9	7	MSL	AFR	2.0	train	7,9	7,9	0.964, 0.95	True	1.0	0.0208	0.0224	0.46484	0.052	0.10961	0.0	0.11281	0.0288	0.16401	0.0048	5.40123	2.56661	18.25586	9.89519	0.0352	0.0336	0.0008	0.004	0.13521	0.0064
HG03097	1	2	MSL	AFR	2.0	train	1,2	1,2	0.998, 0.976	True	1.0	1.40108	1.1961	4.5702	3.36719	0.11669	0.00154	0.11592	0.02533	0.35084	0.00077	0.00768	0.00077	0.0215	0.0	0.34701	0.03762	0.0	0.08368	0.02303	0.05451
HG03098	2	7	MSL	AFR	2.0	train	2,7	2,7	0.958, 0.946	True	1.0	0.01924	0.02676	4.76565	3.58469	0.09535	0.0	0.04684	0.02425	0.30109	0.0092	5.7994	2.90137	0.01338	0.0	0.05771	0.00836	0.00167	0.06106	0.00335	0.03011
HG03099	10	2	ESN	AFR	2.0	train	10,2	10,2	0.833, 0.905	True	1.0	0.02434	0.01793	1.98029	1.34239	0.12617	0.0	0.16268	0.02562	0.26387	0.00192	0.00897	0.00064	0.08198	0.0	2.35559	1.45383	0.00064	0.10055	0.07878	0.03394
HG03100	4	2	ESN	AFR	2.0	train	2,4	2,4	0.979, 0.937	True	1.0	0.0181	0.03305	1.82349	1.38906	0.14481	0.00079	1.26472	0.74136	0.52415	0.00236	0.00472	0.0	0.01574	0.0	0.09759	0.00315	0.0	0.07004	0.01574	0.0181
HG03101	2	2	ESN	AFR	2.0	train	2,2	2,2	0.994	True	1.0	0.01744	0.01809	2.79495	2.32471	0.0801	0.0	0.14533	0.02455	0.34622	0.0	0.00517	0.0	0.08785	0.0	0.04974	0.00646	0.00065	0.09301	0.02325	0.03682
HG03103								1,3/6	0.999, 0.938		1.0	1.4312	1.2173	0.31742	0.03056	2.18016	0.89925	0.14904	0.02183	0.39662	0.00499	0.02432	0.0	0.0131	0.0	0.25755	0.03929	0.00187	0.11163	0.0449	0.02494
HG03105								1,4	0.96, 0.942		1.0	1.35864	1.35546	0.40378	0.06147	0.40484	0.00318	1.06932	0.82451	0.69416	0.00106	0.00848	0.0	0.01484	0.0	0.12929	0.02437	0.00106	0.16851	0.12929	0.00954
HG03108	12	1	ESN	AFR	2.0	train	1,12	1,12	0.999, 0.779	True	1.0	1.37303	1.1863	0.36531	0.02287	1.86301	0.0	0.20198	0.00817	0.41921	0.00544	0.01905	0.0	0.01688	0.0	0.17204	0.01797	0.0	0.11542	1.36596	0.7464
HG03109	1	2	ESN	AFR	2.0	train	1,2	1,2	0.997, 0.964	True	1.0	1.02552	0.958	5.01005	3.66043	0.09135	0.0	0.15093	0.03257	0.35905	0.00159	0.00635	0.00079	0.01509	0.0	0.33125	0.01271	0.0	0.08897	0.0429	0.06673
HG03110	1	2	ESN	AFR	2.0	train	1,2	1,2	0.997, 0.895	True	1.0	1.18656	1.04049	3.63149	2.58048	1.61613	0.00124	0.16774	0.013	0.43514	0.00062	0.00557	0.0	0.01362	0.0	0.17703	0.01857	0.00062	0.10894	0.03342	0.0489
HG03111		1	ESN	AFR	2.0	train	1,3/6	1,3/6	0.99, 0.963	True	1.0	1.80688	1.4381	0.40836	0.08504	2.47373	0.8706	0.10862	0.02442	0.37636	0.00084	0.016	0.0	0.02021	0.00084	0.23154	0.03031	0.0	0.10525	0.03536	0.01937
HG03112	2	1	ESN	AFR	2.0	train	1,2	1,1	0.995	False	1.0	0.48905	0.4588	0.49193	0.11668	0.13325	0.0	0.25569	0.07347	0.41415	0.0036	0.01152	0.00072	0.02377	0.00144	0.16206	0.02737	0.00216	0.07779	0.05258	0.04898
HG03113	1	1	ESN	AFR	2.0	train	1,1	1,1	0.997	True	1.0	2.54681	2.16707	0.18503	0.03778	0.29934	0.00097	0.19084	0.09978	0.33615	0.0	0.00969	0.0	0.01937	0.00097	0.37878	0.03778	0.0	0.13272	0.03487	0.04359
HG03114		10	ESN	AFR	2.0	train	10,3/6	10,3/6	0.926, 0.978	True	1.0	0.04547	0.04633	0.40926	0.03175	2.33975	0.70613	0.13556	0.02746	0.27971	0.00343	0.01716	0.00172	0.01716	0.0	2.97466	1.6096	0.00257	0.18962	0.09181	0.01716
HG03115	4	2	ESN	AFR	2.0	train	2,4	2,4	0.972, 0.796	True	1.0	0.02238	0.02958	7.09655	4.53997	0.16468	0.0016	0.18067	0.57639	0.54921	0.004	0.01199	0.0016	0.01119	0.0	0.02798	0.01759	0.0	0.1359	0.02238	0.02638
HG03116	10	2	ESN	AFR	2.0	train	10,2	10,2	0.927, 0.867	True	1.0	0.03445	0.02639	7.38338	4.93081	0.18545	0.00073	0.06304	0.0044	0.26241	0.00073	0.00806	0.0	0.01393	0.0	2.61823	1.57006	0.0	0.19717	0.09016	0.01979
HG03117	13	1	ESN	AFR	2.0	train	1,13	1,13	0.501, 0.608	True	1.0	0.02215	0.02404	0.33471	0.03923	0.25625	0.0	0.23664	0.17084	0.33218	0.00127	0.00633	0.00063	0.04429	0.0	0.05821	0.01139	0.0	0.04049	3.99061	0.02657
HG03118		1	ESN	AFR	2.0	test	1,3/6	1,3/6	0.997, 0.937	True	1.0	1.78343	1.4014	0.24983	0.01185	1.00387	0.21974	0.093	0.093	0.31639	0.0	0.01276	0.0	0.01003	0.0	0.2863	0.03647	0.00091	0.08024	0.03829	0.02279
HG03119	1	1	ESN	AFR	2.0	train	1,1	1,1	0.994	True	1.0	1.475	1.11398	0.20892	0.01839	0.34263	0.0	0.18636	0.25238	0.28497	0.00084	0.02173	0.00084	0.04178	0.0	0.24319	0.02925	0.0	0.117	0.07688	0.01922
HG03120	2	1	ESN	AFR	2.0	train	1,2	1,2	0.987, 0.978	True	1.0	1.24435	1.09619	8.94917	5.60916	0.12052	0.00307	0.16044	0.0284	0.25102	0.00537	0.03147	0.0	0.02303	0.00077	0.23183	0.03608	0.00307	0.16811	0.02917	0.04913
HG03121	4	4	ESN	AFR	2.0	train	4,4	4,4	0.982	True	1.0	0.02529	0.02723	0.47949	0.03307	0.22662	0.00097	2.43442	1.43362	0.71097	0.00584	0.00486	0.0	0.00973	0.0	0.14881	0.00681	0.0	0.10893	0.04279	0.00778
HG03122	4	1	ESN	AFR	2.0	train	1,4	1,4	0.999, 0.912	True	1.0	1.8811	1.67761	0.19623	0.04966	0.24104	0.00121	0.93026	0.61169	0.6662	0.00121	0.00606	0.0	0.01575	0.00121	0.38397	0.03028	0.0	0.15868	0.03876	0.03634
HG03123	2	2	ESN	AFR	2.0	train	2,2	2,2	0.997	True	1.0	0.02016	0.01951	12.74956	8.22267	0.12161	0.00065	0.14632	0.01041	0.2081	0.0	0.05203	0.0013	0.01951	0.0	0.03252	0.01496	0.00065	0.15348	0.03577	0.02536
HG03124		2	ESN	AFR	2.0	train	2,3/6	2,3/6	0.928, 0.984	True	1.0	0.01686	0.02562	3.9056	2.82535	1.66622	0.96359	0.07552	0.01551	0.36952	0.0027	0.00674	0.00135	0.02697	0.0	0.09912	0.00944	0.00135	0.11868	0.03372	0.0209
HG03125	2	2	ESN	AFR	2.0	train	2,2	2,2	0.991	True	1.0	0.0168	0.02083	9.90714	6.94407	0.09003	0.0	0.07996	0.00873	0.30571	0.0	0.03427	0.0	0.01881	0.0	0.04838	0.01142	0.0	0.13169	0.03561	0.03091
HG03126		1	ESN	AFR	2.0	train	1,3/6	1,3/6	0.997, 0.962	True	1.0	1.5783	1.24673	0.33227	0.01885	2.0125	1.12038	0.12216	0.05445	0.25898	0.00558	0.00977	0.0	0.01257	0.0	0.24432	0.01815	0.0	0.13054	0.01885	0.02094
HG03127	1	1	ESN	AFR	2.0	train	1,1	1,1	0.996	True	1.0	3.00226	2.56923	0.36196	0.04212	0.39749	0.0	0.179	0.07634	0.4712	0.00263	0.00658	0.00263	0.01579	0.00132	0.16716	0.04475	0.0	0.16189	0.17506	0.01185
HG03128	1	1	ESN	AFR	2.0	test	1,1	1,1	0.997	True	1.0	3.25432	2.81748	0.18619	0.02762	0.32328	0.00205	0.13811	0.0665	0.38364	0.00205	0.00921	0.00102	0.02353	0.0	0.36421	0.05013	0.00102	0.1422	0.12379	0.01944
HG03129	1		ESN	AFR	2.0	train	1,3/6	3/6,3/6	0.994	False	1.0	0.02244	0.02603	0.34017	0.04757	2.39373	1.00524	0.19118	0.16694	0.39222	0.00359	0.02334	0.0	0.01436	0.0	0.1077	0.00808	0.0	0.09514	0.08168	0.00269
HG03130	2		ESN	AFR	2.0	train	2,3/6	2,3/6	0.892, 0.995	True	1.0	0.03772	0.03827	1.61392	1.17873	1.98623	0.78236	0.07326	0.02296	0.26352	0.00219	0.01312	0.0	0.01148	0.0	0.04756	0.00601	0.00109	0.05905	0.01367	0.01367
HG03131			ESN	AFR	2.0	train	3/6,3/6	3/6,3/6	0.997	True	1.0	0.04185	0.04771	0.22852	0.03599	4.19959	1.85077	0.08203	0.02679	0.31139	0.00167	0.03013	0.00084	0.02679	0.0	0.07617	0.01004	0.00167	0.15988	0.05274	0.00753
HG03132			ESN	AFR	2.0	test	3/6,3/6	3/6,3/6	0.994	True	1.0	0.02845	0.02561	0.21482	0.0249	3.58512	1.63038	0.07825	0.00711	0.44814	0.00142	0.03414	0.0	0.03557	0.0	0.05975	0.1131	0.0	0.12591	0.09603	0.00356
HG03133			ESN	AFR	2.0	train	3/6,3/6	3/6,3/6	0.996	True	1.0	0.04871	0.0524	0.27159	0.0155	3.72259	1.741	0.09447	0.02435	0.44429	0.00221	0.02509	0.00074	0.01771	0.0	0.09004	0.01993	0.00074	0.11661	0.05683	0.01033
HG03134			ESN	AFR	2.0	train	3/6,3/6	3/6,3/6	0.996	True	1.0	0.04934	0.04414	0.23197	0.02683	4.12613	1.67746	0.07963	0.02164	0.39037	0.0026	0.03203	0.0	0.02597	0.0	0.07444	0.01731	0.00087	0.1584	0.03462	0.0026
HG03135	1	1	ESN	AFR	2.0	train	1,1	1,1	0.997	True	1.0	5.34217	4.96174	0.22043	0.04681	0.26979	0.0017	0.10894	0.04	0.41788	0.00085	0.00511	0.0	0.01617	0.00085	0.23404	0.03404	0.0	0.13106	0.05021	0.02894
HG03136	4		ESN	AFR	2.0	train	3/6,4	3/6,4	0.62, 0.996	True	1.0	0.03137	0.03673	0.18669	0.08034	2.20733	0.671	0.11018	0.58378	0.443	0.00306	0.0153	0.0	0.01683	0.00077	0.06197	0.00536	0.0	0.12012	0.04208	0.00765
HG03137	1		ESN	AFR	2.0	train	1,3/6	1,3/6	0.99, 0.974	True	1.0	1.78897	1.46875	0.22183	0.02147	2.58059	0.83545	0.09303	0.04025	0.22899	0.00089	0.02057	0.00089	0.01789	0.00089	0.27103	0.02147	0.00089	0.15832	0.02326	0.017
HG03139								1,10	0.81, 0.941		1.0	0.31618	0.29946	0.29548	0.09796	0.4245	0.0	0.29149	0.01991	0.35362	0.00159	0.00637	0.0	0.00876	0.0	3.31873	1.96798	0.0008	0.14654	0.05495	0.07009
HG03157								1,11	0.997, 0.919		1.0	1.70176	1.36237	0.36974	0.01917	0.27311	0.0016	0.11659	0.02875	0.21801	0.0008	0.11499	0.0016	0.01437	0.0008	0.26113	0.01837	1.41747	1.88863	0.03913	0.04392
HG03159	2	12	ESN	AFR	2.0	train	12,2	12,2	0.96, 0.874	True	1.0	0.01998	0.02855	8.67108	5.51523	0.08421	0.00143	0.16058	0.00999	0.35469	0.00214	0.03069	0.0	0.01998	0.0	0.05353	0.01641	0.0	0.17556	1.47944	0.76505
HG03160	2	1	ESN	AFR	2.0	test	1,2	1,2	0.966, 0.903	True	1.0	1.66039	1.43986	4.38089	3.09089	0.18818	0.0	0.09026	0.00851	0.43596	0.00255	0.00766	0.00085	0.01192	0.0	0.3142	0.04343	0.0	0.0843	0.01703	0.06046
HG03161	12	1	ESN	AFR	2.0	train	1,12	1,12	0.995, 0.923	True	1.0	1.73093	1.53494	0.18669	0.02534	0.17656	0.0	0.05829	0.01352	0.42661	0.00338	0.03632	0.0	0.01943	0.0	0.35565	0.05913	0.00084	0.15966	1.65236	0.90643
HG03162	2	2	ESN	AFR	2.0	train	2,2	2,2	0.985	True	1.0	0.01928	0.02467	12.18474	8.41821	0.06168	0.0	0.10563	0.02082	0.3408	0.00077	0.00386	0.0	0.00925	0.0	0.07325	0.01696	0.00077	0.06939	0.02776	0.02236
HG03163	4		ESN	AFR	2.0	train	3/6,4	3/6,4	0.941, 0.991	True	1.0	0.04348	0.05955	0.34125	0.04727	2.69223	0.95287	1.65523	0.76664	0.51236	0.00473	0.02647	0.0	0.01607	0.0	0.03687	0.0104	0.0	0.11816	0.04065	0.00284
HG03164	2		ESN	AFR	2.0	train	2,3/6	2,3/6	0.891, 0.989	True	1.0	0.03446	0.04386	9.10052	6.00149	2.19603	0.80746	0.08302	0.00783	0.34538	0.0047	0.01488	0.0	0.01175	0.00078	0.05326	0.01801	0.00078	0.14567	0.03211	0.0047
HG03166								2,3/6	0.836, 0.993		1.0	0.03052	0.03415	1.43154	1.17139	2.0899	0.77754	0.10609	0.01817	0.24416	0.00654	0.0109	0.00145	0.01744	0.00363	0.04505	0.01163	0.0	0.06613	0.01744	0.0327
HG03168	1		ESN	AFR	2.0	train	1,3/6	1,3/6	0.991, 0.947	True	1.0	0.78819	0.7746	0.28113	0.03058	1.79551	0.95721	0.18516	0.0637	0.50451	0.00255	0.01614	0.0	0.01189	0.0	0.14524	0.02208	0.0	0.09173	0.1274	0.01614
HG03169	2	1	ESN	AFR	2.0	train	1,2	1,2	0.995, 0.955	True	1.0	1.56373	1.38527	6.32443	3.60159	0.16315	0.00118	0.18612	0.02768	0.24148	0.00353	0.00766	0.00059	0.03122	0.0	0.26916	0.0483	0.00236	0.11073	0.02886	0.03416
HG03170		1	ESN	AFR	2.0	train	1,3/6	1,3/6	0.997, 0.935	True	1.0	1.8841	1.67883	0.20756	0.01068	1.42929	0.79821	0.14423	0.02747	0.34492	0.00382	0.01221	0.00153	0.01908	0.00076	0.3289	0.0496	0.00076	0.13049	0.02823	0.03892
HG03172								1,1	0.997		1.0	3.30727	2.79496	0.3738	0.02277	0.25711	0.0019	0.21252	0.11195	0.32636	0.00474	0.00285	0.0	0.01518	0.00285	0.47531	0.10341	0.00095	0.14326	0.03226	0.02751
HG03175								4,4	0.976		1.0	0.0548	0.02659	0.3691	0.02095	0.18938	0.00081	2.96004	1.54812	0.72047	0.00403	0.00484	0.0	0.01531	0.00081	0.09671	0.01531	0.0	0.1644	0.02337	0.00886
HG03189		10	ESN	AFR	2.0	train	10,3/6	10,3/6	0.871, 0.988	True	1.0	0.04193	0.04528	0.18616	0.01174	2.39912	0.82934	0.0805	0.01342	0.32033	0.0	0.02767	0.00084	0.0109	0.00084	3.01043	1.67125	0.00168	0.11908	0.05786	0.0109
HG03190	2	1	ESN	AFR	2.0	train	1,2	1,1	0.978	False	1.0	1.24139	1.04733	0.56029	0.08382	1.96403	0.00076	0.27108	0.03247	0.34131	0.00831	0.01284	0.00227	0.0219	0.0	0.16612	0.01586	0.00151	0.11553	0.05814	0.06645
HG03191	10	1	ESN	AFR	2.0	train	1,10	1,10	0.915, 0.986	True	1.0	1.28412	1.10339	0.26372	0.04079	2.04293	0.0	0.20675	0.03165	0.23699	0.00422	0.01055	0.00281	0.02321	0.0007	2.67022	1.47752	0.0	0.20253	0.07736	0.04712
HG03193								3/6,3/6	0.997		1.0	0.03265	0.03194	0.30877	0.02697	3.74219	1.71493	0.10576	0.0433	0.27186	0.00142	0.01207	0.0	0.01775	0.0	0.08021	0.00852	0.00071	0.11499	0.03407	0.00213
HG03195	2	2	ESN	AFR	2.0	train	2,2	2,2	0.989	True	1.0	0.01917	0.0136	2.56054	2.02135	0.10821	0.0	0.08595	0.01175	0.20529	0.00309	0.00433	0.0	0.01237	0.00124	0.04699	0.00742	0.00062	0.02226	0.00371	0.03154
HG03196	1		ESN	AFR	2.0	train	1,3/6	1,3/6	0.988, 0.949	True	1.0	1.32085	1.09847	0.42103	0.02216	1.93656	1.15861	0.13533	0.0372	0.28253	0.00396	0.0095	0.00237	0.01425	0.00079	0.35771	0.05302	0.0	0.12346	0.05382	0.02374
HG03197	2		ESN	AFR	2.0	train	2,3/6	2,3/6	0.911, 0.993	True	1.0	0.01948	0.02403	1.354	1.0306	1.60142	0.92345	0.06429	0.02338	0.22599	0.0013	0.0026	0.00065	0.01883	0.00065	0.07988	0.00455	0.00065	0.08637	0.02403	0.01169
HG03198	10	1	ESN	AFR	2.0	train	1,10	1,10	0.903, 0.992	True	1.0	3.42318	3.30538	0.18063	0.15619	0.20157	0.00087	0.07155	0.02181	0.32199	0.00436	0.01745	0.00175	0.02181	0.00175	3.71899	2.23907	0.0	0.17888	0.03839	0.03403
HG03199	1	12	ESN	AFR	2.0	train	1,12	1,12	0.995, 0.959	True	1.0	1.67369	1.51246	0.24472	0.03935	0.09021	0.0	0.09789	0.09405	0.32629	0.00288	0.08253	0.00096	0.0144	0.0	0.22457	0.04223	0.0	0.17466	1.81764	0.94433
HG03200	1	12	ESN	AFR	2.0	train	1,12	1,12	0.969, 0.936	True	1.0	3.49919	3.37334	0.21006	0.13472	0.06382	0.00177	0.04875	0.02482	0.42012	0.00443	0.02925	0.00089	0.01064	0.0	0.0585	0.0195	0.00089	0.14181	1.61753	0.8553
HG03202								1,2	0.96, 0.974		1.0	2.25665	2.21491	7.90567	4.23794	0.12589	0.0	0.13128	0.03231	0.39047	0.0	0.00673	0.0	0.03501	0.00067	0.08685	0.02558	0.00135	0.11445	0.06598	0.04847
HG03209								1,4	0.942, 0.904		1.0	1.99308	1.64818	0.42389	0.02282	0.2431	0.0	1.5455	0.95047	0.47567	0.00263	0.00702	0.00088	0.02633	0.0	0.12287	0.08513	0.0	0.15271	0.03423	0.0237
HG03212								1,7	0.963, 0.932		1.0	1.70236	1.45584	0.33707	0.04751	0.18646	0.0	0.11026	0.13716	0.35589	0.00538	7.02728	2.88209	0.00717	0.0	0.07082	0.02689	0.0009	0.04572	0.01434	0.00179
HG03224								1,3/6	0.983, 0.935		1.0	0.94871	0.70947	0.2814	0.01467	3.04594	0.9817	0.09625	0.00917	0.46931	0.00092	0.02017	0.00183	0.0275	0.0	0.38223	0.20349	0.00092	0.09441	0.11641	0.03941
HG03225								1,1	0.997		1.0	3.73562	3.10385	0.22592	0.01599	0.18093	0.002	0.14395	0.23991	0.28589	0.001	0.02299	0.0	0.007	0.0	0.41984	0.11196	0.0	0.10296	0.03299	0.05198
HG03228		4	PJL	SAS	2.0	train	3/6,4	3/6,4	0.972, 0.966	True	1.0	0.03164	0.04364	0.46364	0.02727	1.1902	0.7822	2.28659	0.94911	0.60547	0.00327	0.00873	0.00218	0.03273	0.00436	0.06327	0.00545	0.00109	0.18109	0.02073	0.01091
HG03229			PJL	SAS	2.0	train	3/6,3/6	3/6,3/6	0.996	True	1.0	0.03296	0.03736	0.42409	0.01538	2.70386	1.44367	0.13294	0.05713	0.38344	0.0033	0.02417	0.0	0.01648	0.00439	0.07141	0.03516	0.0022	0.11756	0.11646	0.00549
HG03230		4	PJL	SAS	2.0	train	3/6,4	3/6,4	0.975, 0.991	True	1.0	0.03183	0.03365	0.33556	0.01728	0.94304	0.56382	1.95882	0.82391	0.46834	0.00273	0.00818	0.00091	0.02092	0.00091	0.05547	0.01182	0.00091	0.21462	0.11822	0.0
HG03234		2	PJL	SAS	2.0	train	2,3/6	2,3/6	0.995, 0.927	True	1.0	0.02074	0.02311	12.01185	8.5534	0.75485	0.46689	0.23996	0.01185	0.13509	0.00296	0.00711	0.00059	0.01837	0.0	0.03022	0.02192	0.00119	0.21093	0.0397	0.02311
HG03235		2	PJL	SAS	2.0	train	2,3/6	2,3/6	0.995, 0.992	True	1.0	0.02196	0.01873	9.80107	6.45159	0.83382	0.5632	0.1492	0.01615	0.19505	0.0	0.00452	0.00129	0.01227	0.0	0.04263	0.00517	0.00065	0.11496	0.03294	0.01744
HG03236	2	2	PJL	SAS	2.0	train	2,2	2,2	0.997	True	1.0	0.0175	0.01485	16.64139	11.75981	0.08962	0.0	0.1872	0.00955	0.17394	0.00053	0.01114	0.0	0.01962	0.0	0.01803	0.02917	0.00106	0.16387	0.00212	0.01962
HG03237		2	PJL	SAS	2.0	train	2,3/6	2,3/6	0.971, 0.988	True	1.0	0.02476	0.0333	5.51106	3.34984	0.71642	0.4056	0.15797	0.00939	0.22116	0.00085	0.0649	0.00085	0.01366	0.00085	0.0649	0.01537	0.01452	0.11015	0.07685	0.01964
HG03238	1		PJL	SAS	2.0	train	1,3/6	1,3/6	0.916, 0.991	True	1.0	2.86941	2.74033	0.25254	0.02189	2.00011	1.18469	0.06622	0.0477	0.42202	0.00056	0.01235	0.00112	0.01796	0.0	0.0825	0.00786	0.00056	0.12178	0.03479	0.00168
HG03239		2	PJL	SAS	2.0	train	2,3/6	2,3/6	0.898, 0.989	True	1.0	0.02176	0.02411	3.57134	2.07941	1.91769	1.17143	0.09468	0.04763	0.26051	0.00294	0.06234	0.0	0.0147	0.0	0.03646	0.0147	0.0	0.14467	0.07057	0.01294
HG03240	7	1	GWD	AFR	2.0	train	1,7	1,7	0.964, 0.992	True	1.0	0.48386	0.44239	0.37326	0.03111	0.10023	0.00086	0.18231	0.12961	0.18663	0.01469	11.11668	4.64505	0.01901	0.0	0.17972	0.00605	0.0	0.03715	0.01728	0.00432
HG03241		2	GWD	AFR	2.0	train	2,3/6	2,3/6	0.916, 0.986	True	1.0	0.04938	0.04503	5.72993	4.483	1.29632	0.84242	0.07771	0.01017	0.40306	0.00145	0.02033	0.00073	0.01089	0.0	0.04357	0.00581	0.0029	0.08715	0.02251	0.03849
HG03242	2	1	GWD	AFR	2.0	train	1,2	1,2	0.967, 0.946	True	1.0	0.56418	0.52618	6.83738	5.35044	0.13642	0.00195	0.17929	0.15396	0.37709	0.00585	0.01851	0.00097	0.02046	0.0	0.23288	0.0078	0.0	0.13252	0.02533	0.04287
HG03246	1		GWD	AFR	2.0	train	1,3/6	1,3/6	0.986, 0.978	True	1.0	3.04618	2.91276	0.23686	0.03073	1.3462	0.89946	0.08245	0.02623	0.44149	0.00075	0.03073	0.0	0.00825	0.0	0.11243	0.01874	0.0	0.09819	0.05697	0.02024
HG03247		1	GWD	AFR	2.0	train	1,3/6	1,3/6	0.999, 0.939	True	1.0	1.58827	1.29329	0.27992	0.02657	2.21455	0.81761	0.11427	0.04606	0.54655	0.00443	0.02303	0.00177	0.0124	0.0	0.4624	0.05492	0.00089	0.10541	0.04518	0.02657
HG03248	1		GWD	AFR	2.0	train	1,3/6	1,3/6	0.995, 0.953	True	1.0	1.51731	1.21701	0.20986	0.04654	1.71048	0.95359	0.09834	0.01844	0.49699	0.0	0.04039	0.00088	0.01668	0.0	0.46011	0.072	0.00176	0.13347	0.03512	0.03864
HG03249	1	1	GWD	AFR	2.0	test	1,1	1,1	0.997	True	1.0	4.40117	3.85333	0.27267	0.06273	0.33624	0.00084	0.12797	0.13299	0.45082	0.00084	0.01171	0.0	0.0184	0.0	0.29442	0.14219	0.00084	0.24339	0.03764	0.02844
HG03250		1	GWD	AFR	2.0	train	1,3/6	1,3/6	0.993, 0.966	True	1.0	1.0886	1.04098	0.37764	0.02447	2.11438	0.40343	0.09854	0.13492	0.20304	0.00198	0.00727	0.00132	0.01521	0.0	0.32076	0.04299	0.00132	0.1918	0.14021	0.01124
HG03251	1	1	GWD	AFR	2.0	train	1,1	1,1	0.997	True	1.0	3.53779	3.25414	0.28208	0.05407	0.28914	0.00157	0.13242	0.05485	0.37141	0.00313	0.00705	0.00157	0.01567	0.00078	0.60413	0.07287	0.0	0.18335	0.04075	0.03996
HG03258	1	2	GWD	AFR	2.0	train	1,2	1,2	0.974, 0.944	True	1.0	1.44253	1.28293	1.6782	1.1437	0.22412	0.00136	0.11002	0.05841	0.25197	0.00068	0.01766	0.00068	0.0163	0.00068	0.08625	0.0523	0.0	0.06792	0.00543	0.036
HG03259	4	2	GWD	AFR	2.0	train	2,4	2,4	0.995, 0.677	True	1.0	0.02204	0.02305	6.08091	4.18905	0.18989	0.0005	0.20792	0.52657	0.33568	0.0005	0.04459	0.0015	0.00902	0.0	0.02305	0.01503	0.0005	0.10071	0.04609	0.01453
HG03260	2	2	GWD	AFR	2.0	train	2,2	2,2	0.996	True	1.0	0.02136	0.0136	7.5062	5.34058	0.17286	0.0	0.11977	0.02072	0.27321	0.00388	0.03108	0.00065	0.02525	0.00129	0.0492	0.01619	0.00065	0.09647	0.01748	0.02654
HG03265								1,3/6	0.995, 0.915		1.0	1.89838	1.62315	0.44877	0.03229	1.35437	0.78615	0.18968	0.02099	0.35191	0.00161	0.00726	0.00081	0.01049	0.0	0.37047	0.07426	0.0	0.1356	0.03713	0.01937
HG03267	2		ESN	AFR	2.0	train	2,3/6	2,3/6	0.916, 0.984	True	1.0	0.02303	0.03045	9.39492	6.21722	0.90621	0.21838	0.17381	0.01857	0.42785	0.00149	0.0052	0.00074	0.0104	0.00074	0.10251	0.01188	0.00149	0.12108	0.02674	0.00966
HG03268	1	12	ESN	AFR	2.0	train	1,12	1,12	0.97, 0.951	True	1.0	3.29783	3.21105	0.34188	0.0526	0.08854	0.00175	0.11221	0.02279	0.48477	0.00438	0.03331	0.00088	0.0114	0.0	0.07364	0.03419	0.0	0.15078	1.57966	0.84418
HG03269		12	ESN	AFR	2.0	train	12,3/6	12,3/6	0.959, 0.962	True	1.0	0.01477	0.02585	0.26776	0.09141	0.96578	0.2059	0.04247	0.02955	0.48935	0.00277	0.02955	0.0	0.01939	0.0	0.06002	0.01016	0.0	0.1625	1.71828	0.92423
HG03270	1	7	ESN	AFR	2.0	train	1,7	1,7	0.957, 0.947	True	1.0	1.20439	1.12505	0.35069	0.02803	0.23696	0.00053	0.16291	0.06876	0.29144	0.01375	8.52966	3.34712	0.01587	0.00053	0.11848	0.0201	0.0	0.04813	0.10896	0.00952
HG03271		1	ESN	AFR	2.0	train	1,3/6	1,3/6	0.968, 0.988	True	1.0	3.05855	2.96189	0.26466	0.0583	1.72067	1.01338	0.09973	0.04296	0.3943	0.00384	0.01304	0.0023	0.0069	0.00077	0.09973	0.03375	0.00153	0.09512	0.02148	0.01151
HG03272	7	1	ESN	AFR	2.0	test	1,7	1,7	0.963, 0.928	True	1.0	3.22382	3.11036	0.22693	0.0537	0.09354	0.0	0.04591	0.05024	0.36898	0.00693	8.03271	3.25674	0.01646	0.0	0.08835	0.02945	0.0	0.09354	0.01559	0.01299
HG03279								4,7	0.866, 0.872		1.0	0.03633	0.03303	0.61843	0.03385	0.23119	0.00248	1.34833	0.78026	0.4277	0.00908	7.18503	3.34976	0.01899	0.0033	0.06275	0.0033	0.0	0.07596	0.03303	0.01073
HG03280								10,12	0.908, 0.818		1.0	0.02527	0.02211	0.27008	0.03396	0.18795	0.00079	0.07739	0.00632	0.24086	0.0079	0.04343	0.00158	0.00711	0.0	3.4739	2.24275	0.00079	0.14373	1.66232	0.88052
HG03291								1,11	0.951, 0.92		1.0	0.58129	0.55167	0.3402	0.03065	0.19717	0.0	0.19104	0.15018	0.28299	0.00102	0.12361	0.00102	0.01532	0.00102	0.22373	0.00715	1.64377	2.12699	0.04189	0.02043
HG03294	1	1	ESN	AFR	2.0	test	1,1	1,1	0.997	True	1.0	3.38447	2.84393	0.28063	0.03013	0.28628	0.00094	0.16386	0.02072	0.38139	0.00471	0.00471	0.0	0.01224	0.0	0.40022	0.1422	0.0	0.1309	0.03202	0.03578
HG03295	1		ESN	AFR	2.0	train	1,3/6	1,3/6	0.965, 0.93	True	1.0	1.76797	1.53621	0.30672	0.01809	2.46241	1.20622	0.11545	0.01895	0.36962	0.00345	0.0224	0.0	0.03619	0.0	0.3274	0.14819	0.00258	0.10511	0.12321	0.03705
HG03296	1		ESN	AFR	2.0	train	1,3/6	1,3/6	0.969, 0.971	True	1.0	1.64874	1.34715	0.30159	0.03361	2.61164	1.14912	0.05905	0.02816	0.38153	0.00091	0.01998	0.00091	0.04724	0.0	0.27524	0.11991	0.0	0.13353	0.12082	0.01181
HG03297		1	ESN	AFR	2.0	train	1,3/6	1,3/6	0.995, 0.958	True	1.0	1.06891	1.02073	0.30517	0.0257	2.02138	1.12995	0.1044	0.03132	0.2586	0.00241	0.00482	0.0	0.01365	0.0	0.30678	0.03855	0.0008	0.09717	0.05059	0.02971
HG03298	2	1	ESN	AFR	2.0	train	1,2	1,2	0.986, 0.858	True	1.0	2.5459	2.52676	1.21655	1.02823	0.20998	0.00302	0.08157	0.05539	0.39125	0.00201	0.03827	0.0	0.01158	0.0005	0.10574	0.01561	0.00101	0.08308	0.02669	0.02316
HG03299	1	1	ESN	AFR	2.0	train	1,1	1,1	0.997	True	1.0	4.02359	3.96047	0.20022	0.11797	0.2066	0.00191	0.07843	0.08162	0.44444	0.00255	0.044	0.00191	0.01594	0.00064	0.27674	0.05037	0.00128	0.17599	0.05229	0.03188
HG03300	1	1	ESN	AFR	2.0	train	1,1	1,1	0.986	True	1.0	0.79	0.77082	0.45176	0.04449	0.39116	0.00077	0.25617	0.10278	0.48167	0.00077	0.01534	0.00153	0.01994	0.00153	0.07977	0.01611	0.00153	0.14726	0.15953	0.0069
HG03301	11	9	ESN	AFR	2.0	train	11,9	11,9	0.931, 0.93	True	1.0	0.02495	0.02344	0.45216	0.02344	0.19584	0.0	0.11418	0.00756	0.36143	0.00076	0.14064	0.01134	9.13628	4.19045	0.04915	0.00605	1.40791	2.86194	0.06654	0.031
HG03302	1	9	ESN	AFR	2.0	train	1,9	9,9	0.947	False	1.0	0.01694	0.02303	0.18493	0.021	0.34819	0.0	0.14158	0.11177	0.38206	0.00135	0.03048	0.00881	8.21428	3.81585	0.04064	0.00813	0.0	0.06639	0.07587	0.00339
HG03303		2	ESN	AFR	2.0	test	2,3/6	2,3/6	0.875, 0.989	True	1.0	0.03845	0.03242	8.09867	5.41771	1.90969	0.84515	0.1146	0.01206	0.30685	0.00226	0.01809	0.00075	0.01282	0.00302	0.06333	0.0294	0.0	0.07012	0.02865	0.00754
HG03304	1		ESN	AFR	2.0	test	1,3/6	1,3/6	0.989, 0.883	True	1.0	1.43601	1.24459	0.36708	0.13706	2.46004	1.06027	0.12761	0.02284	0.43088	0.00315	0.02363	0.0	0.04017	0.0	0.38204	0.18275	0.00236	0.09925	0.08271	0.01891
HG03305	2		ESN	AFR	2.0	train	2,3/6	2,3/6	0.925, 0.99	True	1.0	0.02415	0.01794	7.66763	5.15315	2.24191	0.97915	0.08211	0.00897	0.42851	0.00276	0.00897	0.00069	0.01863	0.00138	0.069	0.11524	0.0	0.13387	0.07728	0.00207
HG03306	2	2	ESN	AFR	2.0	train	2,2	2,2	0.987	True	1.0	0.01964	0.02818	5.61657	4.18019	0.16482	0.0	0.12724	0.02135	0.28608	0.00256	0.00854	0.00171	0.01708	0.00085	0.08967	0.00171	0.00085	0.08027	0.00939	0.04355
HG03307		2	ESN	AFR	2.0	train	2,3/6	2,3/6	0.908, 0.992	True	1.0	0.02877	0.03535	4.84595	3.35723	1.67039	0.61242	0.08385	0.04275	0.41267	0.00082	0.02055	0.00082	0.05837	0.00082	0.05837	0.00904	0.00082	0.10111	0.05343	0.0074
HG03308	2	2	ESN	AFR	2.0	test	2,2	2,2	0.958	True	1.0	0.02638	0.02226	8.52081	5.97182	0.10057	0.00165	0.04617	0.01566	0.38004	0.00082	0.00907	0.0	0.01896	0.0	0.10305	0.0066	0.0	0.1014	0.00907	0.02968
HG03309	1	2	ESN	AFR	2.0	test	1,2	1,2	0.997, 0.939	True	1.0	1.25558	1.09425	1.68872	1.38885	0.14818	0.00351	0.08943	0.02543	0.33318	0.00263	0.01052	0.00088	0.01929	0.0	0.22709	0.03595	0.0	0.08768	0.01841	0.05524
HG03310	2		ESN	AFR	2.0	train	2,3/6	2,3/6	0.928, 0.992	True	1.0	0.04144	0.03825	1.47591	1.10613	2.03137	0.69094	0.06933	0.0247	0.23669	0.0008	0.01674	0.0	0.02072	0.0008	0.05499	0.01195	0.0008	0.10121	0.01913	0.01674
HG03311	2		ESN	AFR	2.0	train	2,3/6	2,3/6	0.931, 0.994	True	1.0	0.02466	0.02672	1.46686	1.16198	1.99646	0.70226	0.10619	0.02741	0.21582	0.00137	0.0137	0.0	0.01028	0.0	0.05961	0.00959	0.00069	0.05961	0.02055	0.01576
HG03312	1		ESN	AFR	2.0	train	1,3/6	1,3/6	0.999, 0.939	True	1.0	1.63313	1.40625	0.26453	0.05144	2.16035	0.98833	0.1387	0.02572	0.30862	0.00367	0.02204	0.00092	0.01929	0.0	0.27188	0.03582	0.00184	0.15707	0.06797	0.02847
HG03313	1		ESN	AFR	2.0	train	1,3/6	1,3/6	0.946, 0.941	True	1.0	3.35194	3.15972	0.37724	0.04726	2.05281	0.61753	0.12014	0.01041	0.49018	0.00561	0.03124	0.0016	0.03925	0.0008	0.04085	0.14657	0.0	0.13776	0.0865	0.02403
HG03314			ESN	AFR	2.0	train	3/6,3/6	3/6,3/6	0.988	True	1.0	0.02193	0.03206	0.22862	0.03627	3.88311	1.47968	0.07677	0.00422	0.37793	0.0	0.04049	0.00084	0.04893	0.0	0.07339	0.11557	0.00169	0.15354	0.11051	0.00337
HG03342	1	2	ESN	AFR	2.0	train	1,2	1,2	0.987, 0.962	True	1.0	1.68574	1.26414	1.45915	1.19135	0.14008	0.00275	0.12909	0.07553	0.28016	0.00206	0.00206	0.0	0.01511	0.00069	0.15793	0.04326	0.0	0.07485	0.01717	0.02953
HG03343	2	1	ESN	AFR	2.0	test	1,2	1,2	0.996, 0.974	True	1.0	1.42225	1.22344	4.66732	3.50505	0.10764	0.00059	0.13999	0.02117	0.32704	0.00176	0.00765	0.0	0.01059	0.0	0.26939	0.04529	0.00059	0.08117	0.03529	0.05058
HG03344	2	1	ESN	AFR	2.0	test	1,2	1,2	0.997, 0.967	True	1.0	1.38676	1.21622	1.5501	1.23784	0.14732	0.0008	0.12571	0.02562	0.33628	0.0	0.00801	0.0008	0.01681	0.0008	0.25141	0.03123	0.0008	0.08647	0.02562	0.03283
HG03350	4	1	ESN	AFR	2.0	train	1,4	1,4	0.999, 0.954	True	1.0	1.60394	1.36671	0.2868	0.02567	0.20802	0.00177	1.55879	0.77364	0.50809	0.00177	0.00708	0.00089	0.02213	0.0	0.28237	0.02656	0.00089	0.18235	0.0478	0.03718
HG03351	1	4	ESN	AFR	2.0	train	1,4	1,4	0.935, 0.974	True	1.0	0.6504	0.61495	0.44325	0.06719	0.31354	0.00187	1.87656	1.0078	0.59628	0.00093	0.00653	0.00093	0.01493	0.0	0.26875	0.00373	0.0	0.11198	0.04666	0.00747
HG03352		1	ESN	AFR	2.0	train	1,3/6	1,3/6	0.996, 0.943	True	1.0	1.57337	1.36404	0.27396	0.02219	1.51838	0.88556	0.20451	0.02219	0.4177	0.00096	0.03376	0.0	0.00386	0.0	0.33184	0.02315	0.0	0.11094	0.07428	0.03859
HG03354								2,3/6	0.867, 0.97		1.0	0.03924	0.03352	4.42989	3.31159	1.61206	1.86302	0.08256	0.05314	0.29838	0.00327	0.04905	0.00736	0.01308	0.0	0.06622	0.00327	0.00082	0.07848	0.03352	0.03106
HG03363								10,4	0.76, 0.885		1.0	0.06543	0.01972	0.28233	0.05557	0.25545	0.00359	1.80783	0.73945	0.52882	0.00538	0.02151	0.0	0.01793	0.00179	3.73129	2.46124	0.0	0.21959	0.03944	0.03047
HG03366	2		ESN	AFR	2.0	test	2,3/6	2,3/6	0.828, 0.977	True	1.0	0.01859	0.02789	7.90622	5.27908	1.86856	0.6619	0.14874	0.0093	0.43197	0.0031	0.01425	0.00062	0.02541	0.0	0.0626	0.18779	0.0	0.11713	0.07251	0.00558
HG03367	1	12	ESN	AFR	2.0	train	1,12	1,12	0.965, 0.911	True	1.0	2.06893	1.84022	0.20163	0.02934	0.15122	0.00226	0.09179	0.08501	0.50933	0.00075	0.01429	0.0	0.01204	0.00075	0.23774	0.00527	0.0	0.12263	1.5754	0.82682
HG03368		12	ESN	AFR	2.0	train	12,3/6	12,3/6	0.891, 0.984	True	1.0	0.01966	0.03067	0.21393	0.02124	1.95602	0.72436	0.06607	0.01101	0.59538	0.00393	0.02989	0.00157	0.02753	0.0	0.05112	0.15651	0.0	0.22101	1.44244	0.7574
HG03369	11	1	ESN	AFR	2.0	test	1,11	1,11	0.975, 0.827	True	1.0	3.23214	3.10644	0.39272	0.07678	0.15424	0.00136	0.11619	0.03329	0.38593	0.00204	0.05979	0.0	0.01019	0.00068	0.08629	0.02854	1.524	1.86984	0.06591	0.0496
HG03370	11		ESN	AFR	2.0	train	11,3/6	11,3/6	0.913, 0.989	True	1.0	0.02992	0.02165	0.3196	0.02419	2.06913	1.26185	0.07576	0.04329	0.2362	0.00191	0.07258	0.0	0.0121	0.0	0.06494	0.0121	1.0231	1.34143	0.03502	0.01273
HG03371	1		ESN	AFR	2.0	train	1,3/6	1,3/6	0.964, 0.985	True	1.0	2.53091	2.46594	0.2123	0.04353	2.0621	1.25976	0.05827	0.05827	0.31209	0.00067	0.00402	0.00067	0.01406	0.0	0.08773	0.02344	0.00134	0.1614	0.02344	0.00335
HG03372	4	1	ESN	AFR	2.0	train	1,4	1,4	0.999, 0.944	True	1.0	1.57082	1.27735	0.2346	0.03568	0.21051	0.00089	1.02491	0.90895	0.74572	0.00178	0.00714	0.0	0.01962	0.0	0.31131	0.03657	0.00089	0.16145	0.04371	0.05441
HG03373	1	1	ESN	AFR	2.0	test	1,1	1,1	0.997	True	1.0	3.33423	2.93213	0.2319	0.03683	0.31949	0.001	0.11944	0.07365	0.41006	0.00299	0.00896	0.001	0.01692	0.0	0.35333	0.03384	0.0	0.15128	0.09853	0.01592
HG03374	1	1	ESN	AFR	2.0	train	1,1	1,1	0.997	True	1.0	2.84656	2.55445	0.2272	0.02044	0.27768	0.00481	0.12862	0.07693	0.61427	0.0012	0.00601	0.0	0.02284	0.0012	0.35822	0.0601	0.0	0.12862	0.13343	0.06371
HG03376								1,3/6	0.991, 0.928		1.0	1.45843	1.26574	0.41369	0.05023	1.95341	1.04931	0.1726	0.06301	0.31689	0.00274	0.02192	0.0	0.01735	0.00091	0.1452	0.08767	0.00091	0.16803	0.05023	0.03196
HG03378								2,3/6	0.522, 0.995		1.0	0.02171	0.0166	0.46539	0.30196	1.8737	1.20338	0.0632	0.0498	0.21961	0.00064	0.00511	0.0	0.02107	0.00319	0.10087	0.01085	0.0	0.05937	0.01341	0.01596
HG03380								1,1	0.997		1.0	2.44013	2.14465	0.21917	0.06088	0.26138	0.00162	0.24434	0.11202	0.54712	0.00487	0.00568	0.00081	0.01624	0.0	0.44484	0.07306	0.0	0.09092	0.04546	0.04059
HG03382								1,3/6	0.96, 0.934		1.0	2.93504	2.86478	0.40343	0.03249	2.32915	0.79854	0.13825	0.01284	0.44724	0.00453	0.01587	0.00227	0.04533	0.0	0.08386	0.13825	0.0	0.17225	0.08612	0.01889
HG03385								3/6,3/6	0.996		1.0	0.02521	0.03708	0.30181	0.01409	3.92724	1.35258	0.05413	0.02225	0.51241	0.00297	0.02744	0.00074	0.04375	0.0	0.09566	0.08676	0.0	0.10752	0.09047	0.00593
HG03388								1,9	0.978, 0.925		1.0	1.47018	1.23001	0.33326	0.03979	0.22383	0.00071	0.14283	0.0199	0.24017	0.00426	0.10659	0.01634	17.23288	8.80261	0.28707	0.05116	0.00071	0.05116	0.04619	0.02203
HG03391								1,4	0.991, 0.917		1.0	0.94089	0.86646	0.3277	0.05443	0.34214	0.00555	1.11196	1.14196	0.79315	0.00222	0.01	0.00111	0.01111	0.0	0.14997	0.07221	0.00222	0.16107	0.04443	0.02777
HG03394								1,1	0.997		1.0	3.24397	2.87953	0.28208	0.0175	0.28414	0.00206	0.16369	0.0278	0.30782	0.00412	0.00412	0.00103	0.01338	0.00103	0.50137	0.07515	0.00309	0.12766	0.01853	0.07207
HG03397								3/6,3/6	0.997		1.0	0.03748	0.04074	0.3789	0.022	3.46716	1.54576	0.14912	0.06274	0.29986	0.00733	0.02689	0.0	0.06111	0.0163	0.08311	0.01222	0.00244	0.13445	0.06926	0.00407
HG03401								1,1	0.996		1.0	5.13966	4.79888	0.30726	0.09777	0.21136	0.00279	0.10894	0.11266	0.39665	0.00279	0.02048	0.0	0.00838	0.0	0.14618	0.10335	0.00093	0.1648	0.03259	0.03073
HG03410								3/6,3/6	0.997		1.0	0.04514	0.0326	0.39542	0.02508	3.94747	1.78982	0.10533	0.0092	0.3695	0.00502	0.02842	0.00084	0.01588	0.0	0.06103	0.00585	0.00167	0.11704	0.03762	0.00669
HG03419								1,9	0.942, 0.94		1.0	2.43855	2.35489	0.34175	0.09434	0.4349	0.00119	0.11332	0.03916	0.29963	0.00356	0.06527	0.02551	11.37929	3.76818	0.0534	0.02492	0.0	0.08662	0.05993	0.02136
HG03428								1,7	0.976, 0.974		1.0	1.65102	1.43427	0.42303	0.04457	0.2185	0.00524	0.12761	0.11187	0.25958	0.01136	7.29893	3.21989	0.0236	0.00612	0.08041	0.07779	0.0	0.07167	0.02185	0.01398
HG03432								4,4	0.954		1.0	0.0254	0.02467	0.32872	0.03991	0.48981	0.0	0.83595	0.79604	0.52464	0.00073	0.00581	0.00073	0.03411	0.00073	0.1074	0.00798	0.0	0.13134	0.07764	0.01016
HG03433								1,10	0.83, 0.972		1.0	0.98885	0.93599	0.2488	0.04088	0.17902	0.00211	0.1177	0.02326	0.27276	0.00564	0.00493	0.00211	0.01128	0.0	7.1059	5.22194	0.0	0.1459	0.06907	0.04299
HG03436								2,4	0.972, 0.88		1.0	0.04965	0.0245	6.98415	4.89445	0.15603	0.00064	1.6332	0.65767	0.39331	0.00258	0.02901	0.0	0.00645	0.0	0.04513	0.03417	0.00322	0.11799	0.01612	0.02063
HG03437								1,10	0.833, 0.971		1.0	1.75941	1.42991	0.28614	0.04966	0.28378	0.00079	0.1009	0.02365	0.20416	0.00236	0.00473	0.0	0.01419	0.00158	6.21468	4.57272	0.00079	0.18209	0.0268	0.01813
HG03438		9	MSL	AFR	2.0	train	3/6,9	3/6,9	0.973, 0.962	True	1.0	0.02488	0.02413	0.32348	0.02865	2.49512	1.07224	0.07239	0.01357	0.37702	0.00302	0.05203	0.03242	14.59067	7.75982	0.08671	0.05731	0.0	0.12743	0.06108	0.00302
HG03439								3/6,3/6	0.988		1.0	0.05171	0.06416	0.33611	0.02394	3.91749	2.91586	0.17428	0.01053	0.52955	0.00287	0.01628	0.0	0.01341	0.00096	0.0881	0.00575	0.0	0.07756	0.04022	0.02202
HG03442								1,4	0.997, 0.912		1.0	1.32573	1.09303	0.41992	0.14889	0.13997	0.0	1.70641	0.77029	0.52155	0.00267	0.00535	0.00089	0.02318	0.00357	0.2844	0.04458	0.00089	0.12036	0.06687	0.02942
HG03445								1,1	0.997		1.0	3.71466	3.40369	0.23745	0.04479	0.35068	0.00085	0.16055	0.26364	0.37603	0.00507	0.00507	0.0	0.01521	0.00169	0.26449	0.11492	0.00254	0.15041	0.0338	0.02958
HG03446								1,1	0.996		1.0	2.5072	2.13215	0.33084	0.10139	2.52016	0.00076	0.29272	0.03354	0.22717	0.00457	0.0122	0.00152	0.02516	0.0	0.35294	0.04498	0.00152	0.10672	0.03659	0.06708
HG03449								1,3/6	0.999, 0.941		1.0	1.84868	1.55688	0.28631	0.02195	2.15329	0.81595	0.14087	0.04299	0.35034	0.0	0.01555	0.00274	0.02195	0.00183	0.33571	0.04757	0.00183	0.10977	0.02378	0.02195
HG03451	1		MSL	AFR	2.0	train	1,3/6	1,3/6	0.995, 0.968	True	1.0	1.39206	1.14622	0.25915	0.01722	1.91585	1.11569	0.11666	0.04854	0.30378	0.00157	0.0094	0.00078	0.02505	0.0	0.22627	0.03132	0.0	0.11979	0.03758	0.02897
HG03452	1	9	MSL	AFR	2.0	train	1,9	1,9	0.973, 0.959	True	1.0	2.15803	1.66185	0.43432	0.0469	0.34393	0.01767	0.22634	0.01155	0.20731	0.00272	0.04894	0.01971	9.17927	4.46151	0.11283	0.05641	0.0	0.06933	0.06729	0.01359
HG03453	9		MSL	AFR	2.0	train	3/6,9	3/6,9	0.98, 0.969	True	1.0	0.0296	0.02732	0.22466	0.03112	1.90431	1.07169	0.0592	0.04099	0.23984	0.00228	0.03871	0.01138	8.69272	4.00367	0.05996	0.00531	0.0	0.08577	0.04099	0.00228
HG03454	11	1	MSL	AFR	2.0	test	1,11	1,11	0.979, 0.88	True	1.0	1.39072	1.16273	0.26043	0.02894	0.20256	0.00175	0.10873	0.12978	0.28761	0.00175	0.10698	0.0	0.01403	0.00175	0.13065	0.057	3.09535	0.59627	0.06577	0.02104
HG03455	11	12	MSL	AFR	2.0	train	11,12	11,12	0.919, 0.92	True	1.0	0.02169	0.02893	0.39693	0.03375	0.0691	0.0	0.08357	0.01446	0.2965	0.00241	0.13178	0.0008	0.01848	0.00241	0.05062	0.00562	3.05735	0.58094	1.73638	0.82922
HG03456	12	1	MSL	AFR	2.0	train	1,12	1,12	0.99, 0.942	True	1.0	1.48202	1.25173	0.23539	0.03994	0.25833	0.0034	0.11132	0.14531	0.33736	0.00595	0.04334	0.0017	0.02549	0.00085	0.12407	0.07478	0.0	0.20565	1.75055	0.87443
HG03457								1,1	0.997		1.0	3.24855	2.76653	0.40377	0.05195	0.31039	0.00263	0.17492	0.11442	0.3288	0.00263	0.02302	0.00197	0.01907	0.00197	0.40508	0.1381	0.00197	0.15782	0.04274	0.04998
HG03458								9,9	0.95		1.0	0.01294	0.02049	0.25453	0.15962	0.37263	0.00054	0.1181	0.42062	0.26154	0.00377	0.16825	0.01726	19.77351	10.62554	0.09814	0.00971	0.0	0.06525	0.03613	0.00054
HG03460								1,1	0.995		1.0	1.5527	1.26895	0.45476	0.21641	0.20203	0.0	0.18614	0.01892	0.4086	0.00151	0.00605	0.00151	0.01438	0.0	0.19901	0.01816	0.00227	0.08248	0.02875	0.04691
HG03461								1,2	0.973, 0.926		1.0	1.83156	1.59148	8.77367	5.69293	0.16031	0.0	0.1394	0.09603	0.3121	0.00077	0.01084	0.00077	0.01781	0.00077	0.23156	0.05034	0.00155	0.15566	0.03408	0.00387
HG03464								1,3/6	0.961, 0.803		1.0	2.62508	2.17268	0.41221	0.05655	1.27385	1.28426	0.23215	0.06994	0.56103	0.00149	0.01042	0.00149	0.02679	0.00149	0.39585	0.06845	0.0	0.12947	0.06548	0.05953
HG03469	1	9	MSL	AFR	2.0	train	1,9	1,9	0.986, 0.965	True	1.0	2.86287	2.8647	0.55977	0.08598	0.17195	0.00091	0.13537	0.02287	0.45367	0.00274	0.05762	0.04848	16.5717	9.2938	0.11159	0.03659	0.0	0.12256	0.00823	0.03293
HG03470	4		MSL	AFR	2.0	train	3/6,4	3/6,4	0.775, 0.974	True	1.0	0.0204	0.02167	0.35761	0.01849	2.30499	0.95043	0.22693	0.58772	0.40286	0.00191	0.01275	0.00127	0.04398	0.00064	0.06948	0.07713	0.00064	0.1753	0.06629	0.00765
HG03472								3/6,4	0.585, 0.993		1.0	0.03628	0.04435	0.27414	0.01693	1.5118	0.7047	0.22979	0.43782	0.43943	0.00242	0.00726	0.00161	0.02016	0.0	0.09514	0.00806	0.0	0.15158	0.05644	0.00242
HG03473								2,7	0.954, 0.927		1.0	0.02684	0.03976	1.97113	1.59738	0.11034	0.00099	0.11431	0.00994	0.23161	0.01988	4.0705	2.69677	0.02087	0.0	0.03877	0.00895	0.00199	0.02584	0.00895	0.02386
HG03476								1,3/6	0.952, 0.985		1.0	1.09281	1.06087	0.2322	0.04057	2.48343	1.10231	0.11653	0.05352	0.47217	0.00345	0.01985	0.00086	0.04748	0.0	0.14502	0.16056	0.0	0.11653	0.15624	0.00259
HG03478	2	9	MSL	AFR	2.0	train	2,9	2,9	0.985, 0.952	True	1.0	0.0266	0.02926	1.59028	1.25107	0.13369	0.00067	0.0838	0.00998	0.23345	0.002	0.04855	0.01264	14.51803	7.72127	0.05786	0.01397	0.0	0.01862	0.00599	0.0133
HG03479		2	MSL	AFR	2.0	train	2,3/6	2,3/6	0.984, 0.982	True	1.0	0.01639	0.02091	6.84252	4.04526	1.33335	0.81448	0.09043	0.04239	0.32726	0.00339	0.00791	0.00057	0.03617	0.00057	0.05426	0.02713	0.0	0.08309	0.03391	0.03843
HG03480	2	9	MSL	AFR	2.0	test	2,9	2,9	0.957, 0.908	True	1.0	0.02397	0.02191	7.3227	4.22353	0.16639	0.00137	0.10545	0.01301	0.3143	0.00137	0.03355	0.02123	13.01022	7.11043	0.0493	0.02191	0.0	0.07121	0.01986	0.03698
HG03484	1	2	MSL	AFR	2.0	train	1,2	2,2	0.959	False	1.0	0.02299	0.02225	1.36109	1.06366	0.31747	0.0	0.21733	0.13203	0.2878	0.00223	0.00742	0.0	0.0267	0.00074	0.09939	0.00964	0.00074	0.06527	0.06453	0.02225
HG03485	2	1	MSL	AFR	2.0	test	1,2	1,2	0.975, 0.856	True	1.0	1.84479	1.41376	8.3386	5.18573	0.23466	0.00166	0.12981	0.0258	0.30372	0.0	0.0258	0.00166	0.0208	0.00582	0.17807	0.02163	0.00166	0.10401	0.0208	0.01831
HG03486	1	2	MSL	AFR	2.0	train	1,2	1,2	0.996, 0.937	True	1.0	1.66566	1.2784	1.49844	1.12731	0.33005	0.00147	0.12029	0.02127	0.2061	0.00367	0.00587	0.00073	0.01394	0.0	0.1885	0.01467	0.00073	0.11222	0.0176	0.03447
HG03487	2	2	PJL	SAS	2.0	train	2,2	2,2	0.994	True	1.0	0.01487	0.01377	10.06889	7.2956	0.16741	0.0	0.20871	0.00771	0.15915	0.0011	0.01927	0.0022	0.01707	0.0	0.05672	0.02698	0.0	0.12721	0.00661	0.00936
HG03488		1	PJL	SAS	2.0	train	1,3/6	1,3/6	0.964, 0.987	True	1.0	3.94356	3.68543	0.20026	0.03655	0.89471	0.56576	0.10432	0.0198	0.36626	0.00152	0.00457	0.0	0.01294	0.0	0.1028	0.01447	0.0	0.08528	0.0929	0.00914
HG03489	1	2	PJL	SAS	2.0	train	1,2	1,2	0.975, 0.973	True	1.0	3.14371	2.94209	3.31874	2.55492	0.0971	0.00247	0.19977	0.01917	0.33707	0.00186	0.00804	0.0	0.01608	0.0	0.06741	0.02412	0.00062	0.11318	0.02969	0.00804
HG03490	1	1	PJL	SAS	2.0	test	1,1	1,1	0.972	True	1.0	7.42506	7.20647	0.22201	0.07972	0.15772	0.00171	0.07629	0.03515	0.18087	0.00429	0.00514	0.00086	0.01114	0.0	0.09172	0.04286	0.0	0.11572	0.11744	0.03686
HG03491	1		PJL	SAS	2.0	test	1,3/6	1,3/6	0.96, 0.989	True	1.0	3.39775	3.25876	0.28572	0.03861	1.52127	0.80942	0.07512	0.0365	0.35101	0.00351	0.02036	0.0014	0.00983	0.0007	0.07371	0.01474	0.0	0.12355	0.04984	0.01123
HG03492		1	PJL	SAS	2.0	train	1,3/6	1,3/6	0.949, 0.982	True	1.0	3.42022	3.3089	0.28002	0.04453	1.73751	0.9788	0.08221	0.04196	0.15585	0.00257	0.01798	0.00086	0.02569	0.00171	0.07022	0.01884	0.00257	0.24234	0.07621	0.02141
HG03499								1,2	0.997, 0.9		1.0	1.41546	1.19313	1.65189	1.17843	0.1666	0.00796	0.17027	0.02021	0.29155	0.00245	0.0049	0.0	0.01164	0.0	0.39812	0.05696	0.00061	0.0637	0.02205	0.04716
HG03511								3/6,3/6	0.977		1.0	0.03158	0.02987	0.47619	0.14251	1.97387	0.45058	0.14763	0.00768	0.46851	0.00085	0.00256	0.00085	0.00597	0.0	0.03414	0.00512	0.0	0.05718	0.0384	0.0128
HG03514	1	4	ESN	AFR	2.0	train	1,4	1,4	0.997, 0.923	True	1.0	0.74283	0.67359	0.3996	0.03462	0.23838	0.0	2.21563	0.92977	0.57171	0.00198	0.00396	0.00198	0.0277	0.0	0.2087	0.07122	0.00198	0.17409	0.01286	0.03165
HG03515		1	ESN	AFR	2.0	train	1,3/6	1,3/6	0.978, 0.977	True	1.0	1.70643	1.43673	0.28195	0.04005	1.97939	0.87446	0.10788	0.0188	0.28931	0.00163	0.0188	0.00082	0.01308	0.0	0.23537	0.01635	0.00245	0.10461	0.05312	0.01389
HG03516	4	1	ESN	AFR	2.0	train	1,4	1,4	0.999, 0.947	True	1.0	1.85487	1.52839	0.23962	0.01909	0.2358	0.00095	1.96275	0.79522	0.53365	0.00382	0.00286	0.00095	0.01909	0.0	0.22816	0.03341	0.00095	0.22148	0.03532	0.01527
HG03517	1	1	ESN	AFR	2.0	train	1,1	1,1	0.997	True	1.0	5.10554	4.83827	0.26955	0.07082	0.11269	0.00152	0.12945	0.02589	0.49418	0.00228	0.01066	0.00152	0.01371	0.0	0.2292	0.06015	0.00076	0.12945	0.03807	0.01599
HG03518	2	1	ESN	AFR	2.0	train	1,2	1,2	0.941, 0.95	True	1.0	0.70679	0.51046	10.24453	7.06692	0.14725	0.00098	0.13939	0.00982	0.4064	0.0	0.01374	0.00098	0.02258	0.0	0.27584	0.06479	0.00196	0.10602	0.04123	0.06086
HG03519	1	1	ESN	AFR	2.0	train	1,1	1,1	0.997	True	1.0	3.25693	2.75509	0.25719	0.18192	0.22708	0.00125	0.13173	0.00753	0.55704	0.00376	0.02133	0.00125	0.01882	0.0	0.5332	0.07026	0.00251	0.20701	0.03764	0.04893
HG03520	2		ESN	AFR	2.0	train	2,3/6	2,3/6	0.909, 0.992	True	1.0	0.02631	0.0314	5.11978	3.59649	1.56148	0.54058	0.04922	0.03479	0.37934	0.00085	0.02376	0.0	0.05686	0.00085	0.07298	0.01188	0.0	0.06365	0.04243	0.00509
HG03521	1	2	ESN	AFR	2.0	train	1,2	2,2	0.959	False	1.0	0.01756	0.02297	1.4043	1.08143	0.33976	0.0	0.18305	0.1405	0.34787	0.00203	0.00878	0.00135	0.02297	0.0	0.07092	0.00878	0.0	0.06552	0.04863	0.02297
HG03522		2	ESN	AFR	2.0	train	2,3/6	2,3/6	0.958, 0.984	True	1.0	0.02536	0.02615	1.6981	1.25674	1.53407	0.49208	0.05626	0.03407	0.40095	0.00079	0.01823	0.00079	0.04358	0.0	0.03249	0.00396	0.00079	0.08796	0.04358	0.01268
HG03538		2	GWD	AFR	2.0	train	2,3/6	2,3/6	0.894, 0.994	True	1.0	0.02782	0.02318	1.52886	1.06848	1.76932	0.77437	0.08876	0.01656	0.35373	0.00066	0.01921	0.00066	0.03511	0.0	0.06558	0.10267	0.00066	0.06558	0.05962	0.01391
HG03539	7		GWD	AFR	2.0	train	3/6,7	3/6,7	0.983, 0.955	True	1.0	0.03074	0.04099	0.33578	0.06069	1.43457	0.54939	0.07725	0.06936	0.24277	0.00394	8.98894	3.71728	0.0134	0.0	0.05202	0.00473	0.0	0.04099	0.01655	0.00158
HG03540		2	GWD	AFR	2.0	test	2,3/6	2,3/6	0.926, 0.992	True	1.0	0.0358	0.02721	1.64026	1.31235	1.47917	0.6014	0.06014	0.0358	0.2649	0.00215	0.00788	0.0	0.02076	0.00215	0.05656	0.00501	0.00143	0.09021	0.02291	0.01504
HG03547								3/6,4	0.92, 0.937		1.0	0.05168	0.05256	0.38717	0.14628	2.20653	0.78573	1.32182	0.56149	0.61842	0.00088	0.0035	0.0	0.01577	0.00088	0.06657	0.00263	0.00088	0.14891	0.02715	0.00964
HG03548								1,9	0.993, 0.928		1.0	1.5211	1.38948	0.37211	0.04948	0.28106	0.00099	0.09105	0.04651	0.40774	0.00297	0.02375	0.01682	11.5028	4.33767	0.22267	0.05641	0.0	0.03959	0.07027	0.04552
HG03556								1,2	0.903, 0.862		1.0	0.59147	0.54089	12.09872	8.08027	0.2209	0.00206	0.13109	0.00723	0.44179	0.00103	0.00723	0.0	0.01961	0.00206	0.11148	0.05161	0.0	0.11045	0.05884	0.02374
HG03557								3/6,4	0.665, 0.996		1.0	0.03291	0.03038	0.33353	0.01582	1.78535	0.77654	0.14746	0.54301	0.44808	0.00127	0.01456	0.00127	0.00949	0.0	0.08291	0.00886	0.0	0.10443	0.04557	0.00316
HG03558								2,4	0.948, 0.952		1.0	0.03334	0.02018	10.11179	6.5581	0.15706	0.0	0.85025	0.68617	0.57737	0.0	0.00439	0.0	0.01053	0.00088	0.09915	0.01316	0.0	0.15706	0.02983	0.00965
HG03559								1,2	0.985, 0.93		1.0	1.28325	1.15777	1.51033	1.17163	0.24248	0.00154	0.10854	0.07775	0.25788	0.00308	0.00385	0.00077	0.02001	0.0	0.10161	0.07236	0.00077	0.0662	0.02001	0.03233
HG03563								4,4	0.963		1.0	0.01351	0.01986	0.46079	0.03734	0.30587	0.00397	3.03168	1.53808	0.69833	0.00238	0.00477	0.00238	0.02304	0.00159	0.11122	0.00556	0.0	0.20736	0.02542	0.01112
HG03565								1,3/6	0.959, 0.951		1.0	0.96729	0.92197	0.25351	0.02691	2.75598	1.9374	0.16428	0.13454	0.7067	0.00425	0.00566	0.0	0.00991	0.0	0.3144	0.03399	0.0	0.07223	0.02691	0.0085
HG03567								1,1	0.997		1.0	2.76195	2.52999	0.23527	0.10852	0.62463	0.00249	0.20131	0.05882	0.46309	0.00331	0.00497	0.00083	0.00828	0.0	0.28249	0.04805	0.0	0.10687	0.0961	0.06296
HG03571								1,3/6	0.983, 0.96		1.0	1.69094	1.30423	0.27601	0.03185	2.50381	0.79467	0.09706	0.01289	0.42994	0.00379	0.01441	0.00227	0.02047	0.0	0.28738	0.1653	0.00152	0.10009	0.09706	0.02123
HG03572								3/6,3/6	0.991		1.0	0.02175	0.02475	0.37432	0.02926	3.56245	1.31201	0.04951	0.0075	0.44034	0.00075	0.00975	0.00075	0.03751	0.0	0.05176	0.07351	0.00075	0.11702	0.06001	0.00225
HG03574	12	1	MSL	AFR	2.0	test	1,12	1,12	0.983, 0.82	True	1.0	0.61653	0.55862	0.31678	0.23049	0.27477	0.00227	0.07948	0.01362	0.59609	0.00454	0.02271	0.0	0.02271	0.0	0.09878	0.03974	0.00341	0.20778	2.04601	0.97191
HG03575	7	1	MSL	AFR	2.0	train	1,7	1,7	0.997, 0.937	True	1.0	1.94099	1.81977	0.29037	0.12263	0.31857	0.00141	0.1029	0.01128	0.56383	0.00705	5.63269	2.93898	0.00987	0.00282	0.35099	0.03383	0.00282	0.05356	0.02678	0.03101
HG03576	1	1	MSL	AFR	2.0	train	1,1	1,1	0.997	True	1.0	2.81427	2.57399	0.20225	0.06915	0.45118	0.00519	0.08125	0.01383	0.60158	0.00173	0.0121	0.00519	0.02247	0.0	0.43562	0.06223	0.00173	0.18842	0.05013	0.02939
HG03577	9		MSL	AFR	2.0	train	3/6,9	3/6,9	0.983, 0.963	True	1.0	0.02723	0.02866	0.32457	0.02078	1.93526	1.06471	0.13327	0.02579	0.22211	0.0	0.02794	0.0086	6.18766	2.34223	0.08956	0.00716	0.00143	0.05804	0.07308	0.00287
HG03578	1	7	MSL	AFR	2.0	train	1,7	1,7	0.987, 0.959	True	1.0	1.4286	1.28127	0.37696	0.02947	0.1707	0.0	0.11685	0.07214	0.29466	0.00711	10.53161	2.57575	0.01321	0.00203	0.25605	0.04268	0.0	0.05995	0.02642	0.03048
HG03579	7		MSL	AFR	2.0	train	3/6,7	3/6,7	0.972, 0.905	True	1.0	0.01592	0.02654	0.23427	0.02426	1.93105	1.12967	0.06444	0.04852	0.16604	0.00531	7.74013	1.94242	0.01971	0.0	0.09022	0.00986	0.00076	0.09022	0.02957	0.00303
HG03582	1	1	MSL	AFR	2.0	train	1,1	1,1	0.99	True	1.0	5.10142	4.76212	0.19877	0.06287	0.16549	0.00185	0.10909	0.10632	0.50663	0.00462	0.00462	0.00092	0.01387	0.0	0.12111	0.0906	0.00092	0.26718	0.03513	0.02774
HG03583	4	1	MSL	AFR	2.0	train	1,4	1,4	0.999, 0.748	True	1.0	1.16802	1.02499	0.29487	0.01501	0.35138	0.00088	0.24014	0.74601	0.49705	0.00088	0.00971	0.0	0.01413	0.0	0.2472	0.03885	0.00088	0.10506	0.04061	0.02649
HG03584	1	1	MSL	AFR	2.0	train	1,1	1,1	0.997	True	1.0	3.39089	2.99583	0.24748	0.02725	0.319	0.00227	0.13396	0.16688	0.45295	0.00114	0.00341	0.0	0.01589	0.00114	0.29629	0.13509	0.00227	0.19412	0.03519	0.04654
HG03585								3/6,3/6	0.997		1.0	0.02351	0.03164	0.21969	0.03887	2.45003	1.1328	0.06781	0.00994	0.2658	0.00181	0.00452	0.00181	0.00904	0.0	0.08317	0.00362	0.0	0.10126	0.07233	0.00362
HG03589								3/6,4	0.961, 0.991		1.0	0.0409	0.04712	0.47391	0.03379	1.14166	0.78067	1.2448	0.73265	0.48369	0.00178	0.01067	0.00089	0.02312	0.0	0.07647	0.008	0.0	0.20361	0.0658	0.00622
HG03593								2,2	0.982		1.0	0.02819	0.02161	6.76576	3.96681	0.1259	0.0	0.17664	0.01034	0.32978	0.00376	0.04604	0.0	0.0094	0.00094	0.06107	0.02631	0.00094	0.07047	0.09583	0.01879
HG03594		4	BEB	SAS	2.0	train	3/6,4	3/6,4	0.883, 0.955	True	1.0	0.03007	0.02313	0.61058	0.02775	1.59276	0.96213	1.35762	0.86268	0.38624	0.00308	0.02775	0.00154	0.02082	0.00077	0.05782	0.01002	0.00077	0.25672	0.03469	0.01234
HG03595		2	BEB	SAS	2.0	train	2,3/6	2,3/6	0.984, 0.992	True	1.0	0.02932	0.02587	9.48603	6.65827	0.92112	0.45366	0.14375	0.01035	0.22252	0.00172	0.00402	0.0	0.01322	0.00057	0.0667	0.03105	0.0	0.10752	0.05347	0.0161
HG03596	2	4	BEB	SAS	2.0	train	2,4	2,4	0.985, 0.944	True	1.0	0.01636	0.01811	8.59088	5.90879	0.16244	0.0	1.17568	0.68016	0.31379	0.00175	0.00409	0.00175	0.01695	0.0	0.05084	0.0298	0.00058	0.19458	0.01753	0.01344
HG03598								2,3/6	0.962, 0.937		1.0	0.02382	0.01654	6.52644	4.31325	1.54361	0.50549	0.24679	0.03441	0.25936	0.00331	0.02779	0.0	0.0397	0.0	0.04168	0.00595	0.00265	0.29377	0.01786	0.02183
HG03600								2,3/6	0.946, 0.967		1.0	0.02156	0.02488	10.33176	7.02994	1.34776	0.89906	0.11777	0.00912	0.23555	0.00664	0.00581	0.00083	0.01576	0.0	0.09206	0.03235	0.00083	0.14514	0.07133	0.02654
HG03603								2,2	0.995		1.0	0.01738	0.01823	12.35475	8.5471	0.16236	0.00042	0.15516	0.00933	0.22892	0.0017	0.02332	0.00085	0.01738	0.00042	0.03222	0.0212	0.00212	0.08309	0.02289	0.02671
HG03604								3/6,3/6	0.997		1.0	0.0458	0.03716	0.31284	0.0242	2.73781	1.51841	0.07864	0.01123	0.38457	0.00086	0.02161	0.0	0.01469	0.00086	0.13395	0.00691	0.0	0.11494	0.04494	0.00605
HG03605		2	BEB	SAS	2.0	train	2,3/6	2,3/6	0.951, 0.986	True	1.0	0.03348	0.0287	11.01236	7.51694	0.62654	0.40574	0.11558	0.01196	0.20247	0.00478	0.00877	0.00159	0.02152	0.0	0.07732	0.03109	0.00239	0.13392	0.05341	0.01515
HG03606		2	BEB	SAS	2.0	test	2,3/6	2,3/6	0.987, 0.981	True	1.0	0.02421	0.02603	10.42889	6.99416	0.8263	0.3959	0.09201	0.01271	0.15255	0.00182	0.00847	0.0	0.01695	0.00061	0.07143	0.02664	0.00182	0.16405	0.01816	0.01453
HG03607	1		BEB	SAS	2.0	train	1,3/6	1,3/6	0.967, 0.925	True	1.0	4.10231	3.94597	0.5378	0.07713	0.93073	0.55656	0.20949	0.01563	0.29183	0.00208	0.01042	0.00104	0.02189	0.0	0.11673	0.05837	0.00104	0.17823	0.08651	0.01355
HG03611								2,2	0.997		1.0	0.01523	0.01039	10.12219	6.97848	0.14285	0.00024	0.20473	0.01039	0.20932	0.00097	0.02393	0.00145	0.02707	0.00097	0.04037	0.02127	0.00048	0.11868	0.02175	0.0278
HG03615			BEB	SAS	2.0	test	3/6,3/6	3/6,4	0.519, 0.978	False	1.0	0.02365	0.02429	0.31636	0.02045	1.86621	0.96953	1.11014	0.19301	0.40648	0.00064	0.02684	0.00064	0.01406	0.0	0.0588	0.00383	0.0	0.17895	0.06583	0.00703
HG03616			BEB	SAS	2.0	test	3/6,3/6	3/6,3/6	0.997	True	1.0	0.02338	0.02608	0.33725	0.03328	2.7133	1.44074	0.08993	0.02248	0.34085	0.0045	0.01439	0.0	0.01079	0.0	0.07554	0.01169	0.0	0.12591	0.06475	0.0018
HG03617			BEB	SAS	2.0	train	3/6,3/6	3/6,3/6	0.984	True	1.0	0.03222	0.02547	0.32741	0.02023	1.62656	0.73424	1.10435	0.20828	0.34689	0.0045	0.03446	0.00075	0.01349	0.0	0.07867	0.00599	0.0015	0.23001	0.04645	0.00674
HG03618	2		PJL	SAS	2.0	train	2,3/6	2,3/6	0.993, 0.993	True	1.0	0.02253	0.02928	4.46333	3.45263	0.91459	0.53013	0.10813	0.01277	0.21701	0.0015	0.02328	0.0	0.01727	0.00075	0.03679	0.00526	0.0015	0.17421	0.04205	0.01126
HG03619	1		PJL	SAS	2.0	train	1,3/6	1,3/6	0.97, 0.949	True	1.0	4.07513	3.94787	0.5038	0.0746	1.00233	0.52662	0.19924	0.01053	0.40111	0.00088	0.00527	0.00088	0.02633	0.00088	0.09128	0.02545	0.00088	0.244	0.05178	0.00965
HG03620			PJL	SAS	2.0	train	3/6,3/6	3/6,3/6	0.996	True	1.0	0.03434	0.02683	0.17601	0.06332	2.28385	1.52722	0.10196	0.00751	0.26724	0.00215	0.00751	0.0	0.01073	0.0	0.07513	0.00215	0.00215	0.16743	0.06547	0.00215
HG03624			PJL	SAS	2.0	test	3/6,3/6	3/6,3/6	0.996	True	1.0	0.03453	0.03173	0.17079	0.0168	2.79989	1.43728	0.0784	0.0056	0.24732	0.0056	0.00373	0.0	0.01307	0.0	0.10546	0.00933	0.00093	0.11573	0.09333	0.0028
HG03625	2	4	PJL	SAS	2.0	train	2,4	2,4	0.994, 0.932	True	1.0	0.02104	0.02412	7.98025	5.78347	0.15911	0.00205	0.91669	0.5379	0.42242	0.00154	0.01591	0.0	0.01181	0.0	0.04157	0.02772	0.0	0.1006	0.02104	0.03901
HG03626	4		PJL	SAS	2.0	train	3/6,4	3/6,4	0.983, 0.991	True	1.0	0.03402	0.04207	0.38135	0.03939	1.69372	0.66692	1.14675	0.72511	0.53712	0.00179	0.01074	0.0	0.02775	0.0	0.07878	0.00985	0.0	0.25871	0.05819	0.00627
HG03629								3/6,3/6	0.996		1.0	0.03686	0.03924	0.25565	0.02021	2.22238	1.16767	0.09037	0.00595	0.32818	0.00476	0.00238	0.00119	0.01665	0.0	0.13318	0.00476	0.00238	0.10939	0.14507	0.00238
HG03631								3/6,5	0.966, 0.95		1.0	0.03168	0.02888	0.50314	0.04286	1.84391	0.62799	0.13697	0.07268	5.97153	2.52036	0.31306	0.01211	0.08013	0.00093	0.09038	0.00652	0.00186	0.13044	0.09876	0.00839
HG03633	2	1	PJL	SAS	2.0	train	1,2	1,2	0.949, 0.895	True	1.0	3.50467	3.36166	3.71378	2.19789	0.1767	0.00064	0.13284	0.00953	0.45318	0.00064	0.04576	0.00064	0.01271	0.00064	0.07881	0.02097	0.00127	0.14364	0.07119	0.01271
HG03634	4	5	PJL	SAS	2.0	train	4,5	4,5	1.0, 0.926	True	1.0	0.01683	0.01574	0.30183	0.02931	0.22963	0.00054	1.52435	1.07323	6.0887	2.19532	0.7182	0.00271	0.11346	0.00054	0.10206	0.00706	0.0	0.10369	0.08794	0.00869
HG03635	5	1	PJL	SAS	2.0	train	1,5	1,5	0.96, 0.992	True	1.0	3.1227	2.97987	0.16555	0.04662	0.23488	0.00179	0.1016	0.01255	6.34701	2.29855	0.74347	0.00717	0.11056	0.0	0.14284	0.00837	0.0006	0.1004	0.10817	0.00359
HG03636								3/6,3/6	0.997		1.0	0.04801	0.0277	0.65641	0.02954	2.7318	1.51407	0.15695	0.02031	0.30466	0.00462	0.01662	0.00369	0.02308	0.0	0.07293	0.00462	0.00369	0.27512	0.04708	0.00739
HG03639		5	PJL	SAS	2.0	train	3/6,5	3/6,5	0.99, 0.964	True	1.0	0.03267	0.042	0.2408	0.05507	0.81293	0.71773	0.11107	0.014	6.00413	2.59186	0.52547	0.00187	0.23707	0.0	0.14187	0.0084	0.0	0.06533	0.1932	0.0028
HG03640	2	2	PJL	SAS	2.0	test	2,2	2,2	0.995	True	1.0	0.01944	0.02138	12.30513	8.41357	0.21447	0.0	0.24946	0.00778	0.14514	0.00259	0.01814	0.00065	0.02916	0.0013	0.05119	0.04536	0.0013	0.22095	0.06674	0.0324
HG03641	2	5	PJL	SAS	2.0	train	2,5	2,5	0.964, 1.0	True	1.0	0.01409	0.02395	7.90953	5.23005	0.13313	0.0	0.11904	0.00704	4.11219	1.81308	0.35642	0.0007	0.1599	0.0	0.07607	0.02677	0.0	0.05565	0.10284	0.00352
HG03642	1		STU	SAS	2.0	train	1,3/6	1,3/6	0.948, 0.987	True	1.0	3.16202	3.0518	0.2236	0.04054	1.56644	1.00777	0.08551	0.01077	0.27237	0.00253	0.0152	0.0	0.00697	0.0	0.08931	0.0247	0.0	0.10958	0.05701	0.0114
HG03643								2,3/6	0.95, 0.983		1.0	0.0331	0.01756	8.98252	5.93385	1.33079	0.737	0.13375	0.02635	0.22225	0.00203	0.02094	0.0	0.01081	0.0	0.05202	0.02837	0.00068	0.08241	0.01891	0.00135
HG03644								1,2	0.95, 0.966		1.0	2.48144	2.38112	8.5776	5.68065	0.14368	0.00065	0.21811	0.01942	0.29966	0.00518	0.01747	0.00129	0.02006	0.00129	0.06472	0.02912	0.00065	0.18834	0.04336	0.03366
HG03645								2,3/6	0.996, 0.947		1.0	0.02603	0.02413	10.88776	7.20263	0.82096	0.65906	0.20191	0.0381	0.23111	0.0019	0.02794	0.00063	0.02349	0.0	0.03873	0.04	0.00063	0.17461	0.05841	0.02032
HG03646								3/6,4	0.953, 0.974		1.0	0.02853	0.0302	0.54536	0.03608	1.65201	0.9355	1.04709	0.69051	0.55543	0.00252	0.01007	0.00252	0.03188	0.0	0.0537	0.02937	0.00084	0.22989	0.03356	0.00587
HG03649	1		PJL	SAS	2.0	train	1,3/6	1,3/6	0.94, 0.991	True	1.0	2.7446	2.49969	0.31348	0.04817	1.36822	0.61472	0.07837	0.02204	0.39022	0.00163	0.01714	0.0	0.01143	0.0	0.14694	0.01225	0.0	0.11837	0.04	0.00735
HG03650			PJL	SAS	2.0	train	3/6,3/6	3/6,3/6	0.997	True	1.0	0.04378	0.03152	0.35285	0.03502	3.06355	1.42452	0.05954	0.02014	0.25654	0.00525	0.01926	0.00088	0.02802	0.00088	0.0788	0.01226	0.00438	0.21976	0.02276	0.00438
HG03651			PJL	SAS	2.0	test	3/6,3/6	3/6,3/6	0.997	True	1.0	0.03218	0.0285	0.45505	0.03401	3.13109	1.36974	0.11031	0.01195	0.34381	0.00552	0.02482	0.0	0.04964	0.0	0.10664	0.00827	0.00092	0.34565	0.02298	0.01195
HG03652			PJL	SAS	2.0	train	3/6,3/6	3/6,3/6	0.997	True	1.0	0.03722	0.03722	0.22566	0.03877	2.3427	1.85027	0.0791	0.0349	0.13803	0.0031	0.00388	0.00078	0.01241	0.0	0.06436	0.0062	0.0	0.09771	0.09306	0.00388
HG03653		4	PJL	SAS	2.0	train	3/6,4	3/6,4	0.916, 0.992	True	1.0	0.03311	0.02824	0.49087	0.03409	1.6791	1.24082	1.85344	0.63892	0.48113	0.00584	0.02532	0.0	0.02435	0.0	0.12077	0.00584	0.00097	0.18116	0.02922	0.00584
HG03654	4		PJL	SAS	2.0	train	3/6,4	3/6,4	0.91, 0.992	True	1.0	0.0236	0.02737	0.48425	0.04248	1.62359	1.19693	1.95397	0.61168	0.42666	0.00378	0.03021	0.0	0.03021	0.00189	0.07835	0.01038	0.0	0.22938	0.04342	0.00472
HG03660								2,3/6	0.996, 0.98		1.0	0.01151	0.01775	7.66087	5.03593	1.24147	0.73587	0.10506	0.02399	0.23793	0.00336	0.0379	0.0	0.02974	0.0	0.04509	0.03454	0.00096	0.0969	0.04317	0.01391
HG03663								2,3/6	0.974, 0.994		1.0	0.02748	0.03945	7.24728	5.07175	0.96236	0.41777	0.13527	0.00916	0.2029	0.00282	0.00141	0.0007	0.01057	0.0	0.03875	0.02043	0.0	0.06129	0.12399	0.03382
HG03667	2		PJL	SAS	2.0	train	2,3/6	2,3/6	0.964, 0.994	True	1.0	0.02208	0.03037	5.4492	4.13659	0.92752	0.39613	0.13043	0.00552	0.17529	0.00069	0.00345	0.0	0.01242	0.00069	0.10973	0.00621	0.00138	0.05728	0.04417	0.00552
HG03668		1	PJL	SAS	2.0	test	1,3/6	1,3/6	0.957, 0.993	True	1.0	4.20714	4.01819	0.32304	0.09066	1.44454	0.67351	0.09295	0.02133	0.3619	0.0	0.03124	0.0	0.01524	0.0	0.07466	0.01981	0.00152	0.14552	0.07619	0.00686
HG03669	1		PJL	SAS	2.0	train	1,3/6	1,3/6	0.973, 0.991	True	1.0	4.56552	4.36849	0.22698	0.08984	1.03321	0.44213	0.08512	0.0134	0.27899	0.00236	0.00394	0.00079	0.02128	0.0	0.10403	0.01576	0.0	0.18284	0.093	0.00315
HG03672								1,2	0.879, 0.989		1.0	3.0647	2.97073	7.71396	5.05191	0.08659	0.00116	0.14366	0.00893	0.31684	0.00233	0.01359	0.00155	0.01126	0.0	0.05164	0.03495	0.00039	0.08426	0.01786	0.01553
HG03673								1,3/6	0.967, 0.961		1.0	3.34456	3.2051	0.26227	0.0309	1.64811	0.71867	0.07052	0.05863	0.32011	0.00317	0.01109	0.0	0.01347	0.0	0.0721	0.07607	0.00079	0.12995	0.03724	0.0206
HG03679	4		STU	SAS	2.0	train	3/6,4	3/6,4	0.967, 0.987	True	1.0	0.0311	0.03581	0.54562	0.01508	1.81027	0.69357	1.63876	0.77744	0.46552	0.00188	0.02073	0.00094	0.01696	0.00094	0.07539	0.01602	0.00094	0.16303	0.08198	0.00565
HG03680								2,3/6	0.994, 0.978		1.0	0.02303	0.02154	6.42897	4.60241	0.88765	0.45905	0.13816	0.00891	0.16936	0.0	0.00074	0.00074	0.01486	0.0	0.05868	0.01857	0.00074	0.10548	0.07874	0.02823
HG03681								2,2	0.995		1.0	0.01629	0.01629	8.63578	6.30072	0.07388	0.01163	0.1943	0.00873	0.15416	0.0	0.00931	0.0	0.01338	0.0	0.0733	0.01222	0.0	0.0669	0.01745	0.01687
HG03682			STU	SAS	2.0	train	3/6,3/6	3/6,3/6	0.997	True	1.0	0.03068	0.03988	0.2853	0.03681	2.99721	1.26187	0.07158	0.03477	0.35791	0.00307	0.01943	0.0	0.01534	0.00102	0.08897	0.00716	0.00205	0.13396	0.04397	0.00205
HG03683	2		STU	SAS	2.0	test	2,3/6	2,3/6	0.971, 0.992	True	1.0	0.02529	0.0193	8.72358	5.75515	1.02031	0.40134	0.07321	0.00599	0.24693	0.00266	0.0173	0.0	0.01398	0.00133	0.07255	0.02862	0.00067	0.13578	0.0406	0.02729
HG03684		2	STU	SAS	2.0	train	2,3/6	2,3/6	0.994, 0.992	True	1.0	0.01971	0.02036	8.5962	5.67102	0.87433	0.5518	0.10248	0.00985	0.22006	0.00066	0.01971	0.00066	0.01314	0.00066	0.04861	0.02628	0.00066	0.07489	0.04795	0.01905
HG03685								3/6,3/6	0.997		1.0	0.03398	0.03659	0.39293	0.04356	2.38718	1.64576	0.14811	0.03136	0.23349	0.00697	0.0183	0.00087	0.01917	0.0	0.07318	0.01045	0.0	0.11413	0.07754	0.00523
HG03686								2,3/6	0.944, 0.976		1.0	0.02328	0.01654	5.64779	3.42335	1.44763	0.56974	0.12069	0.04411	0.31366	0.00429	0.02757	0.0	0.01348	0.00061	0.05881	0.04288	0.00123	0.14642	0.05514	0.0245
HG03687								2,2	0.997		1.0	0.02252	0.01778	11.58371	8.23826	0.05749	0.0	0.15823	0.01778	0.17424	0.00059	0.01482	0.00059	0.00948	0.0	0.02785	0.0486	0.00059	0.07823	0.01837	0.01837
HG03688	1		STU	SAS	2.0	train	1,3/6	1,3/6	0.982, 0.969	True	1.0	3.91238	3.76287	0.20914	0.08147	0.76769	0.38469	0.042	0.04116	0.40736	0.00168	0.00504	0.0	0.0168	0.0	0.10163	0.01764	0.0	0.20494	0.07055	0.0168
HG03689								3/6,3/6	0.996		1.0	0.02866	0.0304	0.34134	0.07556	2.29989	1.5955	0.0938	0.01824	0.28054	0.00434	0.00347	0.00087	0.01824	0.00261	0.11291	0.0139	0.00174	0.14505	0.06861	0.01129
HG03690								1,2	0.961, 0.976		1.0	2.58864	2.46826	7.22808	5.34379	0.08984	0.0012	0.14914	0.02635	0.32223	0.0018	0.02036	0.0	0.00839	0.0012	0.07068	0.04073	0.0	0.11679	0.03833	0.03115
HG03691								2,2	0.997		1.0	0.01494	0.01401	14.04951	9.69397	0.10786	0.00047	0.16856	0.03175	0.18024	0.0014	0.02755	0.0	0.01588	0.0	0.02568	0.04156	0.0	0.08171	0.02521	0.01774
HG03692								1,3/6	0.945, 0.966		1.0	3.72399	3.64564	0.27677	0.02782	1.45562	0.80396	0.06883	0.0205	0.48765	0.00366	0.00439	0.0	0.01464	0.0	0.09079	0.00879	0.0	0.14132	0.05125	0.01538
HG03693								1,3/6	0.956, 0.98		1.0	3.6163	3.49103	0.34989	0.04608	1.51261	0.76458	0.11663	0.01944	0.37653	0.00072	0.01872	0.0	0.01296	0.00072	0.08639	0.01584	0.00072	0.11375	0.04464	0.01368
HG03694								2,4	0.995, 0.921		1.0	0.02396	0.02937	7.48883	4.99745	0.09585	0.0	0.93224	0.70652	0.38341	0.00155	0.0085	0.00077	0.01314	0.0	0.05488	0.02474	0.0	0.11363	0.02242	0.03479
HG03695								1,5	0.961, 0.973		1.0	2.66828	2.55438	0.21197	0.03543	0.12212	0.00063	0.09428	0.01645	5.83452	2.03743	0.53087	0.00316	0.07909	0.0	0.12655	0.01835	0.00253	0.04746	0.07909	0.00886
HG03696								2,2	0.997		1.0	0.01645	0.015	14.67565	9.80151	0.11468	0.0	0.1292	0.01355	0.13307	0.00097	0.02855	0.0	0.02129	0.0	0.02226	0.05226	0.0	0.105	0.03387	0.02758
HG03697								2,2	0.997		1.0	0.015	0.015	11.21041	7.53651	0.10161	0.0	0.14467	0.01452	0.11419	0.0	0.00339	0.00048	0.015	0.0	0.03726	0.01645	0.00048	0.08613	0.02564	0.03919
HG03698								3/6,3/6	0.997		1.0	0.0304	0.02787	0.27868	0.01351	3.31039	1.95668	0.04138	0.04476	0.2677	0.00169	0.01942	0.0	0.01689	0.00084	0.07009	0.00591	0.00084	0.11738	0.03885	0.00338
HG03699	4	2	PJL	SAS	2.0	train	2,4	2,4	0.991, 0.931	True	1.0	0.0132	0.01531	8.5312	6.07395	0.27825	0.0	1.0602	0.50423	0.34794	0.00053	0.01848	0.00053	0.02323	0.0	0.02904	0.06125	0.00158	0.18057	0.01373	0.01373
HG03700		2	PJL	SAS	2.0	test	2,3/6	2,3/6	0.944, 0.986	True	1.0	0.02012	0.03055	5.20021	4.02068	1.35314	0.61696	0.1304	0.03279	0.21981	0.00149	0.02235	0.00149	0.02533	0.0	0.076	0.0231	0.00075	0.12444	0.01863	0.00447
HG03701	2	2	PJL	SAS	2.0	train	2,2	2,2	0.996	True	1.0	0.01309	0.016	10.81472	7.89113	0.18088	0.00048	0.19154	0.01552	0.18233	0.0	0.02279	0.0	0.01988	0.0	0.04073	0.0514	0.00145	0.10862	0.00582	0.01455
HG03702	2		PJL	SAS	2.0	train	2,3/6	2,3/6	0.915, 0.988	True	1.0	0.02904	0.0687	5.42292	3.18562	1.37468	0.87112	0.15439	0.07224	0.2755	0.00354	0.06657	0.00071	0.02125	0.0	0.05807	0.02125	0.00142	0.13598	0.08215	0.02125
HG03703		2	PJL	SAS	2.0	train	2,3/6	2,3/6	0.974, 0.96	True	1.0	0.02852	0.0212	10.15588	6.73842	0.59809	0.10236	0.11991	0.02486	0.27492	0.00146	0.02413	0.0	0.00877	0.00073	0.04241	0.02778	0.00073	0.09359	0.03656	0.00512
HG03704	2		PJL	SAS	2.0	train	2,3/6	2,3/6	0.99, 0.99	True	1.0	0.02727	0.02045	9.38588	6.39028	1.19291	0.64634	0.14997	0.0378	0.22991	0.00496	0.01797	0.00124	0.02231	0.00062	0.04834	0.02727	0.00062	0.15554	0.03594	0.0062
HG03705		2	PJL	SAS	2.0	test	2,3/6	2,3/6	0.962, 0.979	True	1.0	0.0454	0.0375	7.31792	4.62947	0.51256	0.47242	0.08948	0.03553	0.17568	0.00066	0.02895	0.0	0.01382	0.00066	0.05724	0.03619	0.00066	0.08159	0.13883	0.01119
HG03706		1	PJL	SAS	2.0	train	1,3/6	1,3/6	0.989, 0.959	True	1.0	3.10797	3.0201	0.53881	0.07169	0.90803	0.55654	0.13798	0.0185	0.46172	0.00231	0.01387	0.0	0.02158	0.0	0.11485	0.03546	0.0	0.19194	0.07708	0.02312
HG03707	1	2	PJL	SAS	2.0	train	1,2	1,2	0.955, 0.971	True	1.0	2.4105	2.37093	6.40721	4.11481	0.1163	0.0006	0.06714	0.03537	0.3483	0.0018	0.02997	0.0018	0.02158	0.0006	0.07434	0.03237	0.0006	0.19483	0.06115	0.02698
HG03708			PJL	SAS	2.0	train	3/6,3/6	3/6,3/6	0.997	True	1.0	0.03043	0.02967	0.43739	0.0251	2.62587	1.58754	0.12247	0.0251	0.30427	0.00304	0.02206	0.0	0.01978	0.0	0.10269	0.00837	0.00304	0.12019	0.04488	0.00456
HG03709	1		PJL	SAS	2.0	train	1,3/6	1,3/6	0.986, 0.975	True	1.0	4.24708	3.86423	0.22326	0.05145	1.03168	0.51017	0.1125	0.02878	0.45349	0.00523	0.00436	0.00087	0.01221	0.00262	0.13692	0.0218	0.00087	0.10552	0.0968	0.01744
HG03710			PJL	SAS	2.0	test	3/6,3/6	3/6,3/6	0.997	True	1.0	0.02797	0.02411	0.20252	0.01639	2.73208	1.62787	0.07522	0.03472	0.35296	0.00772	0.0299	0.0	0.01157	0.00193	0.11958	0.00482	0.00193	0.18805	0.06172	0.00193
HG03711								1,2	0.94, 0.971		1.0	2.79364	2.77996	7.77446	5.162	0.07999	0.00068	0.12717	0.01162	0.39997	0.00137	0.00273	0.0	0.01026	0.00068	0.07247	0.02461	0.0	0.09435	0.05743	0.02119
HG03713								1,3/6	0.925, 0.963		1.0	3.6676	3.42246	0.23193	0.05798	1.34315	0.56442	0.0822	0.05725	0.50056	0.00147	0.01982	0.0	0.01395	0.00073	0.05652	0.01395	0.00073	0.13945	0.05431	0.01908
HG03714								3/6,4	0.877, 0.981		1.0	0.03735	0.07579	0.21639	0.05382	2.59776	1.00945	2.24297	0.78317	0.51516	0.0011	0.0033	0.0011	0.01318	0.0	0.09446	0.0022	0.0011	0.12522	0.12302	0.00549
HG03716								2,3/6	0.945, 0.963		1.0	0.03007	0.0398	5.89515	4.03534	0.90559	0.44837	0.18041	0.01061	0.27504	0.00265	0.01327	0.00088	0.01503	0.0	0.03714	0.05129	0.0	0.07252	0.06367	0.00973
HG03717								3/6,4	0.907, 0.978		1.0	0.03475	0.03324	0.46536	0.04986	1.72092	0.98662	1.54641	0.64667	0.46838	0.00378	0.01964	0.0	0.01133	0.0	0.0695	0.02115	0.0	0.13749	0.02266	0.00302
HG03718								2,3/6	0.97, 0.992		1.0	0.02771	0.01874	5.44454	3.79676	1.04963	0.45718	0.19151	0.01874	0.26159	0.00244	0.00896	0.00081	0.01304	0.0	0.07905	0.01793	0.0	0.05623	0.05786	0.00733
HG03719	1		ITU	SAS	2.0	train	1,3/6	1,3/6	0.964, 0.984	True	1.0	4.08524	3.94508	0.23195	0.02853	1.62616	0.77835	0.04713	0.02295	0.41863	0.00186	0.01426	0.00062	0.01675	0.0	0.08435	0.02729	0.0	0.20342	0.02233	0.00186
HG03720								3/6,3/6	0.993		1.0	0.03857	0.02275	0.24233	0.0722	1.73587	1.24429	0.07319	0.00692	0.32047	0.00396	0.04352	0.00692	0.01385	0.0	0.0821	0.02176	0.0	0.10188	0.02671	0.00297
HG03721	5	2	ITU	SAS	2.0	train	2,5	2,5	0.959, 0.971	True	1.0	0.01298	0.01582	5.73057	3.95125	0.11519	0.00041	0.10505	0.00933	6.865	2.66999	0.44169	0.00203	0.05192	0.0	0.09653	0.02474	0.0	0.06124	0.08598	0.0069
HG03722	2	1	ITU	SAS	2.0	train	1,2	1,2	0.969, 0.948	True	1.0	3.66297	3.53067	6.43361	3.96078	0.07894	0.00218	0.11052	0.01851	0.31958	0.00054	0.0049	0.0	0.01688	0.0	0.08602	0.03484	0.00054	0.13175	0.06043	0.02613
HG03725	1		ITU	SAS	2.0	test	1,3/6	1,3/6	0.95, 0.991	True	1.0	3.54516	3.39103	0.291	0.06152	1.78882	0.92068	0.06428	0.01935	0.27786	0.0076	0.01521	0.0	0.02212	0.0	0.08502	0.02281	0.00069	0.2122	0.04285	0.00276
HG03727		2	ITU	SAS	2.0	test	2,3/6	2,3/6	0.995, 0.935	True	1.0	0.02866	0.03025	11.84475	7.59236	1.11704	0.45303	0.15287	0.00796	0.24283	0.0008	0.01513	0.0008	0.01911	0.0008	0.03503	0.03662	0.0	0.11226	0.01752	0.0207
HG03729								1,2	0.932, 0.971		1.0	2.52474	2.48594	11.3681	7.33344	0.09668	0.00123	0.11146	0.01416	0.32452	0.00185	0.01293	0.00062	0.00985	0.00062	0.07328	0.03879	0.0	0.09976	0.05173	0.01971
HG03730								2,3/6	0.962, 0.989		1.0	0.0195	0.02013	8.56548	5.77091	1.05292	0.42708	0.10693	0.06919	0.29436	0.00377	0.02264	0.0	0.01635	0.00063	0.03837	0.03711	0.00126	0.09246	0.02264	0.0044
HG03731								1,3/6	0.911, 0.994		1.0	4.85409	4.69821	0.25944	0.0327	1.10642	0.65949	0.10138	0.00763	0.44039	0.00218	0.02071	0.00327	0.01526	0.0	0.08612	0.00654	0.0	0.14389	0.01962	0.00327
HG03732	2	2	ITU	SAS	2.0	test	2,2	2,2	0.997	True	1.0	0.01536	0.02118	14.11089	9.337	0.13556	0.0	0.13927	0.00847	0.17475	0.00106	0.02489	0.0	0.01642	0.00053	0.04183	0.03866	0.00053	0.18428	0.00371	0.01959
HG03733								3/6,3/6	0.997		1.0	0.03171	0.04756	0.39449	0.04103	2.60196	1.28979	0.0886	0.03544	0.36558	0.00093	0.02611	0.0	0.01679	0.0	0.07741	0.0056	0.0	0.09513	0.02611	0.0056
HG03736								1,2	0.963, 0.977		1.0	2.71196	2.55744	6.89447	4.73709	0.08119	0.00196	0.16107	0.02161	0.32148	0.00327	0.00524	0.00065	0.01048	0.00131	0.08119	0.02357	0.00065	0.11262	0.05893	0.0419
HG03738								1,3/6	0.982, 0.979		1.0	3.61698	3.50361	0.25507	0.03897	1.18181	1.0564	0.08856	0.02196	0.26994	0.00213	0.00496	0.00071	0.01913	0.0	0.13037	0.017	0.00071	0.10344	0.06589	0.01417
HG03740								1,3/6	0.982, 0.977		1.0	3.4267	3.30999	0.24743	0.0319	1.76393	1.05664	0.07392	0.05135	0.38204	0.00233	0.02101	0.0	0.01012	0.0	0.08792	0.01712	0.00078	0.1066	0.04591	0.01712
HG03741								2,3/6	0.979, 0.974		1.0	0.02869	0.02254	4.75579	3.54072	1.38104	0.84693	0.1769	0.02664	0.25545	0.0041	0.02049	0.00137	0.01298	0.0	0.03074	0.00888	0.0	0.07308	0.01503	0.00956
HG03742								3/6,4	0.987, 0.985		1.0	0.04544	0.02236	0.3361	0.02164	1.07176	0.58348	1.75478	0.63686	0.49044	0.00216	0.00649	0.0	0.01875	0.0	0.06708	0.00577	0.0	0.17598	0.05121	0.00505
HG03743								1,2	0.959, 0.98		1.0	3.1837	3.08588	7.90509	5.58079	0.09374	0.00058	0.13159	0.00932	0.29054	0.00175	0.01689	0.00116	0.02213	0.00058	0.07511	0.05473	0.0	0.131	0.05473	0.02038
HG03744								2,3/6	0.905, 0.989		1.0	0.02747	0.02982	4.28763	3.07818	1.51162	0.61532	0.09261	0.04866	0.36103	0.00235	0.01334	0.00078	0.01413	0.0	0.03846	0.03061	0.0	0.08084	0.02982	0.00471
HG03745								2,3/6	0.994, 0.982		1.0	0.01384	0.01648	7.9995	5.63794	0.82322	0.41721	0.11666	0.00725	0.17993	0.00132	0.01186	0.00066	0.00989	0.0	0.05866	0.0257	0.00066	0.09952	0.06986	0.02439
HG03746								3/6,3/6	0.996		1.0	0.03692	0.04887	0.29971	0.02389	1.80586	1.28028	0.08253	0.00543	0.36052	0.00652	0.00869	0.00109	0.01412	0.0	0.07384	0.0076	0.0	0.10316	0.10316	0.00326
HG03750								2,3/6	0.914, 0.994		1.0	0.02856	0.02922	4.30238	3.21582	1.19348	0.81027	0.14279	0.01129	0.24042	0.00066	0.00332	0.00199	0.01594	0.00133	0.10892	0.00531	0.00066	0.06642	0.03254	0.00398
HG03752								2,5	0.962, 0.914		1.0	0.0211	0.02995	11.69328	7.82048	0.11435	0.00068	0.13545	0.02859	2.78855	0.94268	0.45943	0.0	0.13477	0.0	0.06262	0.04016	0.0	0.0878	0.04832	0.05513
HG03753								2,3/6	0.979, 0.946		1.0	0.02005	0.01337	6.80667	4.67925	1.05469	0.34421	0.08822	0.04745	0.41238	0.00334	0.01337	0.00067	0.01671	0.0	0.0508	0.03008	0.00267	0.11763	0.02272	0.02941
HG03754								2,3/6	0.996, 0.99		1.0	0.02678	0.02503	7.63239	5.35216	1.11887	0.67004	0.1304	0.00931	0.16591	0.00291	0.02096	0.0	0.01222	0.0	0.06869	0.02911	0.00116	0.12923	0.02911	0.02852
HG03755								1,3/6	0.98, 0.926		1.0	3.66389	3.51557	0.41868	0.08824	0.98286	0.51067	0.14081	0.01126	0.39145	0.00939	0.00563	0.00094	0.01971	0.0	0.10702	0.01877	0.00188	0.14457	0.07134	0.0169
HG03756								2,3/6	0.986, 0.989		1.0	0.02506	0.02111	5.8408	3.9319	1.24072	0.91685	0.12335	0.02704	0.29946	0.00132	0.01517	0.00066	0.02309	0.00066	0.06002	0.02902	0.00066	0.09037	0.0587	0.01979
HG03757								2,3/6	0.994, 0.958		1.0	0.02577	0.02992	8.56428	6.11046	1.17371	0.52451	0.23025	0.01164	0.17705	0.00416	0.01164	0.0	0.01662	0.0	0.04239	0.03076	0.00166	0.11637	0.0399	0.02411
HG03760								1,1	0.964		1.0	6.5356	6.23038	0.20617	0.05997	0.09837	0.00472	0.10241	0.00404	0.3133	0.00404	0.0027	0.00067	0.01482	0.00067	0.1105	0.02426	0.0	0.13139	0.05525	0.02358
HG03761	1	1	PJL	SAS	2.0	train	1,1	1,1	0.984	True	1.0	6.34873	6.08877	0.2158	0.04202	0.18162	0.00356	0.08475	0.0114	0.37819	0.00712	0.00499	0.00142	0.02137	0.0	0.0876	0.02208	0.00214	0.26566	0.06766	0.03632
HG03762	1	1	PJL	SAS	2.0	train	1,1	1,1	0.997	True	1.0	5.43189	5.01572	0.49683	0.06236	0.2596	0.00271	0.17148	0.07185	0.29349	0.00339	0.00813	0.0	0.01356	0.0	0.24943	0.02847	0.00068	0.13624	0.061	0.02779
HG03763	1	1	PJL	SAS	2.0	test	1,1	1,1	0.997	True	1.0	5.39237	4.97477	0.22533	0.03171	0.19699	0.0027	0.08028	0.1012	0.3218	0.00202	0.0054	0.0	0.01147	0.00067	0.24759	0.02631	0.0	0.1835	0.06409	0.02361
HG03765								1,4	0.946, 0.952		1.0	2.72228	2.61856	0.39101	0.05021	0.18686	0.00082	1.76244	0.82072	0.5573	0.00082	0.00329	0.00082	0.01482	0.00082	0.08808	0.02387	0.0	0.15147	0.03869	0.00576
HG03767								2,2	0.997		1.0	0.02054	0.02631	10.26679	6.76644	0.08472	0.00128	0.19511	0.01925	0.23554	0.00321	0.00706	0.0	0.02439	0.00064	0.03594	0.02503	0.00257	0.12258	0.03466	0.05391
HG03770								3/6,4	0.968, 0.992		1.0	0.03992	0.02851	0.49042	0.02471	1.45892	0.51704	1.56156	0.82783	0.53509	0.00285	0.0057	0.00095	0.01045	0.0	0.07508	0.00475	0.0	0.13971	0.12166	0.0038
HG03771								2,4	0.987, 0.913		1.0	0.02249	0.02699	7.32587	4.55384	0.21064	0.0	1.43399	0.53072	0.39204	0.00375	0.00675	0.00225	0.02549	0.0	0.04722	0.06297	0.00075	0.18515	0.06372	0.04722
HG03772								2,3/6	0.862, 0.982		1.0	0.03181	0.03489	9.53647	6.56357	1.03543	0.57262	0.15906	0.00924	0.30991	0.00821	0.00718	0.0	0.01231	0.0	0.08312	0.07799	0.00205	0.10365	0.05952	0.00205
HG03773								3/6,3/6	0.994		1.0	0.04483	0.04635	0.32823	0.03039	1.75437	1.10019	0.18767	0.0114	0.28568	0.00608	0.00684	0.01444	0.01596	0.00152	0.12233	0.00684	0.0	0.11929	0.2211	0.00228
HG03774								1,3/6	0.922, 0.994		1.0	3.867	3.71168	0.30311	0.03257	1.48885	0.7891	0.11106	0.02255	0.31731	0.00251	0.01921	0.00084	0.01336	0.0	0.09018	0.00668	0.0	0.19039	0.02338	0.00418
HG03775								1,1	0.975		1.0	6.69039	6.47732	0.24071	0.02649	0.09214	0.00691	0.13936	0.00691	0.57471	0.0	0.0023	0.0	0.01152	0.0	0.13706	0.01612	0.0	0.12093	0.00461	0.00576
HG03777								3/6,4	0.693, 0.991		1.0	0.04943	0.03731	0.32738	0.02238	1.74789	0.693	0.76295	0.31339	0.33298	0.0028	0.03731	0.00093	0.01213	0.00187	0.07089	0.00466	0.0	0.1455	0.08674	0.00373
HG03778								2,2	0.997		1.0	0.01907	0.02054	10.10573	6.54562	0.13302	0.0	0.11883	0.01174	0.26016	0.00196	0.01565	0.0	0.01907	0.0	0.03228	0.02885	0.00049	0.07971	0.06357	0.02201
HG03779								1,1	0.987		1.0	6.68286	6.38693	0.20058	0.08052	0.04803	0.00071	0.14479	0.04379	0.39199	0.00353	0.01978	0.00071	0.0113	0.00071	0.09182	0.02896	0.0	0.12431	0.05792	0.00212
HG03780								2,5	0.964, 0.976		1.0	0.02052	0.01596	5.47052	3.69413	0.09575	0.0	0.1263	0.01733	7.5679	2.96187	0.5093	0.00684	0.05517	0.00046	0.08709	0.01824	0.00046	0.03192	0.08982	0.01459
HG03781								3/6,3/6	0.997		1.0	0.02444	0.02619	0.28199	0.02794	3.21972	1.50248	0.08556	0.02619	0.30469	0.00524	0.0131	0.00175	0.0131	0.0	0.06024	0.01048	0.0	0.15103	0.02357	0.00437
HG03782								1,2	0.959, 0.981		1.0	1.89082	1.7316	7.79394	5.16903	0.13464	0.0	0.17562	0.01463	0.22128	0.00234	0.01581	0.00117	0.01229	0.0	0.08664	0.03688	0.00117	0.10186	0.04625	0.01171
HG03784								2,3/6,4	0.975, 0.847, 0.853		1.0	0.01485	0.02365	7.3429	4.83659	0.66784	0.16228	0.80371	0.40048	0.28331	0.0011	0.02365	0.00055	0.01265	0.0	0.04291	0.02145	0.0	0.14908	0.04071	0.0209
HG03785								1,2	0.959, 0.936		1.0	3.06943	2.9531	5.91531	3.91754	0.10008	0.0013	0.09163	0.01105	0.2983	0.00325	0.0156	0.0	0.0104	0.0	0.08514	0.03704	0.0	0.10723	0.03444	0.01495
HG03786								2,3/6	0.967, 0.961		1.0	0.0207	0.02567	12.05403	7.83615	1.49899	0.71057	0.10352	0.03644	0.21201	0.00248	0.02567	0.00083	0.01739	0.0	0.04389	0.04141	0.00083	0.17309	0.06211	0.02236
HG03787								3/6,3/6	0.989		1.0	0.01963	0.01963	0.26234	0.02182	2.97514	1.75563	0.06272	0.02182	0.21761	0.0	0.01854	0.0	0.01254	0.0	0.06054	0.00436	0.0	0.12271	0.07854	0.00382
HG03788								2,3/6	0.987, 0.834		1.0	0.02037	0.03642	8.08785	5.25322	1.18398	0.60681	0.09259	0.01667	0.24136	0.00123	0.03766	0.00062	0.01296	0.0	0.02778	0.02407	0.00062	0.10556	0.01605	0.01975
HG03789								2,3/6	0.939, 0.992		1.0	0.03135	0.02708	7.39007	5.3115	1.06743	0.45462	0.10617	0.00499	0.22375	0.00214	0.0057	0.0	0.01211	0.0	0.07482	0.02351	0.0	0.10404	0.05986	0.0342
HG03790								3/6,3/6	0.997		1.0	0.0378	0.04043	0.25843	0.02197	3.36744	1.44156	0.07384	0.02373	0.43247	0.00527	0.01934	0.00176	0.01231	0.0	0.05538	0.00439	0.0	0.10021	0.03164	0.00527
HG03792								1,2	0.955, 0.971		1.0	0.92124	0.894	9.41429	6.51436	0.06007	0.0007	0.12362	0.02025	0.29125	0.00279	0.03702	0.0007	0.01397	0.0	0.08731	0.05029	0.0007	0.12013	0.04889	0.03213
HG03793	4	2	BEB	SAS	2.0	train	2,4	2,4	0.975, 0.935	True	1.0	0.02979	0.02979	9.93753	6.28948	0.16821	0.00088	1.35882	0.4766	0.38285	0.00438	0.02015	0.00088	0.0219	0.0	0.04118	0.04468	0.00263	0.1796	0.01402	0.03767
HG03794	2		BEB	SAS	2.0	train	2,3/6	2,3/6	0.994, 0.99	True	1.0	0.02637	0.02637	7.3538	4.91853	0.86877	0.47664	0.14739	0.00879	0.23798	0.00541	0.00473	0.0	0.01555	0.0	0.04395	0.00879	0.00135	0.13995	0.04259	0.01487
HG03795	2		BEB	SAS	2.0	train	2,3/6	2,3/6	0.949, 0.981	True	1.0	0.01913	0.04076	10.04683	6.50657	1.07639	0.56731	0.14973	0.00582	0.3136	0.00499	0.00998	0.00166	0.01913	0.00083	0.04658	0.0341	0.00166	0.16221	0.03993	0.0183
HG03796	1	2	BEB	SAS	2.0	train	1,2	1,2	0.969, 0.972	True	1.0	2.71521	2.54975	6.88407	4.90805	0.11348	0.00063	0.19082	0.01078	0.30303	0.00127	0.00697	0.00127	0.01458	0.00127	0.08939	0.02155	0.00254	0.11601	0.05959	0.0317
HG03797	2		BEB	SAS	2.0	train	2,3/6	2,3/6	0.973, 0.991	True	1.0	0.01915	0.03064	6.57556	4.54711	1.24209	0.76274	0.09127	0.03	0.23106	0.00447	0.02681	0.00064	0.0134	0.0	0.05617	0.02042	0.00128	0.13787	0.02745	0.01851
HG03798	2		BEB	SAS	2.0	train	2,3/6	2,3/6	0.988, 0.992	True	1.0	0.02284	0.01813	7.03366	5.2242	1.18414	0.8248	0.12762	0.02888	0.24583	0.0	0.00403	0.00134	0.01545	0.0	0.045	0.01343	0.00134	0.18941	0.01679	0.02485
HG03799		2	BEB	SAS	2.0	train	2,3/6	2,3/6	0.988, 0.986	True	1.0	0.02553	0.02845	5.74168	4.70715	1.01701	0.3677	0.16707	0.01313	0.13278	0.0	0.00948	0.00146	0.02116	0.0	0.07077	0.01167	0.00219	0.17801	0.06858	0.0518
HG03800		2	BEB	SAS	2.0	train	2,3/6	2,3/6	0.953, 0.632	True	1.0	2.02649	1.95094	7.91815	5.64311	0.54016	0.00141	0.16099	0.00847	0.33328	0.00071	0.00282	0.00141	0.0113	0.00071	0.05578	0.01765	0.00071	0.08473	0.0226	0.01906
HG03801	2	2	BEB	SAS	2.0	test	2,2	2,2	0.997	True	1.0	0.01965	0.03156	10.85266	8.29314	0.08397	0.0006	0.19176	0.01072	0.15543	0.00298	0.00536	0.0006	0.01548	0.0	0.03811	0.02382	0.0006	0.15841	0.00893	0.04764
HG03802	2	1	BEB	SAS	2.0	train	1,2	1,2	0.946, 0.991	True	1.0	3.14279	2.94525	7.58688	5.01227	0.09571	0.00051	0.12677	0.00866	0.251	0.00051	0.01629	0.0	0.02138	0.0	0.03818	0.01578	0.00051	0.09571	0.03055	0.01273
HG03803			BEB	SAS	2.0	test	3/6,3/6	3/6,3/6	0.995	True	1.0	0.03193	0.03802	0.60368	0.02433	1.08572	0.56567	0.13381	0.01064	0.29196	0.0	0.01521	0.0076	0.01825	0.00152	0.11405	0.01216	0.00608	0.14294	0.12621	0.0076
HG03804	1		BEB	SAS	2.0	train	1,3/6	1,3/6	0.982, 0.962	True	1.0	4.40356	4.19826	0.24349	0.14641	0.49574	0.20212	0.08037	0.00716	0.32466	0.00159	0.00637	0.0008	0.01194	0.0	0.08753	0.01751	0.0	0.16869	0.1114	0.00398
HG03805	4	2	BEB	SAS	2.0	train	2,4	2,4	0.985, 0.925	True	1.0	0.019	0.02293	9.63784	6.4237	0.18013	0.00066	1.51111	0.89147	0.43493	0.00459	0.01638	0.00066	0.01245	0.0	0.03275	0.03603	0.0	0.15	0.02751	0.02031
HG03806		1	BEB	SAS	2.0	train	1,3/6	1,3/6	0.969, 0.985	True	1.0	5.28245	4.98287	0.16493	0.05657	0.72026	0.39519	0.12509	0.00956	0.28683	0.00478	0.00239	0.0008	0.01912	0.0	0.0988	0.0239	0.0	0.1968	0.02789	0.00319
HG03807	2	1	BEB	SAS	2.0	test	1,2	1,2	0.958, 0.983	True	1.0	4.04089	3.86358	8.89025	5.82201	0.13134	0.00292	0.1401	0.00876	0.22839	0.00219	0.01459	0.0	0.01313	0.0	0.06494	0.05254	0.00073	0.18752	0.01605	0.01167
HG03808								2,3/6	0.991, 0.933		1.0	0.02666	0.02749	6.4485	4.91219	0.51405	0.37158	0.21495	0.015	0.24161	0.00417	0.005	0.00083	0.01166	0.00083	0.11081	0.01583	0.00167	0.09831	0.03749	0.02499
HG03809								3/6,3/6	0.996		1.0	0.03206	0.03723	0.26372	0.0455	2.55034	1.58646	0.12617	0.00207	0.32681	0.0031	0.03827	0.0	0.00724	0.0	0.11376	0.01138	0.0	0.12307	0.06515	0.00724
HG03812								2,2	0.997		1.0	0.02121	0.02452	13.9905	9.88925	0.09146	0.00331	0.2207	0.01458	0.23197	0.00199	0.00729	0.0	0.01723	0.0	0.04043	0.02253	0.00133	0.09345	0.03844	0.03712
HG03814	2	1	BEB	SAS	2.0	train	1,2	1,2	0.944, 0.984	True	1.0	2.65048	2.47664	8.37026	5.46494	0.08495	0.0	0.15409	0.01119	0.18241	0.00395	0.04214	0.00066	0.02041	0.00066	0.07046	0.04412	0.0	0.09351	0.02897	0.00527
HG03815			BEB	SAS	2.0	train	3/6,3/6	3/6,3/6	0.996	True	1.0	0.03271	0.02804	0.33649	0.04829	2.99025	1.7658	0.10437	0.03972	0.27262	0.00312	0.02025	0.0	0.01792	0.0	0.05452	0.0296	0.00234	0.11839	0.06932	0.00156
HG03816	1		BEB	SAS	2.0	train	1,3/6	1,3/6	0.936, 0.991	True	1.0	3.61404	3.44252	0.21088	0.05905	1.24561	0.97849	0.09935	0.0328	0.25587	0.00281	0.01031	0.00094	0.01687	0.0	0.09654	0.01406	0.00094	0.20994	0.07592	0.00187
HG03817								1,2	0.906, 0.97		1.0	2.21373	2.02572	9.66996	6.42219	0.15082	0.0031	0.15598	0.01136	0.2128	0.00103	0.00775	0.0	0.01446	0.0	0.05578	0.03925	0.00052	0.1095	0.14359	0.00723
HG03821								1,2	0.957, 0.923		1.0	3.17003	3.05088	6.71181	4.4522	0.15825	0.00062	0.16384	0.01179	0.32023	0.00248	0.01924	0.00062	0.02296	0.00124	0.07882	0.04344	0.00062	0.15329	0.03041	0.01303
HG03823		2	BEB	SAS	2.0	train	2,3/6	2,3/6	0.965, 0.992	True	1.0	0.01622	0.02116	4.91918	3.11724	1.60799	0.94787	0.12554	0.01269	0.27364	0.00071	0.01975	0.00071	0.01622	0.0	0.05219	0.02327	0.00141	0.09803	0.05148	0.02327
HG03824			BEB	SAS	2.0	test	3/6,3/6	3/6,3/6	0.997	True	1.0	0.02838	0.02838	0.38882	0.03122	2.45497	1.91951	0.1542	0.03122	0.31598	0.00473	0.02744	0.00189	0.01987	0.00189	0.05865	0.00946	0.0	0.15326	0.05203	0.00757
HG03825	2		BEB	SAS	2.0	train	2,3/6	2,3/6	0.977, 0.981	True	1.0	0.01978	0.02555	5.84493	3.62331	0.9427	0.95012	0.14998	0.00659	0.23897	0.00247	0.00742	0.00247	0.03708	0.0	0.05933	0.02555	0.00412	0.24639	0.10465	0.01648
HG03826								3/6,3/6	0.995		1.0	0.03762	0.02508	0.35944	0.03762	2.83708	1.53975	0.13124	0.02341	0.28337	0.00418	0.0209	0.01337	0.02257	0.00167	0.09028	0.01003	0.00167	0.1396	0.10449	0.00251
HG03829	2		BEB	SAS	2.0	train	2,3/6	2,3/6	0.952, 0.991	True	1.0	0.01979	0.02804	5.35305	3.81171	1.47537	0.6581	0.17566	0.02557	0.37771	0.00412	0.02474	0.0	0.01567	0.00082	0.06927	0.00825	0.00082	0.05278	0.04453	0.0132
HG03830	5	2	BEB	SAS	2.0	train	2,5	2,5	0.98, 0.98	True	1.0	0.01265	0.01686	5.27477	3.70546	0.08011	0.0	0.1143	0.0075	5.85144	2.21297	0.57901	0.00328	0.08947	0.0	0.06839	0.04403	0.0	0.04357	0.07589	0.01124
HG03831		2	BEB	SAS	2.0	train	2,3/6	2,3/6	0.994, 0.975	True	1.0	0.02328	0.02386	6.98194	4.95143	1.12321	0.45976	0.16179	0.02386	0.24559	0.00058	0.04598	0.00116	0.02677	0.0	0.05296	0.03899	0.00175	0.15946	0.03434	0.0163
HG03832	1	2	BEB	SAS	2.0	train	1,2	1,2	0.976, 0.97	True	1.0	5.68387	5.57659	3.57649	2.49088	0.10566	0.00107	0.15394	0.01019	0.21991	0.00215	0.00429	0.00054	0.01395	0.00054	0.07134	0.0177	0.0	0.11425	0.02145	0.00536
HG03833	1	2	BEB	SAS	2.0	train	1,2	1,2	0.976, 0.972	True	1.0	2.87279	2.73688	5.12635	3.41249	0.12238	0.00226	0.15452	0.02143	0.32315	0.00056	0.00564	0.00056	0.01128	0.00113	0.08121	0.03553	0.00056	0.0908	0.06655	0.03609
HG03834	2	2	BEB	SAS	2.0	test	2,2	2,2	0.995	True	1.0	0.01497	0.01842	8.27822	6.04648	0.1393	0.00058	0.15254	0.01727	0.17557	0.00345	0.00288	0.00058	0.01554	0.0	0.04548	0.01382	0.00115	0.09728	0.03281	0.0236
HG03836								2,3/6	0.964, 0.977		1.0	0.01334	0.03131	5.7993	4.34745	0.85581	0.39427	0.14205	0.00986	0.20294	0.00522	0.01102	0.00058	0.01218	0.0	0.0516	0.03247	0.0	0.10553	0.07422	0.00812
HG03837								2,3/6	0.945, 0.985		1.0	0.01956	0.03987	7.84028	5.21933	0.95765	0.43482	0.16099	0.02483	0.31596	0.00075	0.00828	0.0	0.01128	0.0015	0.07372	0.01655	0.0	0.10156	0.0158	0.01881
HG03838								3/6,5	0.95, 0.872		1.0	0.01039	0.01361	0.20704	0.02436	0.53193	0.28405	0.10316	0.00788	12.02655	6.17464	0.3299	0.00537	0.144	0.00036	0.03869	0.01254	0.00107	0.03976	0.21599	0.00358
HG03844								3/6,3/6	0.997		1.0	0.02386	0.02454	0.37286	0.02522	3.02791	1.77503	0.09884	0.04567	0.26039	0.00136	0.02113	0.00068	0.0184	0.0	0.06544	0.00954	0.0	0.14315	0.04908	0.00682
HG03846								2,3/6	0.985, 0.986		1.0	0.02415	0.02737	6.57736	4.22094	0.99828	0.52329	0.16584	0.01369	0.30914	0.00403	0.03784	0.00081	0.0161	0.0	0.04911	0.01852	0.00081	0.08695	0.06763	0.03542
HG03848								2,2	0.997		1.0	0.01545	0.00843	12.79917	8.98161	0.09691	0.0014	0.18915	0.01405	0.20506	0.0014	0.0192	0.00094	0.01264	0.0	0.04963	0.02809	0.0	0.10113	0.0323	0.04307
HG03849								1,1	0.996		1.0	5.97553	5.74413	0.25267	0.08677	0.14122	0.00085	0.1174	0.02467	0.70951	0.00681	0.00255	0.00085	0.01361	0.0	0.19397	0.02978	0.0	0.14718	0.09783	0.02212
HG03850								2,4	0.941, 0.898		1.0	0.04102	0.02666	4.74485	3.42892	0.12647	0.0	1.1546	0.57627	0.32539	0.00273	0.00684	0.0041	0.01504	0.0	0.06221	0.01436	0.00068	0.08203	0.02529	0.0041
HG03851								1,3/6	0.959, 0.985		1.0	4.49517	4.4078	0.24026	0.03024	0.97615	0.52672	0.12601	0.01932	0.37971	0.00588	0.00504	0.0	0.01428	0.0	0.09745	0.04536	0.0	0.12181	0.06216	0.00504
HG03854								2,5	0.923, 0.989		1.0	0.01354	0.01309	3.00322	2.34111	0.14172	0.0	0.20175	0.01219	8.42834	3.27312	0.5371	0.00496	0.06906	0.0009	0.10652	0.01489	0.00135	0.02121	0.09433	0.00948
HG03856								2,3/6	0.936, 0.99		1.0	0.02518	0.0235	3.66509	2.71398	1.53957	0.70934	0.10913	0.04197	0.24093	0.0042	0.01679	0.00168	0.01259	0.00168	0.03442	0.04869	0.0	0.08143	0.02183	0.00756
HG03857								2,4	0.941, 0.935		1.0	0.0316	0.01354	10.32197	6.68171	0.29489	0.00075	1.22922	0.60032	0.40849	0.0015	0.02332	0.0	0.03009	0.0	0.04965	0.02483	0.00075	0.21891	0.03761	0.02182
HG03858								3/6,3/6	0.99		1.0	0.02117	0.03367	0.41178	0.05676	2.17726	1.20649	0.15875	0.01636	0.31653	0.00577	0.00385	0.00192	0.01251	0.0	0.07504	0.0077	0.0	0.12026	0.09332	0.01058
HG03861								2,4	0.986, 0.888		1.0	0.02415	0.01734	7.25242	4.80708	0.17958	0.00186	1.47748	0.56474	0.3703	0.00248	0.02229	0.00062	0.01548	0.0	0.04335	0.03715	0.0	0.14614	0.02601	0.0452
HG03862								3/6,3/6	0.996		1.0	0.03681	0.04257	0.27725	0.03681	2.39172	1.18723	0.14495	0.00805	0.38194	0.01265	0.01381	0.00115	0.02646	0.0	0.10814	0.01035	0.00115	0.15186	0.07478	0.0069
HG03863								4,5	0.971, 0.735		1.0	0.02786	0.02533	0.36561	0.02364	0.18238	0.00084	0.59443	0.27188	6.67466	2.71124	0.55306	0.00169	0.12243	0.0	0.07515	0.00675	0.0	0.05995	0.07768	0.00338
HG03864								2,3/6	0.976, 0.988		1.0	0.01988	0.03278	8.50244	5.46121	1.24035	0.78409	0.11984	0.01773	0.20314	0.00161	0.01129	0.00054	0.01397	0.0	0.05213	0.03171	0.00054	0.14725	0.01666	0.00806
HG03866								2,2	0.994		1.0	0.01906	0.02084	9.98607	7.06272	0.06015	0.0	0.15305	0.01012	0.17806	0.00179	0.00834	0.0	0.01489	0.0	0.02501	0.06551	0.00298	0.08099	0.03692	0.04466
HG03867								3/6,3/6	0.996		1.0	0.02693	0.02918	0.29403	0.01496	2.28342	1.52926	0.06659	0.01945	0.27009	0.0	0.01945	0.00075	0.01646	0.00075	0.06135	0.01272	0.0	0.18255	0.05686	0.00599
HG03868								1,3/6	0.99, 0.971		1.0	4.52276	4.32508	0.33105	0.05875	1.04475	0.53667	0.14607	0.01429	0.57557	0.00079	0.00635	0.00159	0.0127	0.0	0.16672	0.02461	0.0	0.13178	0.04287	0.00318
HG03869								3/6,4	0.956, 0.955		1.0	0.03512	0.03512	0.55623	0.05391	1.06346	0.46965	1.27419	0.71959	0.61341	0.00408	0.0098	0.0	0.0196	0.00082	0.07433	0.02205	0.0	0.18541	0.06371	0.00898
HG03870								1,2	0.974, 0.992		1.0	2.38649	2.27736	7.13463	5.07778	0.11966	0.00301	0.26115	0.01881	0.22954	0.00151	0.01129	0.00226	0.02408	0.00075	0.06021	0.02032	0.00151	0.1603	0.02333	0.03161
HG03871								2,4	0.96, 0.947		1.0	0.02162	0.02337	9.07662	6.09588	0.20978	0.00117	1.44216	0.6194	0.38859	0.00234	0.01695	0.00117	0.01052	0.00058	0.03915	0.03506	0.00058	0.18173	0.0187	0.00409
HG03872								1,3/6	0.94, 0.984		1.0	2.14774	2.10003	0.28624	0.01622	2.09717	1.0524	0.0916	0.02862	0.59347	0.0	0.02004	0.0	0.01336	0.0	0.06202	0.02481	0.0	0.14216	0.00477	0.00477
HG03873								1,3/6	0.966, 0.99		1.0	4.19401	3.98499	0.27346	0.06893	1.24742	0.53867	0.08616	0.01873	0.33489	0.003	0.01723	0.0015	0.01124	0.0	0.0959	0.02772	0.0	0.11013	0.05844	0.00225
HG03874								1,1	0.99		1.0	7.12193	6.84533	0.32814	0.04632	0.10699	0.00261	0.15265	0.00979	0.36663	0.00196	0.01696	0.00065	0.00979	0.0	0.12591	0.02544	0.0	0.12721	0.04632	0.01892
HG03875								2,3/6	0.958, 0.991		1.0	0.02643	0.02011	4.05568	2.69287	1.62653	0.60672	0.17523	0.03103	0.30508	0.00115	0.02988	0.00057	0.01092	0.0	0.03849	0.01839	0.00057	0.0971	0.02643	0.0046
HG03882								1,2	0.954, 0.989		1.0	2.913	2.80321	8.67774	5.67253	0.11283	0.00061	0.12011	0.01213	0.21171	0.00121	0.00425	0.00061	0.00849	0.0	0.06916	0.02912	0.0	0.09281	0.0364	0.01274
HG03884								2,5	0.953, 0.943		1.0	0.01795	0.02027	7.58354	4.96575	0.11291	0.00116	0.1048	0.01042	5.52683	2.05729	0.51128	0.00174	0.10191	0.0	0.09438	0.02027	0.0029	0.07238	0.02779	0.03822
HG03885			STU	SAS	2.0	train	3/6,3/6	3/6,3/6	0.997	True	1.0	0.02398	0.03782	0.3053	0.04335	2.69694	1.65469	0.09131	0.02859	0.40122	0.00369	0.03136	0.00092	0.02121	0.0	0.10884	0.00738	0.00092	0.10699	0.03782	0.00646
HG03886	4	1	STU	SAS	2.0	train	1,4	1,4	0.956, 0.963	True	1.0	3.12502	3.00156	0.42621	0.05662	0.17064	0.00315	1.66395	0.71402	0.57169	0.00236	0.00865	0.0	0.0173	0.0	0.07313	0.01887	0.0	0.25793	0.04246	0.0118
HG03887								3/6,5	0.992, 0.984		1.0	0.03235	0.03303	0.33971	0.05594	1.22404	0.44553	0.12267	0.04112	6.95196	2.56671	0.87759	0.00472	0.08897	0.0	0.10852	0.00876	0.00202	0.07886	0.09099	0.00539
HG03888								1,5	0.984, 0.973		1.0	4.72467	4.49947	0.31782	0.04631	0.1126	0.00545	0.09898	0.00999	3.77938	1.24133	0.53213	0.00363	0.10624	0.0	0.10534	0.01635	0.00182	0.09262	0.03269	0.01271
HG03890								1,2	0.947, 0.969		1.0	2.2638	2.20789	9.17772	6.47517	0.1327	0.00226	0.17053	0.01129	0.30154	0.00169	0.01751	0.0	0.01468	0.0	0.06324	0.04009	0.0	0.09825	0.02541	0.0367
HG03894	2		STU	SAS	2.0	train	2,3/6	2,3/6	0.954, 0.994	True	1.0	0.0301	0.03698	4.27488	2.80004	1.39658	0.63465	0.15049	0.03612	0.29669	0.00172	0.00602	0.0	0.02064	0.00086	0.0344	0.01032	0.0	0.1161	0.02838	0.00946
HG03895								1,2	0.959, 0.981		1.0	3.14913	3.02366	7.17902	4.72493	0.1118	0.00124	0.17143	0.02547	0.35901	0.00994	0.01615	0.00124	0.01739	0.0	0.0764	0.03106	0.00124	0.11367	0.03106	0.0323
HG03896		2	STU	SAS	2.0	train	2,3/6	2,3/6	0.985, 0.973	True	1.0	0.01982	0.02238	9.11207	6.04466	1.2354	0.67845	0.16689	0.02238	0.31269	0.0032	0.01407	0.00064	0.01663	0.00064	0.07162	0.02686	0.00064	0.11254	0.0211	0.01471
HG03897								2,3/6	0.931, 0.994		1.0	0.02431	0.01994	4.87513	3.4647	1.33751	0.86384	0.18947	0.01433	0.31101	0.00374	0.01247	0.00062	0.01122	0.00062	0.09349	0.01122	0.0	0.08102	0.02742	0.00436
HG03898								2,5	0.956, 0.979		1.0	0.01548	0.01116	5.52093	3.66033	0.11091	0.0018	0.1624	0.0108	6.95121	2.61391	0.51997	0.00504	0.07418	0.0	0.09146	0.02665	0.00036	0.04105	0.10911	0.01296
HG03899								3/6,3/6	0.997		1.0	0.02756	0.03981	0.39095	0.06533	2.65293	1.35658	0.11943	0.04185	0.3736	0.00612	0.02756	0.00102	0.01531	0.00102	0.08472	0.00612	0.0	0.11739	0.03879	0.01225
HG03900								3/6,3/6	0.997		1.0	0.03005	0.06976	0.35203	0.03112	3.21224	1.33298	0.05903	0.06332	0.35847	0.00322	0.02683	0.0	0.01181	0.0	0.06547	0.01073	0.0	0.10411	0.04937	0.00644
HG03902								2,2	0.996		1.0	0.0187	0.01626	8.98243	6.2962	0.1114	0.0	0.16588	0.01016	0.14555	0.00122	0.0126	0.0	0.01911	0.0	0.03497	0.02317	0.00041	0.07847	0.01301	0.03253
HG03904			BEB	SAS	2.0	train	3/6,3/6	3/6,3/6	0.996	True	1.0	0.04419	0.05127	0.36505	0.09281	2.91687	1.33557	0.11756	0.02033	0.35621	0.00265	0.04508	0.00177	0.03624	0.00177	0.04861	0.02298	0.00088	0.31732	0.06894	0.00619
HG03905	5	1	BEB	SAS	2.0	train	1,5	1,5	0.983, 0.991	True	1.0	2.57018	2.40219	0.28972	0.13147	0.17448	0.00081	0.14202	0.01217	5.27507	2.23744	0.29216	0.00568	0.1055	0.0	0.14202	0.03409	0.00081	0.06817	0.07953	0.00325
HG03906		1	BEB	SAS	2.0	train	1,3/6	1,3/6	0.971, 0.989	True	1.0	2.15633	2.01756	0.39543	0.10711	1.78043	0.62514	0.11923	0.01751	0.34086	0.00337	0.02897	0.0	0.02695	0.0	0.10105	0.03772	0.00067	0.27282	0.04446	0.00606
HG03907	4		BEB	SAS	2.0	train	3/6,4	3/6,4	0.939, 0.986	True	1.0	0.02319	0.02382	0.60862	0.03635	1.28557	0.89382	1.0781	0.6431	0.43312	0.00376	0.02319	0.00063	0.01254	0.0	0.06143	0.0094	0.00063	0.18867	0.0163	0.00627
HG03908	2	4	BEB	SAS	2.0	train	2,4	2,4	0.976, 0.95	True	1.0	0.02379	0.02923	3.221	2.21168	0.18283	0.0	1.3682	0.67356	0.5553	0.00476	0.00612	0.00068	0.01495	0.00136	0.07069	0.01903	0.0	0.17332	0.01903	0.0469
HG03909		4	BEB	SAS	2.0	train	3/6,4	3/6,4	0.928, 0.992	True	1.0	0.02816	0.02752	0.53434	0.03584	1.23251	0.85175	0.85111	0.49339	0.43259	0.00128	0.01152	0.0	0.0224	0.0	0.05119	0.00832	0.0	0.26941	0.02752	0.00384
HG03910								3/6,3/6	0.997		1.0	0.02642	0.02378	0.27085	0.03369	2.52091	2.00365	0.10966	0.00991	0.23914	0.00198	0.00727	0.00066	0.0185	0.0	0.13477	0.00727	0.00198	0.1123	0.08984	0.00462
HG03911								2,2	0.988		1.0	0.02765	0.03242	14.89516	9.56013	0.1497	0.00095	0.11538	0.00954	0.44721	0.00095	0.02479	0.00095	0.01621	0.00095	0.05054	0.03337	0.00286	0.13731	0.041	0.02384
HG03913			BEB	SAS	2.0	test	3/6,3/6	3/6,3/6	0.997	True	1.0	0.03487	0.03952	0.21152	0.03138	2.28955	1.22846	0.11738	0.01162	0.52067	0.00232	0.00814	0.00116	0.01976	0.00116	0.11273	0.01162	0.00116	0.07554	0.05811	0.00116
HG03914		2	BEB	SAS	2.0	train	2,3/6	2,3/6	0.969, 0.983	True	1.0	0.02412	0.02723	5.17353	3.57868	1.46959	0.74063	0.13615	0.01478	0.28318	0.00389	0.03267	0.0	0.00856	0.00078	0.0319	0.00856	0.00078	0.12292	0.02178	0.03112
HG03915		2	BEB	SAS	2.0	test	2,3/6	2,3/6	0.922, 0.98	True	1.0	0.03258	0.01629	5.77402	4.25913	0.56533	0.43597	0.16098	0.00862	0.33153	0.00287	0.02779	0.00096	0.02108	0.0	0.08145	0.01246	0.0	0.12456	0.04024	0.03354
HG03916								2,3/6	0.88, 0.975		1.0	0.02258	0.01807	4.87245	3.58753	1.46557	0.66993	0.12796	0.0128	0.25593	0.00151	0.00527	0.01355	0.0143	0.0	0.08205	0.00903	0.0	0.08431	0.03688	0.00677
HG03917								2,4	0.894, 0.914		1.0	0.03569	0.04028	7.37814	5.13002	0.25648	0.00306	1.58525	0.54558	0.33908	0.00663	0.00867	0.00204	0.026	0.00153	0.05201	0.02549	0.0	0.18509	0.03773	0.03773
HG03919								2,2	0.997		1.0	0.0136	0.02877	15.75478	10.56596	0.10986	0.00052	0.23645	0.01046	0.17211	0.00262	0.02249	0.00105	0.01569	0.0	0.04603	0.03243	0.0	0.11195	0.00732	0.01569
HG03920								2,2	0.993		1.0	0.02018	0.01682	5.45234	3.82054	0.10829	0.00135	0.21928	0.01009	0.17421	0.00404	0.01009	0.00135	0.0148	0.0	0.0713	0.00673	0.0	0.06121	0.04439	0.03565
HG03922								2,3/6	0.925, 0.975		1.0	0.02996	0.02509	10.5898	6.87846	1.64801	0.83969	0.1094	0.0223	0.26271	0.00139	0.01533	0.0	0.01533	0.0	0.03205	0.02439	0.00139	0.12613	0.05087	0.0216
HG03925	1	2	BEB	SAS	2.0	train	1,2	1,2	0.952, 0.969	True	1.0	2.32851	2.16086	6.22928	4.44601	0.08779	0.00053	0.12163	0.04548	0.48865	0.00264	0.01111	0.0	0.01798	0.0	0.08356	0.03173	0.00106	0.10207	0.03543	0.04072
HG03926	2		BEB	SAS	2.0	train	2,3/6	2,3/6	0.986, 0.972	True	1.0	0.02879	0.01577	7.98086	5.80775	1.01526	0.42365	0.15493	0.0096	0.19606	0.00069	0.00548	0.0	0.01097	0.0	0.06444	0.0521	0.00137	0.09255	0.04456	0.01302
HG03927	2		BEB	SAS	2.0	test	2,3/6	2,3/6	0.93, 0.979	True	1.0	0.03786	0.02524	7.15924	5.02075	1.12603	0.46021	0.13138	0.01336	0.15068	0.0052	0.0052	0.00148	0.02672	0.0	0.07868	0.01707	0.00074	0.18186	0.08759	0.03192
HG03928	2	1	BEB	SAS	2.0	test	1,2	1,2	0.932, 0.986	True	1.0	2.94685	2.75177	5.26121	4.23033	0.11705	0.00205	0.19303	0.02327	0.32172	0.00137	0.00958	0.0	0.01437	0.0	0.05613	0.03286	0.0	0.10336	0.04312	0.03491
HG03929		2	BEB	SAS	2.0	train	2,3/6	2,3/6	0.974, 0.947	True	1.0	0.01415	0.01584	12.12217	7.57183	1.05017	0.52225	0.09393	0.05545	0.22633	0.00113	0.02773	0.00113	0.01811	0.0	0.03055	0.01867	0.00113	0.12618	0.0696	0.00113
HG03930	1	2	BEB	SAS	2.0	train	1,2	1,2	0.951, 0.943	True	1.0	2.58546	2.4185	11.94464	7.49462	0.14847	0.0006	0.10614	0.0167	0.29695	0.00894	0.00894	0.0006	0.02445	0.0	0.02206	0.02981	0.00119	0.18425	0.08706	0.00954
HG03931								2,3/6	0.984, 0.962		1.0	0.0203	0.02233	9.97428	6.47537	1.39212	0.63481	0.07648	0.01895	0.20303	0.00203	0.0291	0.00135	0.01827	0.0	0.0291	0.05076	0.00068	0.11031	0.0291	0.01963
HG03934								1,4	0.924, 0.937		1.0	3.56658	3.46259	0.41343	0.06373	0.18701	0.00252	1.31241	0.56103	0.46626	0.00335	0.00755	0.0	0.01677	0.0	0.05115	0.01929	0.0	0.18869	0.03858	0.00419
HG03937								1,2	0.963, 0.986		1.0	2.46739	2.36051	7.66759	5.44935	0.12457	0.00283	0.21942	0.01982	0.21446	0.00212	0.00991	0.0	0.01982	0.0	0.10334	0.03185	0.00212	0.20172	0.05521	0.02194
HG03940			BEB	SAS	2.0	test	3/6,3/6	3/6,3/6	0.997	True	1.0	0.03439	0.03917	0.44424	0.02197	3.50902	1.51806	0.10413	0.04012	0.37545	0.0	0.03439	0.0	0.01529	0.0	0.05446	0.0086	0.00096	0.14044	0.05446	0.00478
HG03941	1		BEB	SAS	2.0	train	1,3/6	1,3/6	0.991, 0.967	True	1.0	3.40399	3.27156	0.36034	0.09394	1.39902	0.78921	0.09778	0.05236	0.45428	0.00385	0.02618	0.00077	0.01078	0.0	0.14629	0.02849	0.0	0.14013	0.06699	0.02233
HG03942			BEB	SAS	2.0	train	3/6,3/6	3/6,3/6	0.996	True	1.0	0.02758	0.03126	0.28775	0.04689	3.14962	1.62905	0.05332	0.0616	0.37876	0.0046	0.04872	0.00276	0.02482	0.0	0.06527	0.01747	0.00092	0.29235	0.04964	0.00919
HG03943	2	2	STU	SAS	2.0	train	2,2	2,2	0.984	True	1.0	0.04788	0.04539	12.29293	8.4662	0.09265	0.0	0.19899	0.03047	0.16292	0.0	0.0199	0.00062	0.01803	0.0	0.04042	0.02425	0.00062	0.12996	0.01741	0.03171
HG03944	4		STU	SAS	2.0	train	3/6,4	3/6,4	0.969, 0.983	True	1.0	0.02918	0.02918	0.38823	0.03361	1.3345	0.61905	1.56709	0.70218	0.45279	0.00531	0.00796	0.00177	0.01061	0.0	0.0902	0.01503	0.0	0.18395	0.12293	0.00707
HG03945								3/6,3/6	0.997		1.0	0.02638	0.03208	0.43274	0.03422	2.50303	1.6126	0.14258	0.02638	0.29728	0.00428	0.03137	0.00143	0.02139	0.0	0.072	0.00784	0.00214	0.18963	0.01568	0.00927
HG03947								3/6,3/6	0.996		1.0	0.03536	0.03164	0.29126	0.03164	2.36733	1.12411	0.08282	0.01489	0.26986	0.00372	0.02233	0.0	0.0121	0.0	0.09119	0.0214	0.00186	0.1461	0.06049	0.00279
HG03949								2,2	0.997		1.0	0.02186	0.01973	13.66142	9.05519	0.11835	0.0	0.11462	0.01066	0.20152	0.00107	0.02292	0.00053	0.0112	0.00053	0.04958	0.04372	0.00107	0.0917	0.02079	0.03839
HG03950								2,5	0.947, 0.99		1.0	0.01434	0.01836	4.58337	2.93625	0.1245	0.0	0.12048	0.00631	6.7715	2.64079	0.75787	0.00402	0.07286	0.0	0.08606	0.01492	0.00057	0.02926	0.08319	0.01377
HG03951								1,3/6	0.93, 0.975		1.0	3.10625	2.99416	0.39075	0.05526	1.6593	0.78702	0.1113	0.03868	0.31734	0.00316	0.01184	0.0	0.01658	0.0	0.06789	0.01026	0.00079	0.13025	0.03947	0.01579
HG03953								3/6,4	0.838, 0.957		1.0	0.03814	0.03016	0.45416	0.02484	1.95412	0.72825	1.00589	0.50383	0.40626	0.00532	0.04701	0.0	0.00798	0.0	0.07185	0.01685	0.00177	0.14813	0.04346	0.00976
HG03955								3/6,5	0.985, 0.916		1.0	0.01289	0.01856	0.41803	0.04124	1.17523	0.43607	0.18969	0.02113	8.91219	3.35921	0.62164	0.01134	0.09175	0.00052	0.10773	0.00412	0.0	0.06856	0.12886	0.00567
HG03960								3/6,3/6	0.996		1.0	0.035	0.03172	0.397	0.07437	3.25149	1.51146	0.08968	0.03172	0.34998	0.00328	0.02078	0.00109	0.01641	0.0	0.07218	0.02625	0.00328	0.09515	0.08531	0.00328
HG03963								2,3/6	0.987, 0.99		1.0	0.01908	0.02445	8.64097	5.83717	0.82528	0.57125	0.13596	0.01491	0.24866	0.00179	0.00775	0.00119	0.01312	0.0	0.06321	0.01491	0.0006	0.13357	0.04234	0.01014
HG03965								2,3/6	0.979, 0.93		1.0	0.01645	0.02358	11.75403	8.09032	0.6406	0.27368	0.20403	0.02468	0.283	0.00713	0.01755	0.0011	0.01152	0.0	0.06307	0.05375	0.0011	0.13876	0.0543	0.04826
HG03967								2,3/6	0.997, 0.968		1.0	0.02279	0.02152	7.52116	5.36647	1.0919	0.86086	0.22788	0.01013	0.19306	0.0038	0.00886	0.00316	0.02152	0.00063	0.05317	0.01709	0.00127	0.15002	0.03608	0.02342
HG03968								1,2	0.982, 0.971		1.0	2.94239	2.80222	4.64874	3.49611	0.11179	0.00116	0.1784	0.02259	0.34637	0.00116	0.00985	0.00116	0.01332	0.0	0.07356	0.02085	0.00058	0.1002	0.03186	0.01274
HG03969								1,2	0.953, 0.948		1.0	3.17793	3.0847	10.27894	6.50217	0.1851	0.00136	0.13338	0.01565	0.23137	0.00408	0.02314	0.0	0.02246	0.00136	0.06056	0.04151	0.00068	0.14631	0.04151	0.02586
HG03971								2,3/6,4	0.976, 0.854, 0.776		1.0	0.02223	0.01502	4.95941	3.22815	0.61474	0.13761	0.85812	0.41704	0.26801	0.0006	0.02524	0.0012	0.01683	0.0006	0.09615	0.02103	0.0018	0.13761	0.03666	0.02344
HG03973								2,3/6,4	0.962, 0.869, 0.842		1.0	0.02265	0.01812	6.71547	4.63274	0.67116	0.18575	0.99218	0.45434	0.31778	0.00194	0.02136	0.00065	0.01294	0.0	0.04401	0.03754	0.00259	0.11326	0.01489	0.00453
HG03974								3/6,4	0.952, 0.961		1.0	0.0326	0.03362	0.53582	0.04686	1.29981	0.59592	1.29472	0.73751	0.76094	0.00509	0.0275	0.0	0.01732	0.0	0.07232	0.00102	0.00102	0.17419	0.0438	0.00407
HG03976								1,1	0.997		1.0	6.41012	6.0652	0.33541	0.04203	0.07929	0.00079	0.0904	0.0222	0.66369	0.00238	0.00952	0.0	0.01348	0.0	0.16493	0.02379	0.0	0.11022	0.0452	0.02617
HG03977								3/6,3/6	0.996		1.0	0.03757	0.03315	0.35138	0.0232	2.77676	1.62871	0.09392	0.03094	0.2453	0.0011	0.00442	0.0	0.00884	0.0	0.09392	0.01657	0.0011	0.11602	0.04088	0.00552
HG03978								3/6,3/6	0.997		1.0	0.0288	0.02511	0.38922	0.02142	2.51259	1.52292	0.08346	0.02659	0.23412	0.00295	0.04136	0.00074	0.01625	0.0	0.09454	0.00665	0.00074	0.12482	0.00812	0.00148
HG03985								2,4	0.995, 0.88		1.0	0.0183	0.02516	7.50752	5.21106	0.18298	0.0	1.19283	0.54781	0.32365	0.00457	0.02916	0.00229	0.01658	0.0	0.05032	0.04346	0.00057	0.13838	0.0589	0.03431
HG03986								3/6,3/6	0.994		1.0	0.04919	0.0585	0.40948	0.04653	2.97668	1.32548	0.10769	0.02792	0.31907	0.00133	0.01197	0.00133	0.01861	0.0	0.16352	0.01197	0.0	0.09439	0.11832	0.00798
HG03989								2,3/6	0.923, 0.961		1.0	0.07666	0.06963	9.08509	5.98921	0.92342	0.49723	0.19622	0.02532	0.32211	0.00211	0.05064	0.0007	0.01969	0.0	0.05837	0.01477	0.00141	0.14277	0.03305	0.03165
HG03990								2,3/6	0.971, 0.973		1.0	0.03279	0.02657	8.36961	5.34549	1.17086	0.84182	0.15265	0.01922	0.20296	0.0017	0.0441	0.0	0.02375	0.0	0.0441	0.04466	0.00113	0.15774	0.00678	0.02431
HG03991								2,3/6	0.975, 0.983		1.0	0.02075	0.02075	7.92744	5.60588	1.2663	0.62367	0.19445	0.01779	0.20809	0.00652	0.01956	0.00119	0.01304	0.00237	0.03972	0.01719	0.00119	0.14643	0.02194	0.02194
HG03992		2	STU	SAS	2.0	train	2,3/6	2,3/6	0.993, 0.993	True	1.0	0.02376	0.02236	7.37074	5.36962	0.99217	0.53102	0.12297	0.02026	0.18027	0.0014	0.00838	0.0014	0.01328	0.0014	0.06498	0.01607	0.0	0.13415	0.07337	0.01817
HG03995								3/6,3/6	0.997		1.0	0.02699	0.0189	0.37792	0.0207	2.73451	1.47208	0.12327	0.03689	0.32753	0.0063	0.0198	0.0018	0.0126	0.0	0.10888	0.0126	0.0009	0.10258	0.17276	0.0054
HG03998								1,3/6	0.966, 0.991		1.0	4.19027	3.97516	0.37866	0.0884	1.33635	0.55767	0.11124	0.02726	0.31604	0.00221	0.01179	0.0	0.02063	0.00074	0.08693	0.02947	0.00074	0.12818	0.06557	0.00295
HG03999								2,3/6	0.993, 0.984		1.0	0.02236	0.02894	6.7156	4.319	1.27393	0.54522	0.12956	0.01447	0.2486	0.00197	0.02236	0.00263	0.01644	0.00132	0.04801	0.02499	0.0	0.10063	0.01644	0.04538
HG04001								2,3/6	0.977, 0.991		1.0	0.01907	0.03076	8.2449	5.38176	1.38112	0.73147	0.1538	0.02522	0.19625	0.00308	0.01415	0.00123	0.01415	0.00123	0.03814	0.01784	0.00185	0.12366	0.01907	0.016
HG04002								2,4	0.958, 0.919		1.0	0.01815	0.02107	7.12906	4.87408	0.19143	0.00059	2.67823	0.83186	0.43496	0.00293	0.01054	0.0	0.01346	0.0	0.03747	0.06732	0.0	0.16567	0.0363	0.0199
HG04003								2,2	0.996		1.0	0.01503	0.01547	11.05109	7.46479	0.14455	0.00177	0.22588	0.01194	0.21262	0.00088	0.01724	0.0	0.02166	0.0	0.04465	0.02608	0.00177	0.13438	0.02254	0.04376
HG04006								1,2	0.986, 0.974		1.0	3.14746	3.00897	5.65082	3.61351	0.07584	0.00165	0.14179	0.02308	0.23852	0.0011	0.0055	0.0011	0.01044	0.0	0.10112	0.03352	0.0011	0.15608	0.02583	0.04562
HG04014								2,3/6	0.898, 0.994		1.0	0.02398	0.03171	4.10253	3.11016	1.0295	0.64353	0.10519	0.01702	0.27304	0.00309	0.00851	0.0	0.01779	0.00077	0.08276	0.01083	0.0	0.06729	0.02398	0.00541
HG04015								3/6,3/6	0.997		1.0	0.02848	0.05339	0.27645	0.01898	2.79175	1.61122	0.12695	0.02017	0.28594	0.00119	0.0178	0.0	0.01186	0.00119	0.06526	0.00593	0.00237	0.12695	0.11865	0.00356
HG04017								2,3/6	0.995, 0.954		1.0	0.01712	0.02154	12.46189	8.40274	1.11959	0.47888	0.15521	0.04143	0.26181	0.00276	0.02872	0.00166	0.0116	0.0	0.04143	0.05689	0.00055	0.10053	0.06407	0.04861
HG04018								2,3/6	0.969, 0.958		1.0	0.028	0.02333	11.04509	7.13836	1.34243	0.44799	0.13689	0.05289	0.36711	0.00156	0.03033	0.00078	0.01867	0.00078	0.05755	0.05289	0.00078	0.133	0.01867	0.021
HG04019								3/6,4	0.986, 0.988		1.0	0.02661	0.03467	0.5048	0.03064	1.23539	0.48384	1.9797	0.74269	0.58867	0.00403	0.00887	0.0	0.02339	0.00161	0.08306	0.00726	0.00081	0.15805	0.04193	0.00645
HG04020								3/6,3/6	0.984		1.0	0.03789	0.0341	0.37794	0.10893	2.06397	1.50228	0.20081	0.00284	0.24343	0.0	0.00284	0.0	0.02273	0.0	0.11082	0.01231	0.0	0.10893	0.13735	0.00474
HG04022								2,2	0.997		1.0	0.00876	0.01795	12.12923	8.21416	0.11429	0.00044	0.19267	0.01489	0.19923	0.00263	0.01883	0.0	0.01576	0.00044	0.03153	0.04729	0.00088	0.1121	0.05736	0.06262
HG04023								2,3/6	0.994, 0.958		1.0	0.02175	0.02289	12.32221	8.30371	1.06687	0.44987	0.17743	0.03205	0.25012	0.00114	0.0372	0.00229	0.01202	0.0	0.03205	0.05895	0.00172	0.12649	0.06124	0.04064
HG04025								2,3/6	0.964, 0.992		1.0	0.02584	0.02924	4.72191	3.49093	0.82632	0.50463	0.19587	0.0136	0.18907	0.00068	0.00544	0.00136	0.01224	0.00068	0.06529	0.00748	0.00068	0.06801	0.05033	0.00408
HG04026								2,3/6	0.994, 0.963		1.0	0.02159	0.01583	7.57535	5.16632	0.6627	0.3389	0.19859	0.01655	0.195	0.00144	0.01079	0.0	0.02159	0.00144	0.05253	0.03382	0.00144	0.08706	0.05325	0.04101
HG04029								2,2	0.992		1.0	0.02077	0.02811	8.9832	6.32771	0.08982	0.00061	0.20897	0.02077	0.20408	0.00367	0.00428	0.00183	0.00733	0.00061	0.06782	0.01589	0.0	0.07516	0.02566	0.02383
HG04033								1,4	0.967, 0.95		1.0	2.90249	2.79663	0.39428	0.06108	0.15066	0.00339	1.11227	0.6922	0.73224	0.00407	0.00746	0.0	0.01289	0.0	0.10926	0.02104	0.00136	0.11062	0.0509	0.01561
HG04035								2,3/6	0.993, 0.966		1.0	0.02681	0.02275	7.82949	5.59365	0.90425	0.36804	0.20717	0.0065	0.24454	0.00325	0.00569	0.00162	0.01625	0.00081	0.06581	0.01625	0.0	0.08856	0.04712	0.026
HG04036		2	STU	SAS	2.0	test	2,3/6	2,3/6	0.933, 0.983	True	1.0	0.0579	0.06369	8.01083	5.31836	1.05238	0.50375	0.12015	0.02533	0.23595	0.00434	0.01592	0.00145	0.01665	0.0	0.05211	0.02099	0.0	0.14403	0.06948	0.02171
HG04038								2,3/6	0.994, 0.987		1.0	0.02199	0.01772	5.6122	4.05	0.71054	0.41728	0.11425	0.02871	0.20161	0.00428	0.01588	0.0	0.01222	0.00061	0.05254	0.01833	0.00183	0.08859	0.02871	0.02994
HG04039								3/6,4	0.838, 0.986		1.0	0.02622	0.02435	0.5051	0.03184	1.36983	0.63684	1.21811	0.52695	0.33465	0.0025	0.01686	0.00125	0.00874	0.00187	0.07867	0.00499	0.0	0.15422	0.04745	0.00624
HG04042								1,2	0.97, 0.988		1.0	2.54874	2.40081	7.56631	5.25296	0.11931	0.00162	0.18086	0.01188	0.20623	0.0027	0.0135	0.00054	0.01296	0.0	0.07126	0.02861	0.00054	0.10635	0.01782	0.02807
HG04047								1,3/6	0.953, 0.955		1.0	3.82978	3.68511	0.47969	0.05197	0.906	0.60049	0.16575	0.01053	0.32728	0.0007	0.01405	0.0007	0.02458	0.0007	0.0892	0.03371	0.0007	0.23036	0.03512	0.00913
HG04054								1,3/6	0.959, 0.967		1.0	2.97164	2.76593	0.39091	0.03861	1.52443	0.99236	0.13513	0.02534	0.32757	0.00121	0.01026	0.01207	0.01327	0.00121	0.09833	0.0187	0.0006	0.19184	0.02051	0.01146
HG04056								2,3/6	0.989, 0.902		1.0	0.02132	0.02198	12.42605	8.39684	0.50365	0.26315	0.20452	0.03731	0.24183	0.004	0.02065	0.00067	0.01666	0.0	0.07661	0.06262	0.00067	0.14057	0.03598	0.0473
HG04059								3/6,3/6	0.997		1.0	0.03626	0.04626	0.40634	0.09127	1.79415	1.27279	0.15378	0.01125	0.38759	0.005	0.00375	0.00125	0.01875	0.0025	0.12628	0.00375	0.0	0.11753	0.10377	0.01375
HG04060								1,3/6	0.982, 0.969		1.0	3.61826	3.48109	0.33247	0.04592	1.35082	0.6725	0.12206	0.04534	0.39176	0.00291	0.01453	0.00058	0.01744	0.0	0.10462	0.01627	0.00058	0.22959	0.06219	0.01337
HG04061								2,3/6	0.959, 0.973		1.0	0.02496	0.02683	4.81078	3.51809	1.43743	0.71185	0.22148	0.02745	0.2795	0.00374	0.02558	0.0	0.01809	0.0	0.06551	0.02184	0.0	0.13351	0.05802	0.02371
HG04062								1,2	0.926, 0.929		1.0	2.5511	2.47317	11.56791	7.73125	0.14943	0.00071	0.21378	0.01144	0.46904	0.00143	0.00214	0.00071	0.01573	0.00071	0.09867	0.05362	0.00286	0.14943	0.00715	0.01287
HG04063								2,2	0.997		1.0	0.01282	0.01892	17.48422	11.78108	0.14223	0.0	0.20449	0.03663	0.20327	0.00244	0.02442	0.00122	0.01404	0.0	0.02442	0.07813	0.0	0.11049	0.047	0.03663
HG04070								2,3/6	0.983, 0.982		1.0	0.02219	0.0229	7.44823	4.69326	0.77374	0.51678	0.13098	0.01145	0.30062	0.00286	0.02004	0.00072	0.01933	0.00072	0.0408	0.02505	0.00072	0.13886	0.02147	0.06442
HG04075	2	2	STU	SAS	2.0	train	2,2	2,2	0.996	True	1.0	0.0262	0.0152	12.44026	9.02193	0.15354	0.00157	0.21538	0.00943	0.15512	0.00105	0.02096	0.00052	0.02568	0.0	0.06289	0.03406	0.00052	0.1656	0.03511	0.01677
HG04076								2,3/6	0.985, 0.963		1.0	0.02681	0.02892	10.41849	7.06042	1.2621	0.38378	0.16861	0.0134	0.39295	0.00635	0.02892	0.00141	0.01129	0.00071	0.04727	0.03598	0.00071	0.09453	0.0381	0.01129
HG04080								3/6,5	0.98, 0.98		1.0	0.03007	0.03546	0.29295	0.05936	1.36685	0.75474	0.14031	0.00694	6.09186	2.81003	0.51729	0.00617	0.1087	0.00154	0.08018	0.0054	0.0	0.0717	0.09714	0.00463
HG04090								3/6,3/6	0.997		1.0	0.03019	0.02463	0.40363	0.06356	3.0193	1.82111	0.09852	0.02384	0.32338	0.00397	0.05244	0.0	0.0151	0.0	0.06595	0.00636	0.0	0.16686	0.02304	0.01033
HG04093								3/6,4	0.699, 0.991		1.0	0.03907	0.03524	0.4979	0.04443	2.0544	1.01418	1.25087	0.62658	0.28189	0.0023	0.02758	0.0	0.01455	0.0	0.0766	0.00536	0.0	0.16163	0.05056	0.00536
HG04094								3/6,3/6	0.997		1.0	0.02337	0.02062	0.4014	0.02681	2.64071	1.82692	0.15259	0.03918	0.32786	0.00275	0.01718	0.0	0.01856	0.0	0.07286	0.0055	0.00069	0.16221	0.04055	0.00481
HG04096								3/6,3/6	0.987		1.0	0.03094	0.03563	0.48943	0.05719	2.54843	1.24702	0.18752	0.05344	0.3066	0.00188	0.01781	0.0	0.02344	0.0	0.08157	0.01125	0.00094	0.23534	0.07501	0.01219
HG04098								2,3/6	0.994, 0.97		1.0	0.02153	0.01907	8.98236	6.21893	1.04213	0.37219	0.19686	0.008	0.15011	0.00431	0.01476	0.00123	0.0203	0.00123	0.0406	0.02399	0.00123	0.13719	0.07013	0.02461
HG04099	2	2	STU	SAS	2.0	train	2,2	2,2	0.996	True	1.0	0.01274	0.01631	14.33245	9.85598	0.13403	0.00051	0.17735	0.01121	0.16053	0.00153	0.03771	0.0	0.02701	0.00051	0.03567	0.05657	0.00204	0.09988	0.03007	0.03007
HG04100		2	STU	SAS	2.0	test	2,3/6	2,3/6	0.983, 0.976	True	1.0	0.02097	0.0233	7.73838	5.61643	1.17353	0.9158	0.18689	0.01678	0.18502	0.00186	0.00886	0.00093	0.01352	0.0	0.04008	0.03402	0.00047	0.13376	0.02703	0.0261
HG04106								1,2	0.985, 0.883		1.0	4.24645	4.03409	2.12286	1.29161	0.18763	0.00218	0.11272	0.00873	0.4509	0.00364	0.01309	0.00073	0.01818	0.0	0.07636	0.03273	0.0	0.14909	0.04509	0.04945
HG04107								2,3/6	0.965, 0.99		1.0	0.02121	0.02121	6.27989	3.96077	1.32283	0.62349	0.13241	0.036	0.33296	0.00321	0.03407	0.0	0.01671	0.00193	0.03021	0.01928	0.00129	0.13177	0.03407	0.00836
HG04115		2	STU	SAS	2.0	train	2,3/6	2,3/6	0.985, 0.976	True	1.0	0.02048	0.0198	9.66064	6.31413	1.11345	0.50177	0.13176	0.03277	0.1973	0.00546	0.00887	0.0	0.01229	0.0	0.08056	0.03686	0.00205	0.1577	0.01161	0.01161
HG04118								2,3/6	0.993, 0.978		1.0	0.01995	0.01808	7.69921	5.49356	1.31167	0.62342	0.15149	0.02494	0.29799	0.00249	0.03865	0.0	0.02057	0.0	0.03366	0.00935	0.0	0.10099	0.00374	0.01683
HG04122	2		STU	SAS	2.0	test	2,3/6	2,3/6	0.937, 0.994	True	1.0	0.02404	0.02885	6.56826	5.044	1.46976	0.61387	0.12342	0.01923	0.26606	0.0016	0.01843	0.0016	0.01523	0.0	0.07293	0.00481	0.0008	0.09857	0.03927	0.00641
HG04127			STU	SAS	2.0	train	3/6,3/6	3/6,3/6	0.997	True	1.0	0.03549	0.03549	0.29022	0.01775	3.25396	1.60349	0.03863	0.03341	0.29857	0.00418	0.0167	0.00104	0.01044	0.0	0.1117	0.00418	0.00104	0.1472	0.13989	0.00418
HG04131	2		BEB	SAS	2.0	test	2,3/6	2,3/6	0.949, 0.899	True	1.0	0.01353	0.01623	13.44845	8.73239	1.00588	0.34762	0.18711	0.0762	0.28044	0.0009	0.0284	0.00045	0.02435	0.0	0.06673	0.06492	0.00045	0.22634	0.03517	0.03697
HG04132	2		BEB	SAS	2.0	train	2,3/6	2,3/6	0.978, 0.957	True	1.0	0.02378	0.01767	10.28444	6.91813	1.06752	0.58574	0.09105	0.00612	0.22492	0.00136	0.01971	0.0	0.01223	0.0	0.05708	0.0299	0.0	0.16037	0.03601	0.04281
HG04133			BEB	SAS	2.0	train	3/6,3/6	3/6,3/6	0.987	True	1.0	0.04636	0.03628	0.27616	0.0383	2.99035	1.51282	0.0635	0.07861	0.43943	0.00806	0.01915	0.00101	0.0131	0.0	0.10784	0.03427	0.00202	0.19553	0.01209	0.02419
HG04134		1	BEB	SAS	2.0	train	1,3/6	1,3/6	0.982, 0.968	True	1.0	3.63553	3.53096	0.42867	0.05414	1.43953	0.62075	0.16687	0.02225	0.29147	0.0	0.02299	0.0	0.02151	0.0	0.11347	0.02077	0.0	0.20173	0.03263	0.01261
HG04135	2		BEB	SAS	2.0	train	2,3/6	2,3/6	0.877, 0.99	True	1.0	0.0303	0.03589	2.62682	2.12043	1.2847	0.58294	0.15311	0.01276	0.17703	0.00877	0.00797	0.00159	0.02791	0.0	0.07975	0.01754	0.00159	0.16348	0.08931	0.00797
HG04136		1	BEB	SAS	2.0	test	1,3/6	1,3/6	0.964, 0.99	True	1.0	3.67462	3.56201	0.24893	0.0489	1.08757	0.61268	0.07705	0.01185	0.23707	0.00741	0.0037	0.0	0.01704	0.0	0.1052	0.02815	0.00148	0.22226	0.09483	0.0037
HG04140			BEB	SAS	2.0	train	3/6,3/6	3/6,3/6	0.997	True	1.0	0.03338	0.03661	0.46516	0.05384	2.29671	1.17474	0.14644	0.014	0.28965	0.00538	0.00646	0.00323	0.01938	0.0	0.11198	0.00538	0.00108	0.14428	0.05599	0.00431
HG04141		1	BEB	SAS	2.0	train	1,3/6	1,3/6	0.936, 0.966	True	1.0	4.1695	4.0335	0.35953	0.04156	1.43748	0.61327	0.12089	0.01763	0.41682	0.00252	0.01763	0.00252	0.0107	0.00189	0.13348	0.00819	0.00252	0.14671	0.03967	0.02204
HG04142	1		BEB	SAS	2.0	test	1,3/6	1,3/6	0.911, 0.952	True	1.0	4.60542	4.49481	0.24976	0.06868	1.04454	0.60389	0.11774	0.00981	0.32469	0.00268	0.00714	0.00089	0.02765	0.0	0.1222	0.00624	0.00089	0.22033	0.08742	0.02587
HG04144								3/6,3/6	0.993		1.0	0.04253	0.03487	0.47884	0.02892	2.7701	1.23834	0.13098	0.0774	0.36232	0.0051	0.02041	0.00085	0.00851	0.0017	0.0757	0.03062	0.00255	0.12673	0.05358	0.0051
HG04146	4	5	BEB	SAS	2.0	train	4,5	4,5	1.0, 0.929	True	1.0	0.01602	0.02229	0.36847	0.03483	0.1811	0.00418	0.94451	0.66728	7.1646	2.74994	0.83724	0.00766	0.08219	0.0007	0.13722	0.00627	0.0007	0.0606	0.14	0.00557
HG04147	5	5	BEB	SAS	2.0	train	5,5	5,5	1.0	True	1.0	0.01403	0.01352	0.16179	0.01903	0.1097	0.0005	0.07363	0.00551	12.03979	4.63489	1.19516	0.00601	0.17932	0.0005	0.11871	0.01002	0.0005	0.0005	0.13875	0.0015
HG04148	5	5	BEB	SAS	2.0	train	5,5	5,5	1.0	True	1.0	0.01089	0.01336	0.18016	0.02227	0.1371	0.00099	0.07523	0.00792	11.67463	4.5282	1.24873	0.00643	0.1757	0.00049	0.14056	0.00643	0.00049	0.00049	0.15789	0.00099
HG04149	1		BEB	SAS	2.0	train	1,3/6	1,3/6	0.965, 0.989	True	1.0	3.85105	3.63319	0.22665	0.13261	0.74491	0.59674	0.06427	0.01421	0.32746	0.00271	0.00744	0.0	0.01353	0.0	0.07713	0.01556	0.00135	0.18876	0.0751	0.00271
HG04150		1	BEB	SAS	2.0	test	1,3/6	1,3/6	0.983, 0.981	True	1.0	4.86281	4.66725	0.23535	0.05587	0.68912	0.48086	0.1126	0.00931	0.52065	0.00169	0.00508	0.00085	0.01439	0.00085	0.11175	0.02709	0.00085	0.16001	0.02709	0.00423
HG04151	1		BEB	SAS	2.0	test	1,3/6	1,3/6	0.983, 0.982	True	1.0	4.42443	4.21295	0.25262	0.0498	0.80766	0.61278	0.1162	0.01804	0.48431	0.00577	0.00577	0.00144	0.01877	0.0	0.1162	0.02671	0.00144	0.20859	0.05269	0.00217
HG04152								3/6,5	0.942, 0.933		1.0	0.03228	0.03595	0.42261	0.08071	1.71097	1.02717	0.20177	0.04622	6.12853	2.75134	0.50698	0.01247	0.10345	0.0	0.09024	0.00587	0.00147	0.11299	0.06383	0.01467
HG04153								3/6,3/6	0.994		1.0	0.02607	0.03499	0.4789	0.03293	2.85075	1.35436	0.13036	0.04734	0.31492	0.00549	0.0199	0.00137	0.01715	0.0	0.0988	0.02196	0.00069	0.17701	0.01715	0.00686
HG04155			BEB	SAS	2.0	train	3/6,3/6	3/6,3/6	0.997	True	1.0	0.02998	0.03164	0.36058	0.03664	3.1994	1.5564	0.11242	0.04747	0.31311	0.00333	0.02582	0.00083	0.01499	0.00083	0.06912	0.00916	0.00083	0.11992	0.04414	0.00666
HG04156		2	BEB	SAS	2.0	train	2,3/6	2,3/6	0.969, 0.991	True	1.0	0.02701	0.02043	4.84411	3.39654	1.42121	0.62923	0.18383	0.01779	0.25696	0.00527	0.0145	0.00066	0.01779	0.00066	0.05073	0.01911	0.0	0.08763	0.02899	0.00527
HG04157	2		BEB	SAS	2.0	train	2,3/6	2,3/6	0.975, 0.983	True	1.0	0.01964	0.02619	4.54894	3.29582	1.50125	0.71756	0.10868	0.02095	0.26909	0.00196	0.01048	0.00065	0.0203	0.0	0.03994	0.00458	0.00131	0.13094	0.02226	0.00458
HG04158			BEB	SAS	2.0	test	3/6,3/6	3/6,3/6	0.997	True	1.0	0.03461	0.03638	0.54928	0.03638	3.79441	2.0596	0.13311	0.04969	0.29905	0.00532	0.03816	0.00266	0.02485	0.00177	0.05502	0.00976	0.00266	0.21918	0.07631	0.0071
HG04159	1		BEB	SAS	2.0	test	1,3/6	1,3/6	0.962, 0.963	True	1.0	3.65007	3.39285	0.4034	0.0458	1.5653	0.7334	0.12108	0.03513	0.40152	0.00627	0.01882	0.0	0.02008	0.0	0.07717	0.02196	0.00063	0.11042	0.06148	0.01819
HG04160			BEB	SAS	2.0	test	3/6,3/6	3/6,3/6	0.997	True	1.0	0.02778	0.02302	0.28022	0.01826	3.37054	1.81466	0.04207	0.05319	0.27784	0.00476	0.01826	0.00079	0.01508	0.0	0.05239	0.00714	0.00238	0.15479	0.0516	0.00238
HG04161								2,2	0.996		1.0	0.02313	0.01388	8.3912	5.94019	0.14031	0.00051	0.23693	0.01182	0.17783	0.00103	0.01388	0.00051	0.01747	0.00051	0.03803	0.03032	0.00154	0.06013	0.01593	0.02159
HG04162								2,3/6	0.994, 0.953		1.0	0.0192	0.0192	9.33387	6.72299	1.32609	0.47016	0.1862	0.02618	0.22169	0.0	0.03608	0.00058	0.02386	0.0	0.03957	0.05935	0.00233	0.18329	0.00989	0.01746
HG04164								2,3/6	0.995, 0.975		1.0	0.02061	0.02451	8.04347	5.72473	0.61213	0.47957	0.19105	0.00891	0.18603	0.00111	0.01671	0.0	0.02785	0.0	0.06127	0.02172	0.00111	0.1398	0.08076	0.03788
HG04171								1,2	0.942, 0.989		1.0	2.37569	2.31068	10.31296	6.81121	0.14571	0.00046	0.11666	0.01107	0.21995	0.00138	0.00646	0.00092	0.01153	0.0	0.04796	0.04519	0.00184	0.12727	0.01844	0.01245
HG04173	1	2	BEB	SAS	2.0	train	1,2	1,2	0.971, 0.958	True	1.0	3.47915	3.36605	4.38837	3.13042	0.12881	0.00189	0.1885	0.0088	0.32988	0.00063	0.00628	0.00126	0.02136	0.00126	0.09614	0.01257	0.00063	0.11876	0.05781	0.01571
HG04174		1	BEB	SAS	2.0	test	1,3/6	1,3/6	0.997, 0.964	True	1.0	4.18349	4.03649	0.17381	0.05448	0.86817	0.52056	0.09166	0.04756	0.41852	0.00519	0.01038	0.0	0.01384	0.00086	0.17121	0.02508	0.00086	0.26633	0.05534	0.01384
HG04175	1	2	BEB	SAS	2.0	train	1,2	1,2	0.957, 0.951	True	1.0	3.25413	3.10578	4.37586	3.37267	0.11854	0.00339	0.11786	0.03319	0.35495	0.01355	0.00745	0.0	0.01761	0.00068	0.10432	0.01219	0.00135	0.15715	0.01152	0.0149
HG04176								3/6,3/6	0.992		1.0	0.03922	0.03163	0.4694	0.06453	2.71012	1.33482	0.18346	0.01139	0.31251	0.00633	0.00886	0.00253	0.02404	0.00253	0.13285	0.01392	0.0	0.18093	0.02657	0.01139
HG04177								3/6,3/6	0.997		1.0	0.03223	0.03384	0.42136	0.02175	3.69556	1.53961	0.11038	0.06042	0.27473	0.00322	0.0145	0.00081	0.00967	0.0	0.05076	0.00564	0.00161	0.15469	0.0427	0.00483
HG04180								2,3/6	0.967, 0.982		1.0	0.02197	0.0226	8.21846	5.8167	1.33082	0.64093	0.16761	0.01758	0.27809	0.00251	0.01946	0.00063	0.02197	0.0	0.04834	0.03955	0.00063	0.11613	0.02385	0.00439
HG04182			BEB	SAS	2.0	test	3/6,3/6	3/6,3/6	0.997	True	1.0	0.04873	0.06265	0.31501	0.05395	2.18591	1.5411	0.10964	0.04351	0.26976	0.00435	0.0087	0.00174	0.0174	0.00087	0.08093	0.00435	0.0	0.181	0.13575	0.01044
HG04183	2	4	BEB	SAS	2.0	test	2,4	2,4	0.982, 0.912	True	1.0	0.01759	0.03079	5.20436	3.48896	0.14515	0.00098	1.08642	0.49458	0.45158	0.00049	0.00489	0.00049	0.01906	0.0	0.02737	0.03128	0.0	0.15492	0.01613	0.02541
HG04184	4		BEB	SAS	2.0	train	3/6,4	3/6,4	0.977, 0.991	True	1.0	0.04447	0.03837	0.27641	0.01918	1.02629	0.48568	1.08645	0.62257	0.64001	0.00174	0.00785	0.00349	0.01744	0.0	0.0715	0.00523	0.00087	0.22235	0.07324	0.0
HG04185		2	BEB	SAS	2.0	train	2,3/6	2,3/6	0.986, 0.945	True	1.0	0.02326	0.01898	13.05604	8.54406	1.27383	0.76944	0.21424	0.03061	0.21302	0.00306	0.04346	0.00122	0.01653	0.0	0.04407	0.07162	0.00122	0.16221	0.04469	0.05142
HG04186		4	BEB	SAS	2.0	test	3/6,4	3/6,4	0.892, 0.985	True	1.0	0.02566	0.02495	0.40136	0.03422	1.38018	0.90895	1.542	0.58672	0.39922	0.00214	0.00499	0.00214	0.02852	0.0	0.08697	0.00998	0.0	0.17751	0.05489	0.00499
HG04187	4	2	BEB	SAS	2.0	train	2,4	2,4	0.986, 0.903	True	1.0	0.0192	0.01646	12.27828	7.8929	0.19203	0.00165	1.04354	0.45812	0.26664	0.00384	0.02249	0.0	0.01372	0.0	0.03018	0.05596	0.00055	0.24196	0.03237	0.03347
HG04188								2,2	0.996		1.0	0.01086	0.01287	12.79416	9.04904	0.16694	0.00161	0.19792	0.00965	0.13556	0.00362	0.02856	0.0004	0.0173	0.0	0.04023	0.05149	0.00121	0.14844	0.02494	0.02293
HG04189								1,3/6	0.937, 0.952		1.0	3.77143	3.62641	0.36655	0.05339	1.28052	0.53229	0.14343	0.00877	0.36336	0.00877	0.00478	0.0	0.01195	0.0008	0.12749	0.00717	0.0008	0.13865	0.08207	0.01275
HG04191	2		BEB	SAS	2.0	train	2,3/6	2,3/6	0.995, 0.992	True	1.0	0.02205	0.01967	7.61821	5.24471	0.87382	0.52274	0.121	0.01431	0.18299	0.00238	0.01133	0.0006	0.02146	0.0	0.04113	0.02325	0.0006	0.15974	0.05007	0.02086
HG04192	5		BEB	SAS	2.0	train	3/6,5	3/6,5	0.972, 0.986	True	1.0	0.02848	0.06103	0.24006	0.04069	1.05218	0.67623	0.11718	0.00488	6.02581	2.44287	0.70633	0.01221	0.14322	0.00081	0.1359	0.00651	0.00081	0.10416	0.10904	0.00407
HG04193			BEB	SAS	2.0	train	3/6,3/6	3/6,3/6	0.989	True	1.0	0.02169	0.04251	0.27672	0.04858	1.94662	1.44261	0.12058	0.01388	0.28627	0.00781	0.00867	0.0	0.02776	0.0	0.08328	0.00867	0.00173	0.20646	0.09369	0.0026
HG04194								4,4	0.982		1.0	0.01915	0.03591	0.51225	0.03431	0.2274	0.0016	1.61495	1.37478	0.73886	0.00399	0.00559	0.0	0.01516	0.0	0.07261	0.00319	0.0	0.18431	0.05266	0.01356
HG04195								3/6,4	0.959, 0.937		1.0	0.03761	0.02752	0.59625	0.08348	0.68065	0.42655	1.23746	0.89163	0.55773	0.0055	0.01101	0.00092	0.03394	0.00183	0.06054	0.0055	0.0	0.21557	0.08623	0.01468
HG04198	2	2	ITU	SAS	2.0	train	2,2	2,2	0.995	True	1.0	0.01143	0.01715	12.35548	8.75016	0.16534	0.00122	0.26088	0.00735	0.19637	0.00163	0.01143	0.00041	0.02327	0.00082	0.03307	0.02899	0.00122	0.18004	0.04491	0.05022
HG04199	2	2	STU	SAS	2.0	train	2,2	2,2	0.996	True	1.0	0.01531	0.01383	12.28305	8.71012	0.11949	0.00247	0.1585	0.00839	0.1427	0.00198	0.01234	0.00049	0.01432	0.0	0.02419	0.03802	0.00247	0.16591	0.01629	0.02963
HG04200	2	2	ITU	SAS	2.0	train	2,2	2,2	0.995	True	1.0	0.0175	0.01992	12.25671	8.81991	0.1803	0.00097	0.27603	0.01166	0.1939	0.00243	0.01604	0.00049	0.02284	0.0	0.03645	0.03548	0.00194	0.13461	0.05054	0.04568
HG04202								3/6,4	0.953, 0.959		1.0	0.02386	0.03238	0.5802	0.06901	1.36658	0.50352	2.06265	0.76849	0.51375	0.00852	0.00937	0.0017	0.02045	0.00085	0.09372	0.00596	0.0	0.28371	0.08009	0.01193
HG04204			STU	SAS	2.0	train	3/6,3/6	3/6,3/6	0.997	True	1.0	0.02784	0.02707	0.26994	0.03171	3.18436	1.9182	0.07348	0.02475	0.20342	0.00155	0.0263	0.0	0.01547	0.0	0.0642	0.00464	0.00077	0.16552	0.07657	0.00077
HG04206								3/6,3/6	0.988		1.0	0.05383	0.03499	0.26782	0.03768	2.16142	1.55983	0.15343	0.00673	0.29474	0.00269	0.02961	0.0	0.01346	0.0	0.15073	0.00673	0.00135	0.13997	0.03365	0.01615
HG04209								2,2	0.996		1.0	0.01695	0.01469	10.84771	7.66937	0.12822	0.0	0.14742	0.02824	0.27225	0.00282	0.01073	0.00056	0.0209	0.0	0.05309	0.02598	0.00113	0.17115	0.02485	0.05027
HG04210								2,2	0.996		1.0	0.01643	0.00986	14.88054	9.91293	0.1585	0.00146	0.27245	0.01716	0.13586	0.00183	0.0347	0.0011	0.02958	0.00037	0.03652	0.05551	0.00146	0.16508	0.03396	0.04163
HG04211								2,3/6	0.978, 0.952		1.0	0.01998	0.01532	11.88524	7.52137	0.80136	0.28711	0.15188	0.00999	0.16254	0.00333	0.02065	0.00067	0.01466	0.00133	0.04796	0.0373	0.00133	0.13989	0.09393	0.00733
HG04212								2,3/6	0.979, 0.968		1.0	0.02354	0.02354	8.06457	5.90223	1.13398	0.5166	0.21666	0.01388	0.21666	0.00241	0.00785	0.0006	0.0169	0.0	0.06639	0.01509	0.0	0.14665	0.07483	0.02897
HG04214								3/6,3/6	0.986		1.0	0.03997	0.0408	0.50958	0.0866	2.95923	1.99502	0.19734	0.03664	0.3239	0.005	0.01415	0.00083	0.01998	0.00083	0.07411	0.00416	0.00083	0.21732	0.00749	0.00999
HG04215			STU	SAS	2.0	test	3/6,3/6	3/6,3/6	0.997	True	1.0	0.03309	0.02385	0.29242	0.02616	3.1781	1.90763	0.09388	0.02539	0.21162	0.00154	0.02693	0.00077	0.01385	0.0	0.08772	0.00616	0.0	0.1616	0.09465	0.00616
HG04216								3/6,4	0.937, 0.984		1.0	0.02433	0.03695	0.5083	0.02073	1.46631	0.68133	2.08185	0.69215	0.47225	0.00451	0.03425	0.0009	0.01532	0.0	0.08832	0.0036	0.0	0.14239	0.11175	0.00721
HG04217	2	2	ITU	SAS	2.0	train	2,2	2,2	0.994	True	1.0	0.01221	0.01577	11.27581	8.17035	0.21568	0.00102	0.18109	0.01119	0.1816	0.0	0.02747	0.0	0.02442	0.0	0.05188	0.03408	0.00203	0.13836	0.0529	0.03815
HG04219								1,1	0.997		1.0	5.03781	4.76991	0.36005	0.07315	0.1178	0.0019	0.13395	0.0304	0.66974	0.00475	0.00665	0.0019	0.0171	0.0	0.1919	0.05035	0.00095	0.11115	0.1064	0.019
HG04222								2,2	0.993		1.0	0.01636	0.02411	14.09249	9.64949	0.11669	0.0	0.18516	0.02153	0.17827	0.00215	0.02024	0.00129	0.01163	0.00043	0.06933	0.02282	0.00043	0.09904	0.02153	0.0099
HG04225								1,2	0.99, 0.905		1.0	1.57874	1.38863	9.44174	6.25039	0.27814	0.0	0.17449	0.05157	0.17032	0.00052	0.01354	0.0	0.0125	0.00052	0.22189	0.03542	0.00052	0.14063	0.03594	0.02969
HG04227			STU	SAS	2.0	train	3/6,3/6	3/6,3/6	0.993	True	1.0	0.01816	0.02168	0.37846	0.03164	2.48575	1.63803	0.11131	0.03749	0.32397	0.0	0.01347	0.00117	0.01875	0.0	0.06561	0.00586	0.00059	0.17048	0.06093	0.0041
HG04228			STU	SAS	2.0	train	3/6,3/6	3/6,3/6	0.996	True	1.0	0.02846	0.03035	0.20964	0.04838	1.93322	1.13736	0.07494	0.00854	0.28742	0.00285	0.00474	0.0	0.01992	0.00095	0.07494	0.00474	0.0	0.19067	0.17739	0.00095
HG04229	1		STU	SAS	2.0	train	1,3/6	1,3/6	0.971, 0.963	True	1.0	4.26692	4.11759	0.4461	0.05226	1.03406	0.44424	0.21279	0.0168	0.32198	0.00373	0.00747	0.0028	0.02613	0.00093	0.09519	0.02333	0.00187	0.17172	0.15399	0.00653
HG04235								2,2	0.996		1.0	0.01267	0.02018	12.58214	8.50559	0.1563	0.00047	0.14551	0.00798	0.26097	0.00188	0.06243	0.00094	0.01408	0.00047	0.0338	0.06149	0.00047	0.11547	0.04506	0.0338
HG04238								2,2	0.995		1.0	0.01834	0.01719	10.54131	7.27684	0.10373	0.0	0.17022	0.03095	0.15589	0.00287	0.00516	0.0	0.01261	0.00115	0.02808	0.02579	0.00115	0.07909	0.04814	0.02292
HG04239								1,3/6	0.974, 0.962		1.0	2.43608	2.23782	0.43573	0.09987	1.64748	0.81745	0.13982	0.01701	0.41427	0.00296	0.01554	0.00148	0.01184	0.0	0.10949	0.0148	0.00148	0.17829	0.02885	0.00518
NA06984			CEU	EUR	2.0	train	3/6,3/6	3/6,3/6	0.993	True	1.0	0.01981	0.03071	0.36553	0.02278	2.55478	1.73258	0.08618	0.02675	0.34473	0.0	0.00594	0.00198	0.01486	0.00099	0.08123	0.00792	0.00099	0.13274	0.07925	0.00693
NA06985	4	1	CEU	EUR	2.0	train	1,4	1,4	0.945, 0.942	True	1.0	4.153	3.97956	0.32489	0.06984	0.14204	0.01805	2.14791	0.91033	0.49284	0.00157	0.0102	0.00157	0.01726	0.0	0.10359	0.01413	0.0	0.14518	0.04787	0.00471
NA06986	2		CEU	EUR	2.0	train	2,3/6	2,3/6	0.968, 0.993	True	1.0	0.03306	0.0191	5.15009	2.95561	1.39809	0.5275	0.12269	0.0338	0.26595	0.00073	0.02131	0.00073	0.01029	0.00073	0.04628	0.02865	0.0	0.11828	0.03453	0.02424
NA06989			CEU	EUR	2.0	train	3/6,3/6	3/6,3/6	0.997	True	1.0	0.05541	0.0409	0.38258	0.0409	1.9419	1.17675	0.16886	0.01319	0.34564	0.00264	0.00528	0.00132	0.01583	0.0	0.11609	0.00264	0.00132	0.12665	0.17018	0.00792
NA06991	1	5	CEU	EUR	2.0	test	1,5	1,5	0.967, 0.982	True	1.0	3.68171	3.53928	0.21622	0.09781	0.1124	0.00772	0.08752	0.02059	5.26045	2.23683	0.40155	0.00429	0.10296	0.0	0.08323	0.01716	0.0	0.09781	0.1227	0.00429
NA06993	2	5	CEU	EUR	2.0	train	2,5	2,5	0.977, 0.975	True	1.0	0.0189	0.01823	5.9956	4.72587	0.11948	0.0	0.07628	0.01485	4.7414	2.06491	0.36182	0.01013	0.09248	0.00068	0.06345	0.02498	0.0	0.10125	0.09045	0.04388
NA06994			CEU	EUR	2.0	train	3/6,3/6	3/6,3/6	0.994	True	1.0	0.02888	0.04506	0.32581	0.02888	2.14086	1.26857	0.1398	0.00809	0.27266	0.00347	0.00578	0.00231	0.01849	0.00116	0.09127	0.02657	0.0	0.10283	0.09705	0.00693
NA06995	4	4	CEU	EUR	2.0	train	4,4	4,4	0.992	True	1.0	0.02876	0.03711	0.35812	0.02041	0.31358	0.00093	3.62199	2.00026	0.73664	0.00278	0.00464	0.0	0.0167	0.0	0.07329	0.00928	0.00093	0.1837	0.03247	0.00649
NA06997			CEU	EUR	2.0	train	3/6,3/6	3/6,3/6	0.996	True	1.0	0.02484	0.02404	0.25083	0.01683	2.76959	1.22051	0.04408	0.07854	0.29651	0.0008	0.02324	0.0016	0.01763	0.0	0.05209	0.03446	0.00321	0.18833	0.04568	0.0016
NA07000	4		CEU	EUR	2.0	train	3/6,4	3/6,4	0.966, 0.978	True	1.0	0.03046	0.03135	0.46582	0.0206	1.38671	0.53301	2.44735	1.07049	0.62707	0.00627	0.02508	0.0009	0.01612	0.0009	0.086	0.03225	0.00269	0.16572	0.03046	0.00269
NA07014		1	CEU	EUR	2.0	train	1,3/6	1,3/6	0.961, 0.962	True	1.0	3.47523	3.34238	0.32682	0.0815	1.69768	0.7327	0.04972	0.10351	0.29993	0.00082	0.02527	0.0	0.01304	0.0	0.07743	0.04646	0.00082	0.19968	0.08558	0.02119
NA07019	1		CEU	EUR	2.0	train	1,3/6	1,3/6	0.981, 0.978	True	1.0	2.8641	2.60385	0.22798	0.12276	1.33981	0.85369	0.07085	0.0484	0.2876	0.0021	0.01333	0.0	0.00561	0.0	0.13328	0.05612	0.0007	0.20693	0.03297	0.00421
NA07022	1		CEU	EUR	2.0	train	1,3/6	1,3/6	0.949, 0.991	True	1.0	5.12616	4.94824	0.16589	0.02849	1.1587	0.75031	0.06585	0.05002	0.2577	0.0057	0.01393	0.0	0.02343	0.00127	0.09244	0.04812	0.00063	0.19185	0.03862	0.0038
NA07029			CEU	EUR	2.0	train	3/6,3/6	3/6,3/6	0.996	True	1.0	0.05294	0.04063	0.22285	0.01847	2.70992	1.32233	0.08126	0.0948	0.4063	0.0	0.04063	0.0	0.01354	0.00246	0.12066	0.04432	0.00369	0.16375	0.07387	0.00369
NA07031			CEU	EUR	2.0	train	3/6,3/6	3/6,3/6	0.996	True	1.0	0.0463	0.03578	0.24938	0.01894	2.66215	1.04066	0.08207	0.06629	0.36092	0.0021	0.01789	0.00105	0.01473	0.00105	0.08839	0.04314	0.00105	0.1431	0.09681	0.00316
NA07034	1		CEU	EUR	2.0	train	1,3/6	1,3/6	0.973, 0.975	True	1.0	3.79024	3.64221	0.22804	0.0272	0.79773	0.90015	0.08881	0.008	0.33286	0.004	0.008	0.0	0.0136	0.0	0.12482	0.0208	0.0008	0.16563	0.04881	0.0152
NA07037	1	4	CEU	EUR	2.0	train	1,4	1,4	0.976, 0.919	True	1.0	3.04591	2.88921	0.25488	0.06304	0.17562	0.0027	2.5956	1.12398	0.55839	0.0027	0.02612	0.0009	0.01171	0.0009	0.10717	0.02252	0.0	0.13059	0.03963	0.01171
NA07045	1		CEU	EUR	2.0	train	1,3/6	1,3/6	0.985, 0.991	True	1.0	3.19397	3.04936	0.21888	0.05294	1.44764	0.65507	0.04425	0.0648	0.39984	0.00158	0.01738	0.00079	0.01817	0.0	0.11379	0.03003	0.0	0.18333	0.0482	0.00079
NA07048	1		CEU	EUR	2.0	test	1,3/6	1,3/6	0.955, 0.987	True	1.0	3.97623	3.87921	0.30723	0.02749	0.79638	0.93544	0.1043	0.0097	0.37515	0.00404	0.00728	0.0	0.01617	0.00162	0.08894	0.01617	0.0	0.13664	0.08974	0.01132
NA07051	1	1	CEU	EUR	2.0	train	1,1	1,1	0.986	True	1.0	7.47995	7.14787	0.23264	0.07192	0.10211	0.00089	0.07281	0.01687	0.48392	0.00266	0.0071	0.0	0.0071	0.0	0.10922	0.03996	0.0	0.14029	0.06393	0.01509
NA07055		1	CEU	EUR	2.0	train	1,3/6	1,3/6	0.977, 0.974	True	1.0	3.84289	3.74653	0.19356	0.02409	1.3981	0.51172	0.06064	0.0623	0.39376	0.00249	0.02908	0.0	0.01828	0.0	0.11796	0.03323	0.00083	0.17362	0.0648	0.01994
NA07056	5	1	CEU	EUR	2.0	test	1,5	1,5	0.976, 0.992	True	1.0	2.34799	2.13725	0.26284	0.09425	0.12235	0.00117	0.10537	0.00702	6.34502	2.44575	0.67671	0.00293	0.09542	0.0	0.14166	0.01463	0.0	0.06439	0.09366	0.00293
NA07345		4	CEU	EUR	2.0	train	3/6,4	3/6,3/6	0.996	False	1.0	0.02415	0.03065	0.36497	0.013	1.90936	1.01969	0.06965	0.14302	0.46991	0.00279	0.02415	0.00093	0.01207	0.0	0.04922	0.02507	0.00093	0.17645	0.06129	0.00279
NA07346		1	CEU	EUR	2.0	test	1,3/6	1,3/6	0.992, 0.931	True	1.0	2.8534	2.72843	0.1948	0.05268	1.24721	0.58808	0.07964	0.0245	0.61381	0.00123	0.00245	0.0	0.01348	0.0	0.22665	0.02695	0.0	0.13967	0.10659	0.01593
NA07347			CEU	EUR	2.0	test	3/6,3/6	3/6,3/6	0.995	True	1.0	0.04176	0.04711	0.49145	0.04604	2.40476	1.27412	0.19165	0.00535	0.3362	0.00428	0.00857	0.00107	0.03212	0.0	0.12741	0.00428	0.0	0.20771	0.0803	0.00749
NA07348	4		CEU	EUR	2.0	test	3/6,4	3/6,3/6	0.997	False	1.0	0.03203	0.03755	0.32692	0.01988	1.21271	1.4071	0.05743	0.10051	0.48265	0.00663	0.00884	0.0	0.0254	0.0	0.06958	0.01215	0.0	0.17782	0.11376	0.0011
NA07349	1		CEU	EUR	2.0	train	1,3/6	1,3/6	0.998, 0.964	True	1.0	2.86738	2.81849	0.29219	0.03752	1.25405	0.77881	0.09891	0.0307	0.65715	0.00227	0.01251	0.0	0.02501	0.0	0.16713	0.02956	0.0	0.26718	0.09209	0.01251
NA07357	2		CEU	EUR	2.0	train	2,3/6	2,3/6	0.994, 0.992	True	1.0	0.02558	0.02416	7.70329	5.40034	0.7532	0.85268	0.15704	0.0064	0.26149	0.0	0.00711	0.00071	0.01421	0.0	0.04477	0.01137	0.00142	0.10374	0.07958	0.02771
NA07435		4	CEU	EUR	2.0	train	3/6,4	3/6,4	0.963, 0.983	True	1.0	0.02072	0.02139	0.28607	0.02874	1.41097	0.60423	0.84418	0.80274	0.44849	0.00134	0.01337	0.0	0.01136	0.00067	0.07085	0.01938	0.00201	0.18047	0.00602	0.00201
NA10830	5	1	CEU	EUR	2.0	test	1,5	1,5	0.997, 0.917	True	1.0	2.8277	2.55264	0.17024	0.12902	0.11916	0.0009	0.0663	0.02598	5.09453	2.205	0.28761	0.0	0.04749	0.0009	0.16307	0.02061	0.00179	0.10393	0.07885	0.00269
NA10831	4	1	CEU	EUR	2.0	test	1,4	1,4	0.947, 0.953	True	1.0	4.26861	4.08091	0.3182	0.04252	0.16937	0.00147	0.91795	0.64814	0.52203	0.00293	0.01246	0.00147	0.02713	0.00073	0.08505	0.03739	0.0	0.26615	0.02053	0.00293
NA10835			CEU	EUR	2.0	test	3/6,3/6	3/6,3/6	0.996	True	1.0	0.04197	0.04314	0.22501	0.01982	2.7712	1.25095	0.10726	0.007	0.28213	0.00233	0.01049	0.0	0.01632	0.0	0.11425	0.00466	0.00117	0.13291	0.11309	0.0
NA10836			CEU	EUR	2.0	train	3/6,3/6	3/6,3/6	0.996	True	1.0	0.02747	0.02914	0.20814	0.01998	2.28039	1.13562	0.04163	0.0383	0.32636	0.0025	0.01332	0.0025	0.01415	0.00083	0.06411	0.02498	0.00083	0.15985	0.0358	0.00083
NA10837		4	CEU	EUR	2.0	train	3/6,4	3/6,4	0.95, 0.985	True	1.0	0.02587	0.02408	0.30861	0.01427	1.13988	0.685	2.03627	0.79292	0.5084	0.0	0.00357	0.01249	0.02408	0.0	0.07938	0.01338	0.00089	0.18017	0.07046	0.00535
NA10838		1	CEU	EUR	2.0	train	1,3/6	1,3/6	0.983, 0.984	True	1.0	1.7436	1.51262	0.22199	0.01798	1.69956	0.70193	0.10695	0.08808	0.27322	0.0009	0.01798	0.01528	0.02427	0.0	0.20312	0.08988	0.0018	0.22379	0.02966	0.0036
NA10839		2	CEU	EUR	2.0	train	2,3/6	2,3/6	0.954, 0.989	True	1.0	0.01606	0.02555	7.32297	4.88757	1.00015	0.60374	0.13214	0.01898	0.26646	0.00292	0.00511	0.01752	0.0146	0.00073	0.08979	0.03431	0.0	0.16426	0.05548	0.02263
NA10840		1	CEU	EUR	2.0	train	1,3/6	1,3/6	0.998, 0.957	True	1.0	2.4048	2.05022	0.25452	0.01843	1.59735	0.92155	0.08952	0.10883	0.22556	0.0	0.02194	0.00088	0.0158	0.0	0.26681	0.04827	0.00088	0.17114	0.02721	0.01931
NA10842		4	CEU	EUR	2.0	train	3/6,4	3/6,4	0.967, 0.991	True	1.0	0.029	0.03412	0.38892	0.02388	1.62389	0.94414	1.22389	0.8273	0.50235	0.0	0.00341	0.00085	0.02218	0.00085	0.06055	0.01194	0.0	0.32069	0.0307	0.00256
NA10843		2	CEU	EUR	2.0	test	2,3/6	2,3/6	0.964, 0.992	True	1.0	0.01713	0.02982	5.1495	3.96252	1.29673	0.6065	0.12752	0.06915	0.23473	0.00127	0.01649	0.0	0.0222	0.00063	0.06281	0.01713	0.00063	0.17256	0.01776	0.0222
NA10845	1		CEU	EUR	2.0	train	1,3/6	1,3/6	0.976, 0.986	True	1.0	5.62628	5.49172	0.19252	0.08127	1.05584	0.49428	0.04863	0.00799	0.31109	0.00067	0.00533	0.0	0.01332	0.00067	0.10725	0.02065	0.0	0.22249	0.04596	0.00266
NA10846	1		CEU	EUR	2.0	train	1,3/6	1,3/6	0.973, 0.979	True	1.0	4.06518	3.94274	0.22244	0.07653	1.08772	0.57549	0.11224	0.02551	0.25816	0.00816	0.00408	0.0	0.02347	0.0	0.10408	0.02449	0.0	0.18265	0.09592	0.01735
NA10847		1	CEU	EUR	2.0	train	1,3/6	1,3/6	0.965, 0.98	True	1.0	2.99233	2.75489	0.25998	0.13432	0.81546	0.4151	0.11612	0.00953	0.36483	0.00693	0.00693	0.0	0.01647	0.0	0.09272	0.01473	0.0	0.11092	0.05893	0.00347
NA10851		5	CEU	EUR	2.0	train	3/6,5	3/6,5	0.9, 0.977	True	1.0	0.03241	0.03241	0.28522	0.03484	1.6627	0.82325	0.09561	0.11668	2.43489	0.76085	0.18636	0.00081	0.07617	0.00081	0.07941	0.0316	0.00081	0.11506	0.0154	0.00324
NA10852		1	CEU	EUR	2.0	train	1,3/6	1,3/6	0.997, 0.916	True	1.0	2.72199	2.39821	0.21967	0.03152	0.94458	0.39731	0.14422	0.15186	0.34192	0.00478	0.00573	0.00096	0.01146	0.00096	0.32377	0.0382	0.0	0.12894	0.02674	0.02579
NA10854		5	CEU	EUR	2.0	train	3/6,5	3/6,5	0.972, 0.985	True	1.0	0.02951	0.04472	0.19496	0.03935	1.05442	0.67433	0.09033	0.00537	6.46961	2.67853	0.43196	0.02057	0.13952	0.0	0.12789	0.00805	0.00358	0.0626	0.13326	0.00358
NA10855	1	5	CEU	EUR	2.0	train	1,5	1,5	0.99, 0.981	True	1.0	3.61552	3.40273	0.152	0.07257	0.10198	0.01765	0.06472	0.02452	2.82907	0.84725	0.42068	0.01373	0.09806	0.0	0.15788	0.02255	0.0	0.08531	0.03824	0.00392
NA10856	1	5	CEU	EUR	2.0	train	1,5	1,5	0.993, 0.992	True	1.0	2.38886	2.04308	0.24032	0.03089	0.2712	0.00226	0.0904	0.09643	5.21919	2.26531	0.39701	0.00301	0.17704	0.0	0.2697	0.02561	0.00075	0.09191	0.10773	0.01281
NA10857	2		CEU	EUR	2.0	test	2,3/6	2,3/6	0.929, 0.985	True	1.0	0.01994	0.0194	6.91733	4.7657	1.5264	1.01976	0.06144	0.04635	0.20535	0.00162	0.01347	0.01024	0.02156	0.0	0.03773	0.05498	0.00054	0.18703	0.02048	0.03935
NA10859	2		CEU	EUR	2.0	train	2,3/6	2,3/6	0.974, 0.989	True	1.0	0.02707	0.03663	8.1399	5.36157	0.53512	0.18156	0.10352	0.02548	0.39736	0.00159	0.01672	0.00159	0.01752	0.0	0.05335	0.05017	0.0	0.18156	0.09078	0.02867
NA10860		4	CEU	EUR	2.0	train	3/6,4	3/6,4	0.956, 0.971	True	1.0	0.02662	0.01613	0.33313	0.02984	1.4769	0.74611	2.3077	1.13248	0.52026	0.00081	0.01775	0.0	0.01613	0.0	0.09276	0.02097	0.00242	0.20649	0.0371	0.00161
NA10861	4	4	CEU	EUR	2.0	test	4,4	4,4	0.983	True	1.0	0.02594	0.02524	0.41296	0.0659	0.22015	0.0007	3.09262	1.77522	0.692	0.00351	0.00491	0.00841	0.01893	0.0	0.061	0.01402	0.0	0.24118	0.02594	0.00631
NA10863		1	CEU	EUR	2.0	test	1,3/6	1,3/6	0.997, 0.945	True	1.0	2.54533	2.12001	0.28849	0.01566	1.24052	0.33795	0.14013	0.09561	0.26129	0.00495	0.00495	0.00082	0.02061	0.0	0.27118	0.01896	0.0	0.20442	0.08243	0.02308
NA10864		1	CEU	EUR	2.0	train	1,3/6	1,3/6	0.987, 0.989	True	1.0	5.73405	5.54017	0.16688	0.04224	0.99364	0.37599	0.08448	0.01108	0.27836	0.00208	0.00415	0.00138	0.01454	0.0	0.14541	0.01731	0.00069	0.1648	0.05124	0.00208
NA10865		1	CEU	EUR	2.0	test	1,3/6	1,3/6	0.973, 0.973	True	1.0	3.65114	3.48234	0.18478	0.0257	1.27123	0.76065	0.06113	0.04585	0.48835	0.00417	0.00556	0.00069	0.01667	0.0	0.10767	0.03195	0.00069	0.16533	0.05279	0.0132
NA11829		5	CEU	EUR	2.0	train	3/6,5	3/6,5	1.0, 0.97	True	1.0	0.02855	0.03359	0.17467	0.03275	1.18155	0.52233	0.11421	0.00756	6.4368	2.74603	0.49798	0.0042	0.19734	0.00084	0.16543	0.0084	0.0	0.06046	0.17803	0.00168
NA11830	4	1	CEU	EUR	2.0	train	1,4	1,4	0.999, 0.921	True	1.0	2.65458	2.22668	0.30666	0.01664	0.25753	0.00079	1.39544	0.6997	0.38511	0.00158	0.00396	0.0	0.01189	0.0	0.25833	0.02456	0.0	0.11569	0.0214	0.01902
NA11831		5	CEU	EUR	2.0	train	3/6,5	3/6,5	0.972, 0.985	True	1.0	0.03631	0.04058	0.23817	0.0267	0.73053	0.90782	0.07903	0.00748	3.10367	0.91743	0.4443	0.00641	0.13137	0.0	0.12496	0.00854	0.00107	0.09505	0.11748	0.00641
NA11832		1	CEU	EUR	2.0	train	1,3/6	1,3/6	0.973, 0.974	True	1.0	3.67096	3.51005	0.23279	0.09011	0.8228	0.49132	0.11586	0.02682	0.27999	0.00536	0.00858	0.01609	0.01395	0.0	0.10942	0.02038	0.0	0.12015	0.059	0.00536
NA11839		5	CEU	EUR	2.0	test	3/6,5	3/6,5	0.981, 0.984	True	1.0	0.02633	0.03949	0.22378	0.04607	1.4151	0.51338	0.11941	0.01034	6.57151	2.59983	0.45885	0.00658	0.14104	0.0	0.1307	0.0047	0.00094	0.11377	0.19369	0.00564
NA11840			CEU	EUR	2.0	train	3/6,3/6	3/6,3/6	0.994	True	1.0	0.02363	0.03446	0.22152	0.0128	2.6307	1.39116	0.0955	0.00591	0.2678	0.00197	0.00689	0.01083	0.01575	0.00098	0.11421	0.00788	0.00098	0.12307	0.06892	0.00394
NA11843								2,5	0.972, 0.984		1.0	0.0238	0.02073	8.88196	5.8558	0.14739	0.0	0.17042	0.01228	5.16106	1.85623	0.3846	0.00537	0.09749	0.0	0.04222	0.00537	0.00154	0.06756	0.09059	0.01996
NA11881			CEU	EUR	2.0	train	3/6,3/6	3/6,3/6	0.996	True	1.0	0.03224	0.03953	0.25484	0.03016	1.62159	0.78843	0.06137	0.01872	0.45455	0.00208	0.02184	0.0	0.01456	0.0	0.09257	0.04681	0.00208	0.10401	0.11754	0.0
NA11882	1	2	CEU	EUR	2.0	train	1,2	1,2	0.976, 0.883	True	1.0	2.07637	1.91906	6.41319	4.39491	0.203	0.00196	0.13773	0.02285	0.29896	0.00196	0.00587	0.00065	0.02872	0.0	0.1188	0.03786	0.00065	0.19517	0.05548	0.02807
NA11891	1	1	CEU	EUR	2.0	test	1,1	1,1	0.99	True	1.0	6.02355	5.70561	0.19269	0.04129	0.10667	0.00275	0.08877	0.0117	0.5058	0.00344	0.00344	0.0	0.0117	0.0	0.13557	0.03303	0.0	0.19131	0.0406	0.02684
NA11892	2		CEU	EUR	2.0	train	2,3/6	2,3/6	0.975, 0.981	True	1.0	0.02484	0.02631	7.2273	4.51058	1.18738	0.67735	0.13226	0.06357	0.29885	0.00438	0.00146	0.0	0.0095	0.0	0.04896	0.04165	0.0	0.15125	0.06357	0.02777
NA11893		1	CEU	EUR	2.0	test	1,3/6	1,3/6	0.977, 0.991	True	1.0	4.93868	4.7196	0.21848	0.03319	1.0423	0.43635	0.09656	0.0338	0.29935	0.00302	0.00966	0.00181	0.01207	0.0	0.102	0.02052	0.00121	0.14907	0.05009	0.00483
NA11894			CEU	EUR	2.0	train	3/6,3/6	3/6,3/6	0.997	True	1.0	0.03033	0.07379	0.25474	0.02123	2.77081	1.08063	0.09907	0.07986	0.36998	0.00303	0.01921	0.0	0.01415	0.0	0.08997	0.00202	0.00101	0.13141	0.06267	0.00505
NA11917		4	CEU	EUR	2.0	train	3/6,4	3/6,4	0.966, 0.991	True	1.0	0.03017	0.0419	0.42237	0.01592	1.0182	0.50701	1.32911	0.90423	0.44834	0.00335	0.0067	0.0	0.01844	0.0	0.07877	0.00419	0.00168	0.31929	0.04023	0.00587
NA11918	1		CEU	EUR	2.0	train	1,3/6	1,3/6	0.971, 0.991	True	1.0	3.38888	3.20794	0.36899	0.09877	1.43646	0.89127	0.10114	0.064	0.31368	0.00553	0.00711	0.00079	0.01738	0.00079	0.0877	0.02923	0.00237	0.15329	0.06953	0.00474
NA11919	1	2	CEU	EUR	2.0	test	1,2	1,2	0.965, 0.972	True	1.0	1.88656	1.80859	6.06409	4.70219	0.08307	0.00073	0.19237	0.0255	0.43211	0.00219	0.01239	0.00146	0.01822	0.0	0.12096	0.03498	0.0	0.08088	0.04664	0.04226
NA11920			CEU	EUR	2.0	train	3/6,3/6	3/6,3/6	0.996	True	1.0	0.02424	0.02962	0.28905	0.02244	2.31059	1.28905	0.07271	0.09066	0.28187	0.00359	0.01706	0.0	0.00808	0.00269	0.08438	0.02693	0.0018	0.12388	0.08797	0.00449
NA11930	1		CEU	EUR	2.0	train	1,3/6	1,3/6	0.967, 0.978	True	1.0	2.81219	2.63307	0.29885	0.10936	1.4735	0.5911	0.12067	0.00471	0.35541	0.00189	0.0066	0.00094	0.01885	0.0	0.12916	0.01508	0.00094	0.15367	0.04242	0.00848
NA11931		1	CEU	EUR	2.0	train	1,3/6	1,3/6	0.967, 0.982	True	1.0	5.42413	5.23174	0.27061	0.05285	1.00421	0.44537	0.07611	0.01057	0.38477	0.00352	0.01339	0.0	0.00775	0.0	0.09795	0.02748	0.0007	0.13883	0.04017	0.00282
NA11932								4,5	0.985, 0.914		1.0	0.02151	0.03047	0.44099	0.03227	0.18285	0.0	1.28264	0.89812	5.99998	2.48192	0.48222	0.00359	0.18285	0.0009	0.06812	0.00807	0.0	0.07529	0.10577	0.00269
NA11933								2,3/6	0.985, 0.982		1.0	0.02185	0.02336	6.12554	4.70529	1.146	0.48522	0.15822	0.04973	0.25165	0.00151	0.01658	0.0	0.00979	0.0	0.08363	0.03164	0.00151	0.09192	0.00829	0.03993
NA11992		4	CEU	EUR	2.0	train	3/6,4	3/6,4	0.974, 0.991	True	1.0	0.02625	0.03217	0.33273	0.01609	1.20393	0.34543	2.41718	1.06254	0.49021	0.00169	0.00762	0.0	0.01439	0.0	0.08043	0.01863	0.0	0.14816	0.07874	0.00508
NA11993			CEU	EUR	2.0	train	3/6,3/6	3/6,3/6	0.996	True	1.0	0.02372	0.02197	0.26886	0.01406	3.0638	1.48753	0.05535	0.13707	0.31104	0.00264	0.02899	0.0	0.02021	0.00088	0.10104	0.02284	0.00439	0.18363	0.03163	0.00351
NA11994	2	4	CEU	EUR	2.0	train	2,4	2,4	0.996, 0.929	True	1.0	0.02384	0.01869	8.47247	5.37874	0.16432	0.00064	2.12778	1.12318	0.37826	0.00129	0.00644	0.01095	0.01482	0.0	0.02835	0.01611	0.00129	0.13403	0.01998	0.0116
NA11995	4	4	CEU	EUR	2.0	train	4,4	4,4	0.972	True	1.0	0.02224	0.02224	0.4653	0.05961	0.1895	0.00267	2.024	1.51422	0.79804	0.0	0.00356	0.0	0.00979	0.0	0.05783	0.01335	0.00089	0.18594	0.00979	0.0089
NA12003		1	CEU	EUR	2.0	train	1,3/6	1,3/6	0.981, 0.971	True	1.0	2.06801	1.84409	0.22738	0.01556	1.40749	0.53256	0.15821	0.07089	0.28098	0.0	0.00259	0.00173	0.01729	0.0	0.2706	0.05101	0.0	0.1487	0.07435	0.00519
NA12004	4		CEU	EUR	2.0	train	3/6,4	3/6,4	0.956, 0.984	True	1.0	0.01932	0.02986	0.49885	0.02723	1.64496	0.76495	1.7767	0.72543	0.61477	0.00263	0.01932	0.00615	0.02108	0.0	0.07816	0.03162	0.00088	0.14315	0.03513	0.00703
NA12005	2	2	CEU	EUR	2.0	train	2,2	2,2	0.985	True	1.0	0.01872	0.01622	11.03202	7.37859	0.11729	0.00062	0.17656	0.02308	0.20962	0.0025	0.00561	0.00749	0.0156	0.0	0.04118	0.03868	0.0025	0.09857	0.05053	0.05677
NA12006	1		CEU	EUR	2.0	train	1,3/6	1,3/6	0.99, 0.964	True	1.0	4.41047	4.2379	0.3047	0.02607	1.30507	0.68849	0.20223	0.00899	0.46918	0.0036	0.00809	0.0009	0.00899	0.0	0.18965	0.02876	0.0	0.16628	0.05573	0.00899
NA12043	4		CEU	EUR	2.0	test	3/6,4	3/6,4	0.86, 0.944	True	1.0	0.03029	0.02895	0.47864	0.03029	2.05796	1.37265	1.83513	0.85429	0.49682	0.00337	0.01279	0.01481	0.01414	0.00067	0.07944	0.01414	0.00067	0.14137	0.0175	0.00875
NA12044	1	2	CEU	EUR	2.0	train	1,2	1,2	0.939, 0.963	True	1.0	1.66182	1.62571	7.56353	5.07575	0.08155	0.0	0.10077	0.02796	0.37454	0.00349	0.00582	0.0	0.01398	0.0	0.10077	0.06058	0.00058	0.08329	0.05359	0.06116
NA12045	5	1	CEU	EUR	2.0	train	1,5	1,5	0.993, 0.992	True	1.0	1.68518	1.46532	0.23496	0.02839	0.20778	0.00121	0.09845	0.1051	6.73649	2.73555	0.71816	0.00483	0.10933	0.0006	0.22469	0.02235	0.0	0.04047	0.10993	0.01389
NA12046	5		CEU	EUR	2.0	train	3/6,5	3/6,5	1.0, 0.984	True	1.0	0.03962	0.03849	0.21507	0.04754	0.86708	0.42788	0.13018	0.01245	7.70641	3.17516	0.45845	0.00906	0.12112	0.0	0.16866	0.00453	0.00113	0.03622	0.11772	0.0
NA12056	4	5	CEU	EUR	2.0	train	4,5	4,5	0.97, 0.958	True	1.0	0.04309	0.03402	0.3731	0.03062	0.19959	0.0	2.39394	1.14197	3.4055	1.0263	0.28918	0.0034	0.1134	0.0	0.08278	0.0068	0.0	0.17237	0.01701	0.00113
NA12057	4		CEU	EUR	2.0	train	3/6,4	3/6,4	0.973, 0.987	True	1.0	0.03259	0.03009	0.32719	0.02695	1.389	0.65877	1.52565	0.75655	0.46509	0.00251	0.01128	0.00063	0.0163	0.0	0.10844	0.03009	0.00063	0.21186	0.02695	0.00313
NA12058								1,3/6	0.997, 0.956		1.0	2.52547	2.09042	0.45101	0.01428	1.55963	0.65845	0.11422	0.07475	0.29647	0.00168	0.01428	0.0	0.021	0.0	0.18561	0.03527	0.00168	0.18057	0.03107	0.0168
NA12144	4		CEU	EUR	2.0	train	3/6,4	3/6,4	0.977, 0.947	True	1.0	0.03368	0.06302	0.55088	0.03477	1.268	0.55631	1.65806	1.04091	0.6215	0.00761	0.00652	0.00217	0.01738	0.0	0.14668	0.00543	0.00109	0.21405	0.05215	0.01413
NA12145		1	CEU	EUR	2.0	train	1,3/6	1,3/6	0.962, 0.979	True	1.0	3.83307	3.66295	0.14455	0.08555	1.32358	0.39727	0.0826	0.02262	0.21535	0.00393	0.0059	0.01278	0.02458	0.0	0.09538	0.0236	0.00098	0.24977	0.13963	0.01967
NA12146	5	1	CEU	EUR	2.0	train	1,5	1,5	0.974, 0.989	True	1.0	2.0654	1.91907	0.16556	0.09152	0.08686	0.00058	0.08919	0.00933	5.64821	2.46763	0.32878	0.00408	0.10551	0.0	0.09968	0.01457	0.0	0.09677	0.08278	0.00175
NA12154		1	CEU	EUR	2.0	train	1,3/6	1,3/6	0.992, 0.987	True	1.0	2.73444	2.49115	0.31927	0.08891	1.49453	0.58035	0.10346	0.05577	0.31442	0.00647	0.02102	0.0	0.01051	0.00081	0.156	0.03395	0.00081	0.12771	0.0485	0.00323
NA12155	1	1	CEU	EUR	2.0	train	1,1	1,1	0.997	True	1.0	5.94096	5.49674	0.25532	0.02629	0.17368	0.00415	0.10379	0.09341	0.28854	0.00138	0.00484	0.00069	0.01176	0.0	0.26155	0.03252	0.00069	0.1114	0.03321	0.01245
NA12156	5	4	CEU	EUR	2.0	test	4,5	4,5	0.963, 0.943	True	1.0	0.02101	0.04775	0.34282	0.01719	0.14802	0.00191	1.32354	0.94157	4.662	1.48588	0.70379	0.00191	0.15852	0.0	0.09931	0.00955	0.00095	0.07067	0.00191	0.00573
NA12234			CEU	EUR	2.0	test	3/6,3/6	3/6,3/6	0.996	True	1.0	0.03812	0.05411	0.26318	0.04796	2.73019	1.18308	0.15496	0.03566	0.36526	0.00246	0.00615	0.00123	0.01845	0.0	0.09347	0.01599	0.00123	0.14512	0.07994	0.00615
NA12236	4	5	CEU	EUR	2.0	train	4,5	4,5	0.941, 0.94	True	1.0	0.02871	0.04128	0.26381	0.02243	0.20369	0.00269	1.18446	0.71337	5.68542	2.46225	0.28445	0.00359	0.04128	0.0009	0.08525	0.00359	0.0	0.09781	0.05294	0.00269
NA12239			CEU	EUR	2.0	train	3/6,3/6	3/6,3/6	0.996	True	1.0	0.02871	0.03896	0.202	0.03384	2.53986	1.40682	0.06255	0.07383	0.44296	0.0041	0.02461	0.0	0.01948	0.00103	0.06973	0.02358	0.0	0.17739	0.06562	0.00205
NA12248			CEU	EUR	2.0	train	3/6,3/6	3/6,3/6	0.997	True	1.0	0.03745	0.04295	0.27094	0.02313	2.33165	1.42961	0.12556	0.00991	0.30398	0.0011	0.00661	0.0022	0.01762	0.0	0.12556	0.00771	0.0	0.15199	0.05177	0.00771
NA12249			CEU	EUR	2.0	train	3/6,3/6	3/6,3/6	0.996	True	1.0	0.02455	0.05875	0.33497	0.02455	3.06737	1.35743	0.11137	0.07278	0.39372	0.00351	0.03683	0.00088	0.0228	0.0	0.09821	0.02368	0.0	0.15609	0.14206	0.00789
NA12264	2	1	CEU	EUR	2.0	train	1,2	1,2	0.992, 0.935	True	1.0	1.84381	1.56129	5.40034	3.63254	0.17623	0.00055	0.08371	0.06388	0.17127	0.00165	0.00441	0.0	0.01432	0.0	0.18394	0.06609	0.0011	0.16136	0.02038	0.04901
NA12272	2	4	CEU	EUR	2.0	train	2,4	2,4	0.989, 0.942	True	1.0	0.02281	0.02212	8.23777	5.3158	0.14171	0.0	1.71986	0.57997	0.45969	0.00207	0.00484	0.00069	0.01383	0.0	0.04562	0.02489	0.00069	0.09816	0.02696	0.02005
NA12273	2		CEU	EUR	2.0	train	2,3/6	2,3/6	0.922, 0.968	True	1.0	0.02249	0.03415	8.46259	5.87358	0.96713	0.65225	0.18243	0.02166	0.2699	0.00083	0.00417	0.01083	0.01166	0.0	0.08247	0.03165	0.00167	0.09913	0.06331	0.005
NA12274			CEU	EUR	2.0	train	3/6,3/6	3/6,3/6	0.994	True	1.0	0.02464	0.02247	0.26383	0.01595	2.89345	1.47934	0.05943	0.04566	0.31239	0.00145	0.02464	0.0087	0.02102	0.0	0.05146	0.02102	0.00145	0.22542	0.02899	0.00507
NA12275	4		CEU	EUR	2.0	test	3/6,4	3/6,4	0.986, 0.975	True	1.0	0.02795	0.01927	0.371	0.02024	1.007	0.50398	1.88005	0.87594	0.52903	0.00289	0.00578	0.0	0.01445	0.0	0.0848	0.00675	0.00096	0.15418	0.0318	0.00193
NA12282								3/6,3/6	0.996		1.0	0.03752	0.04485	0.31941	0.04759	3.00376	1.29962	0.11074	0.06407	0.35419	0.00549	0.01464	0.00183	0.00915	0.0	0.09335	0.0238	0.0	0.11349	0.10617	0.00824
NA12283								3/6,4	0.977, 0.952		1.0	0.02377	0.04233	0.48275	0.02377	1.58787	0.68327	1.87455	0.83255	0.62534	0.0052	0.01857	0.0	0.0156	0.0	0.06907	0.01857	0.00074	0.15596	0.05793	0.00965
NA12286		1	CEU	EUR	2.0	train	1,3/6	1,3/6	0.997, 0.937	True	1.0	2.44126	2.07078	0.43936	0.03444	1.58522	0.63426	0.12349	0.08233	0.31419	0.00504	0.01848	0.00084	0.01848	0.00084	0.27134	0.0252	0.0	0.2663	0.03864	0.02352
NA12287			CEU	EUR	2.0	train	3/6,3/6	3/6,3/6	0.996	True	1.0	0.02803	0.02973	0.2939	0.01954	2.98572	1.55529	0.0688	0.09259	0.40178	0.0017	0.03822	0.0	0.01954	0.00085	0.11382	0.05946	0.0017	0.14695	0.02293	0.0034
NA12329			CEU	EUR	2.0	test	3/6,3/6	3/6,3/6	0.997	True	1.0	0.03252	0.04268	0.28553	0.01626	2.75779	1.53233	0.0884	0.0254	0.33024	0.00406	0.00305	0.0	0.02032	0.00102	0.11482	0.00508	0.00102	0.14226	0.04776	0.00711
NA12335	1		CEU	EUR	2.0	train	1,3/6	1,3/6	0.991, 0.963	True	1.0	2.68139	2.31465	0.18959	0.01709	1.2999	0.50116	0.09246	0.10878	0.1655	0.0	0.00466	0.0	0.00932	0.0	0.22999	0.01787	0.0	0.14374	0.09168	0.01165
NA12336			CEU	EUR	2.0	train	3/6,3/6	3/6,3/6	0.997	True	1.0	0.03198	0.03015	0.22113	0.0265	2.37025	1.59722	0.03564	0.01371	0.30519	0.00457	0.0064	0.00091	0.02284	0.00091	0.09046	0.00914	0.0	0.1197	0.04569	0.00091
NA12340			CEU	EUR	2.0	train	3/6,3/6	3/6,3/6	0.997	True	1.0	0.03651	0.03854	0.39453	0.03144	2.57105	1.22112	0.11866	0.01623	0.24646	0.00203	0.01318	0.0	0.01826	0.00101	0.08722	0.0071	0.0	0.15822	0.143	0.00507
NA12341	5	1	CEU	EUR	2.0	train	1,5	1,5	0.984, 0.992	True	1.0	2.45227	2.05849	0.25271	0.03075	0.27678	0.00067	0.11299	0.09494	5.04493	2.1922	0.41651	0.00401	0.12769	0.00067	0.2828	0.01738	0.0	0.06686	0.1063	0.01605
NA12342			CEU	EUR	2.0	train	3/6,3/6	3/6,3/6	0.997	True	1.0	0.03296	0.03683	0.25105	0.01939	2.83233	1.21842	0.07464	0.01357	0.29079	0.00679	0.00775	0.00194	0.01357	0.0	0.09984	0.00872	0.0	0.10759	0.17254	0.00388
NA12343			CEU	EUR	2.0	train	3/6,3/6	3/6,3/6	0.997	True	1.0	0.0304	0.0402	0.24417	0.0255	2.1769	1.60522	0.10198	0.01275	0.29712	0.00588	0.01275	0.0	0.0255	0.00098	0.09021	0.00588	0.0	0.2324	0.07354	0.0049
NA12344	1		CEU	EUR	2.0	train	1,3/6	1,3/6	0.986, 0.984	True	1.0	1.95342	1.6192	0.17522	0.01731	1.47967	0.61437	0.11033	0.05624	0.31259	0.00324	0.00973	0.0	0.01839	0.0	0.33531	0.05624	0.00108	0.17198	0.04002	0.00324
NA12347	2		CEU	EUR	2.0	train	2,3/6	2,3/6	0.993, 0.987	True	1.0	0.02407	0.02478	7.47462	5.01848	1.12364	0.51544	0.17913	0.04248	0.23648	0.00283	0.00496	0.00071	0.01416	0.00071	0.09063	0.0262	0.00071	0.10479	0.05664	0.03469
NA12348	5	1	CEU	EUR	2.0	train	1,5	1,5	0.983, 0.94	True	1.0	1.91595	1.60803	0.19788	0.03791	0.26538	0.00277	0.11559	0.07675	5.83014	2.58542	0.17939	0.00277	0.17846	0.0	0.21823	0.05363	0.00092	0.06473	0.11466	0.00185
NA12376			CEU	EUR	2.0	train	3/6,3/6	3/6,3/6	0.996	True	1.0	0.03418	0.04725	0.22921	0.04323	2.6651	1.24257	0.0764	0.07339	0.30964	0.00402	0.01609	0.0	0.02212	0.0	0.09551	0.02513	0.00201	0.16387	0.05931	0.00302
NA12383								3/6,5	1.0, 0.964		1.0	0.03207	0.03311	0.22553	0.05483	1.22697	0.50589	0.10139	0.00931	6.21657	2.57705	0.49865	0.00207	0.1676	0.00103	0.14587	0.00621	0.0	0.04345	0.12725	0.00207
NA12386	4	2	CEU	EUR	2.0	train	2,4	2,4	0.985, 0.936	True	1.0	0.03097	0.02417	6.42956	4.99003	0.10876	0.0	0.65632	0.32174	0.42899	0.00227	0.00378	0.00076	0.01284	0.00076	0.03701	0.01208	0.00076	0.17598	0.01813	0.04456
NA12399		2	CEU	EUR	2.0	train	2,3/6	2,3/6	0.988, 0.969	True	1.0	0.02078	0.03117	6.06107	4.8931	0.90638	0.50667	0.23286	0.01406	0.19558	0.00183	0.00428	0.00061	0.01283	0.00061	0.05745	0.01956	0.00183	0.12346	0.02445	0.04584
NA12400	4	4	CEU	EUR	2.0	train	4,4	4,4	0.982	True	1.0	0.03827	0.03079	0.52336	0.00915	0.15726	0.00166	2.37134	1.28885	0.79461	0.00166	0.00416	0.0	0.00666	0.0	0.10484	0.01664	0.0	0.20302	0.02413	0.00333
NA12413	1	4	CEU	EUR	2.0	train	1,4	1,4	0.999, 0.952	True	1.0	2.4302	2.06993	0.42058	0.02171	0.35223	0.0008	1.59949	0.82749	0.45677	0.00483	0.00965	0.0	0.01689	0.0	0.2702	0.01367	0.0008	0.18094	0.02332	0.01367
NA12414			CEU	EUR	2.0	test	3/6,3/6	3/6,3/6	0.997	True	1.0	0.0288	0.04416	0.27266	0.01536	2.7861	1.12231	0.08449	0.07008	0.40707	0.0	0.01728	0.00096	0.0384	0.00096	0.06816	0.0096	0.0	0.11905	0.07969	0.00288
NA12485		4	CEU	EUR	2.0	test	3/6,4	3/6,4	0.977, 0.972	True	1.0	0.02283	0.01668	0.38812	0.02195	1.66662	0.53125	1.75619	0.91058	0.57427	0.00176	0.01317	0.0	0.0202	0.0	0.08869	0.01405	0.0	0.15718	0.0079	0.00351
NA12489			CEU	EUR	2.0	train	3/6,3/6	3/6,3/6	0.996	True	1.0	0.03373	0.03036	0.26763	0.03149	2.53683	1.24143	0.10683	0.04273	0.27887	0.00675	0.02137	0.0	0.01124	0.00225	0.10683	0.01574	0.00112	0.09783	0.07871	0.00337
NA12546			CEU	EUR	2.0	test	3/6,3/6	3/6,3/6	0.996	True	1.0	0.04095	0.04794	0.34759	0.03596	2.74376	1.30346	0.13684	0.05793	0.32062	0.002	0.02797	0.002	0.01398	0.001	0.09289	0.01298	0.0	0.1678	0.05993	0.003
NA12707			CEU	EUR	2.0	test	3/6,3/6	3/6,3/6	0.997	True	1.0	0.03983	0.05004	0.24816	0.02349	2.63679	1.27857	0.0674	0.11131	0.55452	0.00306	0.02247	0.0	0.01838	0.0	0.07659	0.01838	0.00102	0.17769	0.07149	0.00715
NA12716			CEU	EUR	2.0	train	3/6,3/6	3/6,3/6	0.989	True	1.0	0.01711	0.03678	0.28568	0.02395	2.49412	1.23081	0.15396	0.07783	0.3618	0.00342	0.01454	0.00171	0.01283	0.0	0.10093	0.03421	0.00257	0.14883	0.065	0.00855
NA12717	5		CEU	EUR	2.0	test	3/6,5	3/6,5	0.981, 0.953	True	1.0	0.02395	0.02948	0.37124	0.04882	1.76407	0.60798	0.11975	0.10225	6.40407	2.55536	0.52323	0.00737	0.1087	0.0	0.1216	0.01658	0.00092	0.06633	0.10041	0.00829
NA12718								1,3/6	0.953, 0.986		1.0	4.33578	4.11576	0.20386	0.02539	1.03702	0.75315	0.08308	0.01	0.28464	0.00462	0.00231	0.0	0.01	0.00154	0.14078	0.01923	0.0	0.11386	0.05231	0.01077
NA12739		1	CEU	EUR	2.0	train	1,3/6	1,3/6	0.969, 0.992	True	1.0	2.83086	2.66211	0.2094	0.03888	1.578	0.7139	0.0698	0.05301	0.349	0.00265	0.03534	0.00088	0.01944	0.0	0.09807	0.03799	0.00088	0.14755	0.06361	0.00618
NA12740	4	4	CEU	EUR	2.0	test	4,4	4,4	0.959	True	1.0	0.02983	0.02502	0.44266	0.02887	0.24635	0.00096	1.21251	0.71788	0.8247	0.00289	0.02791	0.0	0.02021	0.00096	0.0587	0.0077	0.00289	0.20978	0.05293	0.00674
NA12748		1	CEU	EUR	2.0	train	1,3/6	1,3/6	0.951, 0.989	True	1.0	2.92386	2.80463	0.2368	0.06718	1.21338	0.59955	0.12428	0.01008	0.30229	0.0042	0.01847	0.00084	0.0126	0.0	0.08313	0.02939	0.0	0.11336	0.06046	0.0042
NA12749	1		CEU	EUR	2.0	train	1,3/6	1,3/6	0.964, 0.973	True	1.0	2.86852	2.7241	0.29606	0.07672	1.55521	0.71036	0.14081	0.04874	0.36556	0.00451	0.03249	0.0	0.01986	0.0	0.09387	0.02979	0.0009	0.13268	0.09387	0.00722
NA12750		4	CEU	EUR	2.0	train	3/6,4	3/6,4	0.547, 0.969	True	1.0	0.05132	0.06273	0.45334	0.067	1.20606	0.93947	0.12545	0.13543	0.63439	0.00143	0.00143	0.00143	0.00713	0.0	0.09266	0.00285	0.0	0.12973	0.02566	0.00998
NA12751		4	CEU	EUR	2.0	train	3/6,4	3/6,4	0.976, 0.99	True	1.0	0.02144	0.03484	0.32564	0.01742	1.44394	0.64659	0.96017	0.63922	0.69551	0.00134	0.03082	0.00134	0.01474	0.0	0.06566	0.00603	0.0	0.14138	0.04087	0.00469
NA12752		1	CEU	EUR	2.0	train	1,3/6	1,3/6	0.962, 0.971	True	1.0	3.94123	3.76964	0.17695	0.07078	1.05314	0.33996	0.09652	0.03968	0.19304	0.00214	0.00429	0.0	0.01823	0.0	0.08365	0.01609	0.0	0.12548	0.13513	0.02467
NA12753			CEU	EUR	2.0	train	3/6,3/6	3/6,3/6	0.996	True	1.0	0.03389	0.04045	0.25802	0.01968	2.78464	1.74272	0.10168	0.05467	0.30831	0.00219	0.00765	0.00109	0.01421	0.00109	0.10714	0.03936	0.00219	0.14978	0.05467	0.00984
NA12760		1	CEU	EUR	2.0	train	1,3/6	1,3/6	0.979, 0.945	True	1.0	4.01364	3.85643	0.42144	0.06535	1.49541	0.55971	0.16574	0.03031	0.2576	0.00852	0.00663	0.00095	0.01989	0.0	0.10228	0.01894	0.00095	0.23676	0.17615	0.02746
NA12761			CEU	EUR	2.0	train	3/6,3/6	3/6,3/6	0.997	True	1.0	0.02971	0.03073	0.25407	0.01947	2.62066	0.9118	0.15777	0.02151	0.28379	0.00307	0.00512	0.0	0.00922	0.00205	0.11884	0.00307	0.00102	0.12089	0.18236	0.0041
NA12762			CEU	EUR	2.0	train	3/6,3/6	3/6,3/6	0.997	True	1.0	0.03455	0.03167	0.28405	0.02879	2.23692	1.3243	0.10556	0.01152	0.24855	0.0048	0.00576	0.0	0.01248	0.0	0.12763	0.0048	0.0	0.10748	0.08253	0.00384
NA12763			CEU	EUR	2.0	train	3/6,3/6	3/6,3/6	0.996	True	1.0	0.02909	0.0299	0.21573	0.02828	2.67364	1.70324	0.10342	0.04929	0.27633	0.00404	0.00566	0.00081	0.01454	0.00081	0.07514	0.03636	0.00081	0.14625	0.04202	0.00323
NA12766		1	CEU	EUR	2.0	train	1,3/6	1,3/6	0.966, 0.99	True	1.0	4.3661	4.23349	0.21433	0.0424	1.24514	0.44794	0.0663	0.00848	0.30377	0.00154	0.00694	0.00077	0.01388	0.0	0.10948	0.02698	0.0	0.16422	0.11256	0.00308
NA12767	1	2	CEU	EUR	2.0	train	1,2	1,2	0.988, 0.935	True	1.0	1.91711	1.63643	5.16679	4.26185	0.20588	0.00066	0.14431	0.03707	0.17212	0.00132	0.00463	0.00662	0.0139	0.0	0.23037	0.02979	0.0	0.141	0.01523	0.04104
NA12775		1	CEU	EUR	2.0	test	1,3/6	1,3/6	0.98, 0.986	True	1.0	4.28251	4.1781	0.38529	0.08685	1.03667	0.39083	0.11365	0.02217	0.31969	0.0037	0.00185	0.00092	0.01478	0.0	0.11457	0.01571	0.0	0.11457	0.05359	0.00739
NA12776	4		CEU	EUR	2.0	train	3/6,4	3/6,4	0.939, 0.991	True	1.0	0.03052	0.03052	0.40514	0.01578	1.46691	0.49458	1.11438	1.16595	0.42934	0.00105	0.00842	0.0	0.01684	0.00105	0.06735	0.00842	0.0	0.14206	0.11154	0.00316
NA12777		2	CEU	EUR	2.0	test	2,3/6	2,3/6	0.947, 0.979	True	1.0	0.02622	0.03552	6.59371	5.13154	0.83383	0.40169	0.15476	0.06004	0.21311	0.00169	0.03806	0.01522	0.0186	0.0	0.06089	0.03467	0.0	0.0871	0.02114	0.04313
NA12778	1	1	CEU	EUR	2.0	test	1,1	1,1	0.997	True	1.0	5.13408	4.6167	0.30736	0.05769	0.24697	0.00361	0.10185	0.03155	0.25869	0.0	0.01893	0.0009	0.00721	0.0	0.29204	0.03515	0.0	0.10275	0.04056	0.01893
NA12801			CEU	EUR	2.0	train	3/6,3/6	3/6,3/6	0.996	True	1.0	0.02541	0.0358	0.20095	0.03465	2.55809	1.52677	0.07622	0.00346	0.30143	0.00693	0.00693	0.0	0.02194	0.0	0.13743	0.00924	0.0	0.15476	0.08546	0.00462
NA12802			CEU	EUR	2.0	train	3/6,3/6	3/6,3/6	0.988	True	1.0	0.01701	0.03043	0.2345	0.0358	2.36384	1.48221	0.07518	0.01164	0.41889	0.00537	0.04475	0.0	0.01522	0.0	0.1271	0.03133	0.0	0.1817	0.07697	0.00537
NA12812			CEU	EUR	2.0	train	3/6,3/6	3/6,3/6	0.997	True	1.0	0.03467	0.03911	0.26401	0.02578	2.47209	1.17426	0.09067	0.06489	0.37068	0.00178	0.02756	0.0	0.01244	0.0	0.12267	0.00533	0.0	0.10667	0.05511	0.00267
NA12813	5		CEU	EUR	2.0	train	3/6,5	3/6,5	0.991, 0.989	True	1.0	0.03934	0.03547	0.22377	0.02257	1.44323	0.73322	0.12317	0.00838	6.65059	2.74007	0.52686	0.00322	0.13736	0.0	0.13155	0.01161	0.00064	0.04708	0.13736	0.00709
NA12814	4		CEU	EUR	2.0	train	3/6,4	3/6,4	0.987, 0.991	True	1.0	0.02036	0.03053	0.35807	0.03053	1.0039	0.56996	2.51393	1.14639	0.50982	0.0037	0.0074	0.00093	0.01203	0.0	0.13231	0.00648	0.00093	0.13879	0.06292	0.0074
NA12815			CEU	EUR	2.0	test	3/6,3/6	3/6,3/6	0.996	True	1.0	0.02867	0.02787	0.34643	0.03186	2.86067	1.45821	0.05017	0.08999	0.4651	0.00159	0.05097	0.0	0.01195	0.00159	0.08123	0.04778	0.0	0.16008	0.03265	0.00478
NA12817	1		CEU	EUR	2.0	train	1,3/6	1,3/6	0.997, 0.931	True	1.0	2.7523	2.33533	0.23479	0.02748	1.21792	0.46879	0.11308	0.10522	0.25128	0.00157	0.00393	0.0157	0.0157	0.0	0.27798	0.01649	0.0	0.15784	0.0424	0.01492
NA12818			CEU	EUR	2.0	train	3/6,3/6	3/6,3/6	0.993	True	1.0	0.05182	0.03528	0.26351	0.05844	2.07284	1.21393	0.14003	0.00772	0.2558	0.00331	0.00221	0.0	0.01213	0.0	0.16869	0.00992	0.0011	0.13562	0.1279	0.00441
NA12827			CEU	EUR	2.0	train	3/6,3/6	3/6,3/6	0.997	True	1.0	0.0321	0.04654	0.30813	0.01846	1.8576	1.29992	0.1011	0.01605	0.29048	0.00481	0.00321	0.0008	0.01364	0.0008	0.11154	0.00642	0.0	0.11956	0.1011	0.0016
NA12828		1	CEU	EUR	2.0	train	1,3/6	1,3/6	0.999, 0.944	True	1.0	2.93475	2.45889	0.291	0.02742	0.74386	0.40156	0.11852	0.1026	0.22112	0.00354	0.00619	0.00708	0.00796	0.0	0.26269	0.02123	0.0	0.13179	0.09995	0.01681
NA12829	5		CEU	EUR	2.0	test	3/6,5	3/6,5	0.986, 0.973	True	1.0	0.03103	0.02257	0.24328	0.05853	0.86735	0.38079	0.10154	0.01058	6.57213	2.71559	0.54721	0.00353	0.14808	0.00212	0.14244	0.00917	0.0	0.07122	0.1502	0.00212
NA12830	4		CEU	EUR	2.0	train	3/6,4	3/6,4	0.976, 0.992	True	1.0	0.0254	0.0254	0.37805	0.04787	1.13709	0.52556	1.11852	0.67111	0.57831	0.00391	0.00293	0.0	0.01954	0.0	0.09476	0.00293	0.00195	0.15728	0.04201	0.00586
NA12832		4	CEU	EUR	2.0	test	3/6,4	3/6,4	0.946, 0.991	True	1.0	0.02707	0.05994	0.28132	0.0551	0.9764	0.70862	1.10208	0.70862	0.56747	0.0029	0.00483	0.00097	0.029	0.0	0.08217	0.00967	0.00097	0.17691	0.07831	0.00097
NA12842		4	CEU	EUR	2.0	train	3/6,4	3/6,4	0.971, 0.936	True	1.0	0.03929	0.03101	0.37631	0.04549	1.49698	0.57791	1.08655	0.69266	0.71644	0.00414	0.01964	0.0	0.01137	0.00207	0.04445	0.02171	0.0	0.12613	0.02378	0.01758
NA12843	2		CEU	EUR	2.0	train	2,3/6	2,3/6	0.935, 0.967	True	1.0	0.02866	0.05062	9.25086	6.66329	1.00293	0.7479	0.20441	0.02101	0.21969	0.00191	0.00478	0.0	0.02674	0.0	0.07546	0.02197	0.00096	0.16525	0.06304	0.04585
NA12864			CEU	EUR	2.0	test	3/6,3/6	3/6,3/6	0.997	True	1.0	0.03823	0.05607	0.31221	0.03441	2.24278	1.05513	0.06372	0.01402	0.38612	0.00127	0.00765	0.0	0.01274	0.0	0.08793	0.00382	0.00127	0.10449	0.17331	0.00382
NA12865	1	4	CEU	EUR	2.0	train	1,4	1,4	0.956, 0.931	True	1.0	5.234	5.05984	0.27997	0.03352	0.22214	0.00066	0.82085	0.4423	0.51854	0.00131	0.00657	0.0	0.01774	0.0	0.08609	0.01709	0.00131	0.24974	0.05126	0.0046
NA12872	2		CEU	EUR	2.0	test	2,3/6	2,3/6	0.968, 0.987	True	1.0	0.02202	0.02461	8.5299	5.84658	0.92229	0.29923	0.16645	0.00842	0.30635	0.00259	0.00907	0.0	0.01749	0.0	0.07513	0.02267	0.00065	0.10946	0.04599	0.01101
NA12873			CEU	EUR	2.0	train	3/6,3/6	3/6,3/6	0.996	True	1.0	0.02334	0.03689	0.39676	0.0399	2.42646	1.35289	0.15509	0.02108	0.32222	0.00527	0.00678	0.00075	0.01581	0.0	0.04517	0.02183	0.00075	0.21682	0.08206	0.01054
NA12874		4	CEU	EUR	2.0	train	3/6,4	3/6,4	0.96, 0.991	True	1.0	0.02309	0.03427	0.35085	0.01415	2.08571	1.37433	1.10691	0.61901	0.54377	0.00372	0.0149	0.0	0.01266	0.00149	0.05438	0.01192	0.00149	0.15196	0.02831	0.00596
NA12875	4	1	CEU	EUR	2.0	test	1,4	1,4	0.956, 0.935	True	1.0	5.20136	4.99325	0.2786	0.03692	0.21549	0.00269	1.00899	0.73442	0.44374	0.00403	0.00604	0.0	0.02215	0.00067	0.0819	0.0141	0.0	0.23966	0.03692	0.00336
NA12877	5	4	CEU	EUR	2.0	test	4,5	4,5	0.98, 0.878	True	1.0	0.02614	0.02614	0.24569	0.02156	0.17316	0.00065	2.30662	0.82725	8.07643	3.73698	0.58678	0.00065	0.13787	0.0	0.1516	0.00523	0.00065	0.115	0.04705	0.00261
NA12878	4		CEU	EUR	2.0	test	3/6,4	3/6,4	0.981, 0.965	True	1.0	0.02386	0.03665	0.34175	0.02898	1.12667	0.65964	1.03207	0.6264	0.57015	0.00256	0.00511	0.0	0.01534	0.0	0.06562	0.00426	0.0	0.17045	0.04602	0.01108
NA12889	4	4	CEU	EUR	2.0	train	4,4	4,4	0.987	True	1.0	0.02783	0.02858	0.6122	0.04061	0.26022	0.0	3.1693	1.06721	0.78368	0.00376	0.02708	0.00226	0.01955	0.0	0.06167	0.00752	0.00075	0.21058	0.03159	0.00903
NA12890	5	5	CEU	EUR	2.0	train	5,5	5,5	0.99	True	1.0	0.01828	0.01717	0.18332	0.03434	0.14677	0.0	0.11741	0.00775	12.80738	5.41704	1.07554	0.01108	0.20824	0.00166	0.15397	0.00831	0.0	0.00055	0.09581	0.00222
NA12891			CEU	EUR	2.0	train	3/6,3/6	3/6,3/6	0.997	True	1.0	0.04588	0.03537	0.26001	0.08603	2.28176	1.38799	0.08221	0.01147	0.26957	0.00382	0.00669	0.0	0.02294	0.00096	0.06787	0.01052	0.00191	0.2103	0.08794	0.00669
NA12892	4	4	CEU	EUR	2.0	train	4,4	4,4	0.98	True	1.0	0.02775	0.03793	0.2868	0.01758	0.173	0.00185	3.33793	1.71337	0.90202	0.00278	0.00463	0.0	0.01943	0.00093	0.06661	0.00833	0.00093	0.18133	0.01758	0.00185
NA18484		1	YRI	AFR	2.0	train	1,3/6	1,3/6	0.99, 0.968	True	1.0	1.92284	1.51618	0.27194	0.02259	2.537	0.79993	0.10376	0.02259	0.26357	0.00502	0.01506	0.0	0.01757	0.0	0.29788	0.01757	0.00084	0.19831	0.02678	0.01339
NA18485		1	YRI	AFR	2.0	train	1,3/6	1,3/6	0.994, 0.966	True	1.0	1.19808	1.02371	0.20062	0.01562	2.0643	1.30058	0.10312	0.045	0.34874	0.00062	0.00625	0.00062	0.01625	0.00062	0.23062	0.0425	0.0	0.17249	0.03375	0.02687
NA18486	1	1	YRI	AFR	2.0	train	1,1	1,1	0.99	True	1.0	5.75106	5.21958	0.33019	0.05553	0.38274	0.00397	0.12791	0.01388	0.19236	0.00496	0.00694	0.0	0.00793	0.00099	0.28557	0.02181	0.0	0.16559	0.05156	0.00892
NA18487		1	YRI	AFR	2.0	train	1,3/6	1,3/6	0.997, 0.912	True	1.0	1.7597	1.5058	0.23827	0.02441	1.20503	0.2246	0.1748	0.04687	0.35448	0.00391	0.00586	0.0	0.02637	0.00098	0.31346	0.07324	0.00098	0.16699	0.04883	0.04101
NA18488			YRI	AFR	2.0	train	3/6,3/6	3/6,3/6	0.997	True	1.0	0.04593	0.04063	0.26054	0.03621	4.03088	1.56325	0.09538	0.02031	0.27114	0.00442	0.03268	0.0	0.0159	0.00088	0.05829	0.00618	0.0	0.12276	0.03356	0.00972
NA18489	1		YRI	AFR	2.0	train	1,3/6	1,3/6	0.659, 0.981	True	1.0	0.19055	0.18464	0.28915	0.01809	2.76518	1.33532	0.1876	0.03767	0.48856	0.00185	0.00923	0.00037	0.01625	0.00037	0.21271	0.01809	0.00037	0.11005	0.04764	0.04948
NA18497	1	1	YRI	AFR	2.0	train	1,1	1,1	0.997	True	1.0	3.33547	2.8901	0.20702	0.04222	0.18387	0.00409	0.18795	0.02043	0.38271	0.00409	0.00409	0.00136	0.01498	0.00136	0.66873	0.13075	0.00136	0.15254	0.06537	0.04903
NA18498	11	1	YRI	AFR	2.0	train	1,11	1,11	0.996, 0.967	True	1.0	1.40399	1.18204	0.25603	0.01829	0.1197	0.00083	0.09061	0.01912	0.21862	0.00083	0.12303	0.0	0.01081	0.0	0.42311	0.08396	2.47797	1.76642	0.03325	0.05985
NA18499	2	1	YRI	AFR	2.0	test	1,2	1,2	0.976, 0.955	True	1.0	1.3424	1.15884	9.0743	6.15361	0.12266	0.00172	0.19128	0.02916	0.33624	0.00515	0.006	0.00172	0.01973	0.0	0.30279	0.0446	0.0	0.12094	0.0386	0.04632
NA18500	1	1	YRI	AFR	2.0	train	1,1	1,1	0.982	True	1.0	6.80178	6.51517	0.16325	0.14748	0.07235	0.0	0.05751	0.05009	0.40442	0.00835	0.00649	0.00186	0.01577	0.00093	0.11223	0.03896	0.0	0.1985	0.02597	0.02412
NA18501	2	1	YRI	AFR	2.0	train	1,2	1,2	0.968, 0.977	True	1.0	2.83716	2.7206	1.43594	1.08874	0.09011	0.0	0.12483	0.01901	0.30174	0.00248	0.01075	0.0	0.00909	0.00083	0.08101	0.03555	0.0	0.08763	0.01901	0.02811
NA18502	1	1	YRI	AFR	2.0	train	1,1	1,1	0.997	True	1.0	5.04507	4.80787	0.26092	0.13819	0.16398	0.00206	0.13819	0.04125	0.39498	0.00309	0.00619	0.00206	0.00928	0.00103	0.40014	0.06807	0.0	0.12891	0.04331	0.04228
NA18503	2	1	YRI	AFR	2.0	test	1,2	1,2	0.957, 0.897	True	1.0	1.07873	1.07158	9.72732	6.32312	0.15283	0.00089	0.12602	0.04379	0.4701	0.00089	0.00626	0.0	0.01787	0.0	0.11708	0.03486	0.0	0.11708	0.08937	0.00179
NA18504	1	1	YRI	AFR	2.0	test	1,1	1,1	0.997	True	1.0	1.95619	1.86511	0.2241	0.03181	0.26314	0.00145	0.17928	0.06072	0.69255	0.00289	0.0159	0.00289	0.0159	0.0	0.31808	0.06651	0.00145	0.09253	0.15615	0.03904
NA18505	4	2	YRI	AFR	2.0	train	2,4	2,4	0.961, 0.947	True	1.0	0.03124	0.02201	9.29153	6.14962	0.18887	0.0	1.38883	0.72069	0.49205	0.00355	0.00852	0.0	0.02343	0.00213	0.08378	0.01704	0.00355	0.16544	0.03408	0.01704
NA18506	4	1	YRI	AFR	2.0	train	1,4	4,4	0.955	False	1.0	0.03134	0.03981	0.34217	0.02541	0.40569	0.00085	1.52875	0.77073	0.57254	0.02626	0.00593	0.0	0.03388	0.0	0.06691	0.00508	0.0	0.16854	0.08893	0.00932
NA18507	1	1	YRI	AFR	2.0	train	1,1	1,1	0.997	True	1.0	1.6843	1.35583	0.31974	0.04281	0.44466	0.00087	0.13453	0.02621	0.41933	0.00961	0.00699	0.0	0.02883	0.00087	0.2944	0.0166	0.00087	0.13978	0.10134	0.02184
NA18508		4	YRI	AFR	2.0	train	3/6,4	3/6,4	0.957, 0.993	True	1.0	0.0207	0.02839	0.30223	0.05619	2.19252	0.85879	1.5431	0.8996	0.45069	0.00296	0.01952	0.0	0.02188	0.0	0.04377	0.01242	0.00059	0.11001	0.04318	0.00473
NA18510								1,10	0.74, 0.972		1.0	1.64223	1.43054	0.27951	0.01375	0.23644	0.00092	0.11272	0.08431	0.28592	0.00275	0.00641	0.0	0.00825	0.0	2.16184	1.32148	0.0	0.13655	0.06965	0.01558
NA18511								2,3/6	0.945, 0.983		1.0	0.02561	0.01725	1.44217	1.11025	1.979	0.76003	0.08154	0.0277	0.30579	0.00261	0.01986	0.0	0.03398	0.0	0.04286	0.10297	0.00052	0.06848	0.04495	0.01725
NA18515	2	1	YRI	AFR	2.0	test	1,2	1,2	0.982, 0.701	True	1.0	1.6482	1.52115	0.61365	0.48659	0.19101	0.00086	0.0726	0.10371	0.26879	0.00259	0.00864	0.0	0.01383	0.0	0.09507	0.04667	0.0	0.08902	0.01296	0.01469
NA18516	1	1	YRI	AFR	2.0	train	1,1	1,1	0.982	True	1.0	1.50037	1.38416	0.34544	0.03582	0.44175	0.0008	0.23481	0.24754	0.31918	0.0008	0.00557	0.0	0.02149	0.00159	0.10507	0.04776	0.0	0.0987	0.0589	0.01592
NA18517	1	2	YRI	AFR	2.0	train	1,2	1,2	0.985, 0.841	True	1.0	3.07084	2.94375	0.70296	0.58956	0.19142	0.0008	0.14075	0.02493	0.38044	0.00322	0.00724	0.00161	0.00804	0.0	0.08204	0.0378	0.0008	0.0756	0.02493	0.037
NA18518	1		YRI	AFR	2.0	train	1,3/6	1,3/6	0.971, 0.976	True	1.0	1.27517	1.04569	0.21889	0.03392	1.83803	1.13155	0.10388	0.09752	0.25122	0.00106	0.01855	0.00053	0.02862	0.0	0.23426	0.03498	0.00159	0.20776	0.05989	0.00901
NA18519	1		YRI	AFR	2.0	train	1,3/6	1,3/6	0.997, 0.944	True	1.0	0.97374	0.91495	0.32458	0.0443	1.95429	1.16712	0.14227	0.0426	0.27176	0.00511	0.00682	0.00085	0.01619	0.0	0.27261	0.02726	0.0	0.14568	0.07838	0.02726
NA18520	2	1	YRI	AFR	2.0	train	1,2	1,2	0.987, 0.925	True	1.0	1.50727	1.19667	8.8017	5.54302	0.17547	0.00109	0.18964	0.06103	0.37164	0.00327	0.02725	0.0	0.01962	0.00109	0.24195	0.04795	0.00218	0.12097	0.03379	0.0218
NA18521	2	2	YRI	AFR	2.0	train	2,2	2,2	0.993	True	1.0	0.01646	0.0228	6.8424	4.63125	0.11334	0.00063	0.10195	0.03736	0.1792	0.00633	0.02723	0.0	0.0152	0.0	0.02786	0.03483	0.00253	0.06585	0.01076	0.02343
NA18522	4	2	YRI	AFR	2.0	train	2,4	2,4	0.929, 0.94	True	1.0	0.0277	0.02943	0.77913	0.58521	0.16448	0.0	0.709	0.66572	0.51076	0.00173	0.00606	0.0	0.02078	0.0	0.08917	0.00866	0.0	0.08484	0.02078	0.02337
NA18523	9	2	YRI	AFR	2.0	train	2,9	2,9	0.978, 0.923	True	1.0	0.0167	0.01503	7.20086	4.95177	0.15528	0.0	0.13859	0.02894	0.2165	0.0039	0.06901	0.01224	7.13518	3.36055	0.02338	0.02282	0.00111	0.07681	0.04397	0.02727
NA18525								1,3/6	0.966, 0.93		1.0	4.23938	3.96801	0.28494	0.18544	0.98371	0.4357	0.14247	0.02337	0.40931	0.00226	0.00603	0.00075	0.0196	0.00075	0.07915	0.02261	0.00075	0.13418	0.04674	0.00528
NA18526								3/6,3/6	0.997		1.0	0.02739	0.03305	0.21532	0.0255	2.3307	1.3325	0.09255	0.00944	0.2682	0.00094	0.00661	0.00189	0.0085	0.00094	0.10294	0.00472	0.00094	0.10294	0.06138	0.00755
NA18528								3/6,3/6	0.997		1.0	0.04327	0.05273	0.2312	0.01217	2.29442	1.06271	0.03651	0.01352	0.48268	0.00135	0.00541	0.0	0.01082	0.0	0.1014	0.00811	0.0	0.08112	0.00541	0.00135
NA18530								1,3/6	0.975, 0.989		1.0	3.61034	3.40597	0.25954	0.12287	1.22121	0.61938	0.10971	0.02257	0.39495	0.00376	0.00564	0.00063	0.01442	0.0	0.08087	0.0163	0.0	0.12162	0.07397	0.00125
NA18531								3/6,3/6	0.996		1.0	0.03423	0.0353	0.23429	0.01498	2.37178	1.3715	0.06098	0.04707	0.33485	0.00107	0.00535	0.0	0.01498	0.0	0.06526	0.04172	0.0	0.11554	0.05884	0.00321
NA18532								3/6,3/6	0.995		1.0	0.03151	0.03601	0.23972	0.01576	2.69656	1.24024	0.11592	0.009	0.34439	0.0045	0.00225	0.0	0.01238	0.0	0.16094	0.0045	0.00113	0.12717	0.04277	0.00113
NA18533								3/6,3/6	0.997		1.0	0.05014	0.0389	0.30172	0.03545	3.30333	1.68409	0.04755	0.07521	0.49278	0.00259	0.02594	0.0	0.01037	0.00086	0.08905	0.00951	0.00086	0.11239	0.03199	0.00519
NA18534								2,4	0.996, 0.922		1.0	0.02656	0.02203	7.88662	5.38646	0.13605	0.0	1.29511	0.62002	0.32783	0.0013	0.00454	0.0013	0.01166	0.0	0.05442	0.02527	0.0	0.08682	0.02073	0.06155
NA18535								2,3/6	0.951, 0.985		1.0	0.02076	0.02454	3.75793	2.23475	1.78616	0.79902	0.11891	0.06543	0.32338	0.00063	0.01258	0.0	0.01573	0.00063	0.04593	0.00944	0.00063	0.09563	0.01321	0.03649
NA18536								3/6,3/6	0.997		1.0	0.03113	0.03018	0.32069	0.04244	2.41268	1.09033	0.13865	0.01509	0.31125	0.00094	0.00755	0.00189	0.01603	0.00094	0.08772	0.00566	0.0	0.16883	0.03584	0.0066
NA18537								3/6,3/6	0.997		1.0	0.03175	0.02757	0.36006	0.02089	3.05258	1.43774	0.08688	0.07519	0.46449	0.00251	0.01921	0.00084	0.01337	0.0	0.10192	0.00334	0.00084	0.12698	0.04595	0.00334
NA18538								2,3/6	0.994, 0.978		1.0	0.02567	0.02239	7.78086	5.49706	0.88469	0.47456	0.154	0.01092	0.23701	0.00273	0.02184	0.0	0.01092	0.00109	0.0486	0.04533	0.00055	0.10431	0.00546	0.02567
NA18539								3/6,4	0.942, 0.976		1.0	0.03805	0.0177	0.40527	0.05752	1.12555	0.62914	0.91496	0.72382	0.46987	0.00531	0.01062	0.00088	0.01327	0.0	0.10441	0.00619	0.00088	0.15485	0.10441	0.00265
NA18541								1,3/6	0.977, 0.978		1.0	5.43861	5.22066	0.30049	0.05696	0.75701	0.28976	0.12053	0.05861	0.41689	0.00578	0.00826	0.00083	0.01981	0.00083	0.10237	0.02311	0.00083	0.17914	0.01734	0.00165
NA18542								1,3/6	0.96, 0.978		1.0	4.7516	4.39187	0.26854	0.02705	1.08519	0.54911	0.1012	0.01202	0.47496	0.00401	0.02405	0.0	0.01303	0.001	0.08617	0.01703	0.00301	0.15531	0.05511	0.02004
NA18543								3/6,3/6	0.996		1.0	0.02815	0.03284	0.24303	0.02815	2.84789	1.78099	0.0563	0.00845	0.38566	0.00188	0.01595	0.0	0.00657	0.0	0.08445	0.00751	0.0	0.11729	0.05912	0.00282
NA18544								2,3/6	0.984, 0.986		1.0	0.02073	0.01607	4.11438	2.90256	1.11593	0.54941	0.10522	0.02177	0.24879	0.00415	0.00985	0.0	0.01244	0.00052	0.0933	0.01659	0.00104	0.05235	0.02488	0.05961
NA18545								3/6,4	0.912, 0.991		1.0	0.03285	0.03818	0.3001	0.0222	1.6008	0.72094	1.56618	0.88963	0.41996	0.00533	0.00888	0.0	0.02841	0.0	0.08701	0.00977	0.0	0.11009	0.0515	0.00533
NA18546								1,2	0.967, 0.981		1.0	3.24993	3.05637	3.77506	2.22417	0.10096	0.00179	0.14577	0.0239	0.30229	0.00179	0.00239	0.0006	0.01255	0.0	0.05436	0.01434	0.0	0.09439	0.05198	0.0233
NA18547								1,3/6	0.983, 0.986		1.0	3.79862	3.51473	0.32082	0.10529	1.10579	0.52809	0.12238	0.03693	0.41674	0.00331	0.02315	0.00055	0.01543	0.00055	0.14057	0.0204	0.0011	0.1345	0.07001	0.00276
NA18548								3/6,4	0.977, 0.978		1.0	0.03106	0.02307	0.38954	0.02218	1.30439	0.58831	1.82438	1.06836	0.50224	0.00532	0.00621	0.00089	0.00887	0.0	0.07809	0.0071	0.0	0.14552	0.03904	0.0071
NA18549								1,3/6	0.971, 0.991		1.0	4.38035	4.12891	0.22887	0.07317	0.89211	0.49432	0.1082	0.03036	0.45851	0.00234	0.00389	0.0	0.01012	0.00078	0.0794	0.03581	0.00078	0.10898	0.09964	0.00467
NA18550								1,3/6	0.965, 0.99		1.0	3.95471	3.81194	0.28555	0.05308	0.78801	0.4567	0.07596	0.00824	0.32216	0.00092	0.00366	0.0	0.01098	0.0	0.07413	0.02014	0.0	0.11532	0.05583	0.00458
NA18552								2,3/6	0.993, 0.979		1.0	0.01523	0.02011	8.73615	5.79587	0.97542	0.73416	0.16694	0.01645	0.15536	0.00122	0.02071	0.00183	0.01462	0.00061	0.04509	0.00792	0.00061	0.09992	0.01828	0.02132
NA18553								1,3/6	0.952, 0.991		1.0	2.86974	2.67927	0.3144	0.08533	1.75791	1.06917	0.09092	0.06197	0.27631	0.00102	0.01473	0.0	0.01676	0.0	0.09244	0.02082	0.00051	0.15085	0.0447	0.00254
NA18555								3/6,3/6	0.979		1.0	0.01287	0.02253	0.29413	0.0206	2.63368	1.49705	0.09461	0.06822	0.28641	0.00257	0.0148	0.00064	0.01545	0.0	0.11649	0.04827	0.0	0.11649	0.02574	0.00515
NA18557								3/6,3/6	0.997		1.0	0.02425	0.03637	0.22749	0.0164	2.62647	1.4227	0.1141	0.01284	0.2118	0.00428	0.00428	0.00071	0.00998	0.0	0.06204	0.00571	0.00071	0.13835	0.03922	0.00143
NA18558								1,2	0.949, 0.953		1.0	2.9567	2.79839	7.24948	4.97226	0.1594	0.0	0.15776	0.0136	0.27146	0.00272	0.01632	0.00109	0.02067	0.0	0.06311	0.08051	0.00054	0.12784	0.03645	0.01034
NA18559								3/6,4	0.944, 0.981		1.0	0.04166	0.02999	0.36826	0.07665	1.9071	0.67903	1.05478	0.6357	0.70152	0.0025	0.02166	0.0	0.01	0.00083	0.09748	0.00583	0.00083	0.13581	0.06832	0.005
NA18560								2,4	0.95, 0.901		1.0	0.01634	0.02137	8.75754	6.01747	0.1634	0.00126	0.8327	0.48768	0.31674	0.00126	0.01383	0.0	0.01131	0.0	0.0641	0.03708	0.0	0.13449	0.04776	0.00566
NA18561								3/6,4	0.947, 0.968		1.0	0.02589	0.01941	0.47097	0.02013	1.33093	0.68308	1.76522	1.05338	0.49901	0.0036	0.00863	0.00144	0.02013	0.0	0.12008	0.04098	0.0	0.23584	0.02373	0.00575
NA18562								2,3/6	0.971, 0.992		1.0	0.03114	0.02478	7.44071	5.19306	0.9138	0.47342	0.16332	0.00635	0.24529	0.00191	0.00635	0.00064	0.00953	0.0	0.04893	0.01652	0.0	0.0788	0.02733	0.02097
NA18563								1,3/6	0.962, 0.99		1.0	2.35509	2.04764	0.23059	0.09839	1.15526	0.58109	0.08455	0.00615	0.27825	0.00077	0.01614	0.0	0.01076	0.0	0.10991	0.02613	0.0	0.09992	0.03613	0.00307
NA18564								3/6,4	0.929, 0.949		1.0	0.03849	0.03336	0.23477	0.06286	1.64214	0.66584	2.31568	0.9917	0.6312	0.00898	0.0077	0.00257	0.01283	0.0	0.03849	0.00641	0.0	0.10263	0.02309	0.01411
NA18565								1,1	0.971		1.0	7.08533	6.73149	0.31614	0.08867	0.15207	0.00257	0.12466	0.04626	0.44423	0.006	0.006	0.00086	0.009	0.00043	0.06854	0.03084	0.00086	0.13237	0.04455	0.00643
NA18566								2,3/6	0.986, 0.979		1.0	0.01793	0.02654	8.19279	5.28253	0.96483	0.58535	0.14419	0.04376	0.23098	0.00215	0.00646	0.0043	0.02367	0.0	0.05165	0.0538	0.00287	0.19584	0.02367	0.04448
NA18567								3/6,3/6	0.997		1.0	0.04777	0.05294	0.26469	0.03099	2.27243	1.00968	0.06714	0.01033	0.53196	0.00258	0.00129	0.00129	0.00258	0.0	0.06714	0.00387	0.00129	0.13041	0.00646	0.00775
NA18570								2,3/6	0.952, 0.932		1.0	0.02484	0.0138	6.5328	4.1583	1.84108	1.28351	0.06625	0.03657	0.29949	0.00207	0.02622	0.00069	0.00828	0.0	0.07591	0.01656	0.0	0.09799	0.0207	0.03381
NA18571								3/6,3/6	0.984		1.0	0.05439	0.03626	0.56725	0.03108	1.22776	0.81591	0.29917	0.07253	0.68252	0.0013	0.00777	0.0013	0.01166	0.0	0.10749	0.00907	0.0	0.12303	0.0531	0.00259
NA18572								1,3/6	0.981, 0.99		1.0	4.80301	4.40035	0.26906	0.1176	0.74807	0.21734	0.10898	0.02463	0.42052	0.00308	0.00739	0.00062	0.01355	0.0	0.10775	0.02524	0.00062	0.13545	0.06465	0.00431
NA18573								3/6,3/6	0.987		1.0	0.02607	0.02245	0.29616	0.01231	2.40043	1.42288	0.105	0.03621	0.40478	0.00434	0.05648	0.00145	0.01665	0.00145	0.14772	0.00579	0.00145	0.1202	0.05358	0.0029
NA18574								2,3/6	0.971, 0.982		1.0	0.02186	0.03044	5.90761	3.9358	1.16778	0.66351	0.153	0.01249	0.23965	0.00234	0.00859	0.0	0.0242	0.00078	0.05855	0.02576	0.00078	0.16315	0.0203	0.02732
NA18577								3/6,3/6	0.996		1.0	0.03258	0.04399	0.26964	0.01711	3.11917	1.78238	0.07169	0.02933	0.40079	0.00163	0.03258	0.0	0.0114	0.00244	0.12708	0.02525	0.0	0.11975	0.01548	0.00244
NA18579								2,4	0.982, 0.934		1.0	0.01293	0.0197	8.66401	5.83676	0.27337	0.0	1.65252	0.67172	0.37803	0.00062	0.01786	0.0	0.01108	0.0	0.05172	0.09666	0.00185	0.16316	0.0197	0.0117
NA18582								2,3/6	0.995, 0.974		1.0	0.01757	0.01696	7.61098	5.57464	1.05119	0.52408	0.13329	0.0412	0.21509	0.00242	0.01939	0.00121	0.01091	0.00061	0.06119	0.05695	0.0	0.08482	0.0103	0.01333
NA18591								1,3/6	0.975, 0.975		1.0	2.18173	2.15029	0.2387	0.06189	1.85953	0.99509	0.10904	0.00393	0.42633	0.00393	0.00196	0.0	0.00982	0.00098	0.17387	0.03635	0.00196	0.12868	0.03733	0.00884
NA18592								3/6,4	0.949, 0.986		1.0	0.03069	0.02557	0.34778	0.04006	1.51389	0.5302	1.99209	0.92657	0.45178	0.00682	0.00767	0.0	0.0162	0.00085	0.11167	0.00597	0.0	0.11081	0.03495	0.00767
NA18593								3/6,4	0.947, 0.963		1.0	0.0333	0.02903	0.36202	0.02049	1.97235	0.79748	1.08437	0.68392	0.45339	0.00427	0.01793	0.00171	0.01025	0.0	0.0999	0.00683	0.00085	0.16394	0.03245	0.0111
NA18595								2,2	0.997		1.0	0.01433	0.01488	11.36411	7.75154	0.0915	0.0	0.11906	0.01102	0.18906	0.0011	0.01047	0.00055	0.00992	0.0	0.05016	0.04906	0.00055	0.08819	0.03693	0.02315
NA18596								3/6,3/6	0.992		1.0	0.03324	0.03324	0.34435	0.01595	2.66569	1.513	0.12498	0.01064	0.48129	0.00399	0.00399	0.00133	0.01595	0.0	0.14093	0.00665	0.0	0.13295	0.02127	0.01595
NA18597								1,3/6	0.901, 0.991		1.0	4.01948	3.84771	0.31899	0.06323	1.18536	0.60589	0.09532	0.0302	0.2416	0.00283	0.00566	0.0	0.00944	0.0	0.06984	0.00661	0.0	0.15006	0.03681	0.00283
NA18599								2,3/6	0.895, 0.982		1.0	0.03021	0.04134	8.38031	5.74695	0.7951	0.3236	0.13199	0.00795	0.30055	0.00239	0.01034	0.0	0.02385	0.0	0.097	0.00795	0.0	0.14789	0.00318	0.04532
NA18602								3/6,3/6	0.997		1.0	0.03276	0.0305	0.30617	0.07005	2.16129	1.16594	0.10733	0.01243	0.25646	0.0	0.00452	0.00113	0.01243	0.00226	0.09603	0.00791	0.00113	0.09038	0.05197	0.00226
NA18603								2,2	0.997		1.0	0.01561	0.01821	13.86493	9.57467	0.10717	0.0	0.14358	0.00832	0.20653	0.00364	0.01717	0.00104	0.01509	0.0	0.04006	0.03277	0.00156	0.08532	0.04942	0.02861
NA18605								2,3/6	0.908, 0.956		1.0	0.02492	0.03451	10.66701	7.49346	0.83293	0.30384	0.14761	0.00863	0.46103	0.00288	0.00479	0.0	0.01342	0.00096	0.06709	0.01725	0.00096	0.13898	0.03067	0.03067
NA18606								3/6,3/6	0.996		1.0	0.04614	0.03691	0.27264	0.02517	3.32288	1.09896	0.17952	0.00923	0.27935	0.00671	0.00336	0.00084	0.01426	0.00084	0.12248	0.00671	0.00168	0.08389	0.03607	0.00839
NA18608								2,3/6	0.984, 0.993		1.0	0.03186	0.02336	6.77673	4.49139	0.80709	0.3547	0.11823	0.00991	0.18549	0.00071	0.00354	0.0	0.01345	0.0	0.05239	0.01204	0.00071	0.1246	0.0262	0.0269
NA18609								3/6,3/6	0.996		1.0	0.04196	0.02765	0.32612	0.01716	2.20084	1.25967	0.13064	0.0391	0.33089	0.00286	0.00763	0.00191	0.01907	0.0	0.08773	0.01621	0.0	0.12301	0.07819	0.00286
NA18610								1,4	0.948, 0.857		1.0	3.93897	3.70723	0.36264	0.11873	0.14949	0.00072	1.43196	0.73243	0.39268	0.0	0.00215	0.0	0.01001	0.00143	0.08655	0.02003	0.00072	0.14806	0.04721	0.00358
NA18611								3/6,4	0.913, 0.966		1.0	0.02965	0.03205	0.25322	0.04007	1.51208	0.84699	1.54173	0.85981	0.56493	0.00401	0.0016	0.0	0.01122	0.0	0.11619	0.05449	0.0008	0.16908	0.03045	0.00641
NA18612								3/6,3/6	0.996		1.0	0.03341	0.04535	0.35722	0.03421	2.88958	1.19259	0.13605	0.00398	0.32142	0.00477	0.00557	0.00159	0.01273	0.0	0.10581	0.00636	0.0008	0.12332	0.03262	0.00398
NA18613								2,3/6	0.976, 0.973		1.0	0.02258	0.01711	9.81963	6.69468	0.93947	0.45366	0.14095	0.00821	0.26822	0.00205	0.013	0.00068	0.01232	0.0	0.05337	0.09853	0.00137	0.10332	0.00821	0.00821
NA18614								1,2	0.983, 0.978		1.0	3.41359	3.2755	5.40955	3.55168	0.08045	0.00127	0.11022	0.02977	0.27048	0.00443	0.0076	0.0	0.0114	0.00127	0.09375	0.03547	0.00063	0.11402	0.05258	0.03104
NA18615								3/6,3/6	0.997		1.0	0.02824	0.03509	0.32261	0.02396	2.91294	1.44449	0.08729	0.089	0.39963	0.00257	0.03166	0.0	0.01369	0.0	0.08985	0.00856	0.0	0.11638	0.03423	0.00513
NA18616								3/6,3/6	0.997		1.0	0.04265	0.03839	0.36042	0.02239	2.77461	1.20816	0.09277	0.04159	0.37535	0.00107	0.03306	0.0	0.00746	0.0032	0.08211	0.01066	0.0	0.1173	0.0096	0.00427
NA18617								1,1	0.975		1.0	5.43324	4.93832	0.42857	0.1591	0.1591	0.00068	0.16249	0.01151	0.37102	0.00474	0.01016	0.0	0.01896	0.0	0.10291	0.0237	0.00203	0.21598	0.06906	0.00948
NA18618								2,3/6	0.9, 0.989		1.0	0.0336	0.03207	9.60602	6.40834	1.23616	0.43674	0.13896	0.01222	0.28862	0.01832	0.00764	0.00153	0.00687	0.0	0.06643	0.00534	0.0	0.10231	0.01603	0.02367
NA18619								3/6,3/6	0.997		1.0	0.02924	0.03119	0.3675	0.01852	2.85129	1.5977	0.09553	0.04874	0.29049	0.00585	0.02437	0.00097	0.0195	0.00097	0.1004	0.01072	0.00097	0.12672	0.05556	0.0039
NA18620								1,2	0.96, 0.98		1.0	2.63191	2.53908	7.01207	4.63507	0.10839	0.0	0.13448	0.01154	0.25742	0.001	0.01505	0.0	0.01154	0.0005	0.06875	0.02108	0.0005	0.10337	0.08731	0.0286
NA18621								3/6,3/6	0.996		1.0	0.03233	0.04526	0.39766	0.03341	2.56272	1.26843	0.09915	0.02263	0.35779	0.00539	0.0194	0.0	0.02802	0.0	0.11854	0.01724	0.00108	0.13687	0.03664	0.00431
NA18622								4,4	0.983		1.0	0.02431	0.03322	0.44803	0.0235	0.26007	0.00162	3.073	1.39836	0.74941	0.00243	0.00567	0.00081	0.01539	0.0	0.11991	0.00891	0.0	0.18553	0.03403	0.00567
NA18623								2,3/6	0.913, 0.981		1.0	0.02239	0.02356	10.79255	7.35055	0.96904	0.42885	0.10368	0.04065	0.30338	0.00118	0.00766	0.00118	0.00884	0.00118	0.06126	0.12371	0.00059	0.10662	0.05832	0.00884
NA18624								3/6,3/6	0.993		1.0	0.02178	0.03168	0.35836	0.04356	2.28974	1.41364	0.1376	0.01386	0.29005	0.00297	0.00594	0.00099	0.02277	0.0	0.098	0.01089	0.0	0.16928	0.08118	0.00396
NA18625								3/6,3/6	0.997		1.0	0.05014	0.0473	0.29896	0.02365	2.56391	1.31128	0.09272	0.01325	0.37749	0.00378	0.00662	0.00189	0.01892	0.0	0.09177	0.00662	0.0	0.10975	0.02649	0.01041
NA18626								3/6,3/6	0.997		1.0	0.0267	0.03204	0.35508	0.02759	2.94832	1.24501	0.08543	0.04539	0.43695	0.00267	0.04895	0.00178	0.01424	0.00089	0.06585	0.01246	0.0	0.11302	0.02937	0.00267
NA18627								3/6,4	0.968, 0.968		1.0	0.029	0.0262	0.45843	0.02432	1.58579	0.7971	1.42019	0.63806	0.50427	0.00374	0.03742	0.0	0.01497	0.0	0.06923	0.00748	0.0	0.1525	0.05613	0.00842
NA18628								2,3/6	0.97, 0.992		1.0	0.01705	0.02202	8.11921	5.80258	1.46769	0.6351	0.13356	0.00568	0.18897	0.00355	0.01421	0.00142	0.01563	0.00213	0.05754	0.00568	0.0	0.07814	0.02628	0.01776
NA18629								2,3/6	0.964, 0.981		1.0	0.02205	0.02646	8.97943	6.5819	0.91657	0.49163	0.11464	0.00992	0.27062	0.00165	0.01764	0.0	0.01157	0.0	0.07165	0.06008	0.0	0.09535	0.03031	0.00882
NA18630								1,3/6	0.959, 0.975		1.0	3.81202	3.54826	0.32729	0.0154	1.37335	0.81246	0.07444	0.01669	0.35104	0.00064	0.0154	0.0	0.0154	0.00064	0.09626	0.02374	0.00064	0.14504	0.02888	0.01412
NA18631								2,3/6	0.997, 0.976		1.0	0.01702	0.02766	7.31653	4.96652	1.25745	0.59894	0.15	0.02766	0.23351	0.0016	0.02872	0.00213	0.01702	0.00053	0.04681	0.05692	0.00053	0.13138	0.01383	0.01809
NA18632								2,3/6	0.982, 0.982		1.0	0.01915	0.01717	8.32035	5.91575	1.09798	0.5414	0.14921	0.03235	0.25419	0.00396	0.03499	0.0	0.01188	0.00066	0.06999	0.00264	0.00066	0.08451	0.01056	0.01188
NA18633								1,3/6	0.98, 0.993		1.0	4.41053	4.13669	0.37498	0.09685	1.10585	0.5057	0.07442	0.04818	0.3621	0.00095	0.02958	0.00048	0.00954	0.0	0.11879	0.02385	0.00095	0.10543	0.09875	0.00525
NA18634								2,3/6	0.993, 0.981		1.0	0.02617	0.02392	10.53639	6.99211	0.77599	0.38052	0.1084	0.01196	0.26913	0.00075	0.02766	0.00075	0.01495	0.0	0.03364	0.08896	0.00075	0.13307	0.0456	0.01047
NA18635								3/6,4	0.984, 0.99		1.0	0.04069	0.0373	0.36286	0.01865	1.56503	0.67569	2.06862	1.03855	0.5197	0.00254	0.00424	0.00085	0.01696	0.00085	0.04663	0.01356	0.0	0.15006	0.02713	0.0017
NA18636								2,4	0.968, 0.926		1.0	0.01468	0.0174	8.59728	6.06122	0.13703	0.00054	1.22834	0.96407	0.34528	0.00272	0.01523	0.00109	0.01468	0.0	0.04785	0.07014	0.0	0.14573	0.01414	0.0087
NA18637								2,3/6	0.985, 0.976		1.0	0.01793	0.02573	7.95041	5.48715	0.83434	0.58482	0.13178	0.0078	0.29631	0.0039	0.00546	0.00156	0.01248	0.0	0.05614	0.02027	0.0	0.11462	0.05224	0.02573
NA18638								2,3/6	0.943, 0.984		1.0	0.03278	0.02861	9.8908	6.69133	0.80793	0.38862	0.13214	0.00936	0.36521	0.00156	0.00676	0.0	0.01509	0.0	0.07283	0.01873	0.00104	0.1207	0.03173	0.0333
NA18639								2,2	0.942		1.0	0.01033	0.01643	8.76785	5.68091	0.07841	0.00047	0.13005	0.00751	0.14085	0.00047	0.00704	0.00094	0.01643	0.0	0.07747	0.01174	0.00094	0.13662	0.02723	0.06949
NA18640								2,3/6	0.985, 0.992		1.0	0.02178	0.02002	7.00472	4.03339	0.77124	0.41447	0.12893	0.02885	0.19193	0.00294	0.00589	0.00235	0.01119	0.0	0.073	0.01354	0.00118	0.09184	0.1254	0.0365
NA18641								1,3/6	0.959, 0.984		1.0	3.50312	3.27078	0.22057	0.14932	1.37176	0.77882	0.11152	0.05204	0.37609	0.00124	0.0223	0.0	0.01363	0.0	0.07311	0.01425	0.0	0.10347	0.06568	0.00186
NA18642								2,3/6	0.985, 0.993		1.0	0.02368	0.02507	7.56747	5.13738	0.91938	0.41511	0.15602	0.01114	0.27512	0.0007	0.01184	0.0007	0.02577	0.0	0.06826	0.01463	0.00209	0.16646	0.03274	0.0404
NA18643								2,3/6	0.972, 0.98		1.0	0.02422	0.01884	7.77495	5.00054	0.7407	0.55569	0.12648	0.00875	0.21192	0.00404	0.00538	0.00135	0.01884	0.00067	0.05382	0.06593	0.00135	0.11302	0.04238	0.00538
NA18644								2,4	0.994, 0.919		1.0	0.01786	0.01786	9.43123	6.45219	0.23472	0.00085	0.98777	0.40395	0.31593	0.0051	0.01743	0.0	0.02509	0.0	0.05443	0.02934	0.00085	0.21261	0.01786	0.01318
NA18645								2,2	0.995		1.0	0.01268	0.02273	13.52537	8.7611	0.14429	0.00053	0.16121	0.00634	0.15698	0.00106	0.00634	0.00053	0.01163	0.00053	0.03488	0.01956	0.00211	0.12421	0.01374	0.03594
NA18646								2,3/6	0.938, 0.942		1.0	0.02682	0.03028	10.7183	7.08095	1.30703	0.61935	0.18511	0.01125	0.30621	0.00346	0.02163	0.0026	0.02509	0.0	0.07007	0.09169	0.0	0.17127	0.00779	0.01644
NA18647								1,3/6	0.939, 0.987		1.0	3.90005	3.66313	0.35328	0.02509	1.45146	0.7205	0.08083	0.04738	0.37628	0.0	0.01742	0.0	0.01533	0.0007	0.08431	0.05296	0.0	0.14772	0.0662	0.01045
NA18648								3/6,4	0.964, 0.991		1.0	0.02375	0.0344	0.35302	0.04259	1.00746	0.69621	1.39652	0.57335	0.51847	0.0041	0.00819	0.0	0.00901	0.0	0.1204	0.00573	0.0	0.14006	0.0729	0.0041
NA18740								3/6,4	0.954, 0.964		1.0	0.03031	0.03883	0.4404	0.05588	1.47368	0.61277	1.84494	1.16966	0.55216	0.00474	0.00474	0.00189	0.02178	0.00095	0.12028	0.00758	0.00095	0.19037	0.01894	0.01137
NA18745								2,3/6	0.978, 0.964		1.0	0.03301	0.01965	7.56775	5.0077	0.76243	0.35842	0.2358	0.02279	0.24602	0.00236	0.01336	0.00079	0.01729	0.00157	0.05581	0.01651	0.00079	0.1855	0.01808	0.02987
NA18747								3/6,3/6	0.997		1.0	0.03272	0.03967	0.25386	0.02876	2.80141	1.44979	0.09619	0.01587	0.25783	0.0	0.00595	0.0	0.0119	0.0	0.06842	0.00892	0.0	0.13982	0.01686	0.00099
NA18748								3/6,3/6	0.997		1.0	0.03059	0.05074	0.42606	0.02835	2.63472	1.58337	0.07163	0.03432	0.54993	0.00224	0.03358	0.00075	0.01865	0.0	0.10223	0.00522	0.00149	0.16117	0.0291	0.00522
NA18749								2,3/6	0.989, 0.943		1.0	0.01335	0.01638	10.3329	7.10095	0.99865	0.52177	0.09889	0.0273	0.21478	0.00061	0.03519	0.0	0.01881	0.00061	0.04126	0.01941	0.00121	0.11831	0.01335	0.01092
NA18757								1,1	0.986		1.0	6.3445	6.01869	0.25325	0.08886	0.04295	0.00296	0.08368	0.03554	0.41986	0.00148	0.01999	0.0	0.01111	0.0	0.09552	0.03332	0.0	0.13107	0.05109	0.0
NA18852	1	1	YRI	AFR	2.0	train	1,1	1,1	0.995	True	1.0	2.80898	2.53228	0.21648	0.0419	0.22259	0.0	0.24528	0.0838	0.32646	0.00175	0.00611	0.0	0.01484	0.0	0.49581	0.10999	0.00262	0.16585	0.0192	0.04888
NA18853		1	YRI	AFR	2.0	test	1,3/6	1,3/6	0.995, 0.937	True	1.0	0.71788	0.68184	0.27975	0.00759	1.78094	1.09341	0.16501	0.05216	0.5908	0.0019	0.01422	0.0	0.02655	0.0	0.26363	0.05216	0.0	0.08819	0.06638	0.05216
NA18854	1	1	YRI	AFR	2.0	train	1,1	1,1	0.997	True	1.0	2.90549	2.54545	0.19442	0.0297	0.22412	0.0027	0.22952	0.05311	0.46985	0.0	0.0108	0.0018	0.0387	0.0009	0.49595	0.10711	0.0018	0.17822	0.0396	0.05401
NA18855	10	2	YRI	AFR	2.0	train	10,2	10,2	0.898, 0.89	True	1.0	0.0284	0.0233	1.48971	1.16934	0.13179	0.00073	0.11868	0.01165	0.32474	0.0	0.00218	0.0	0.01602	0.00073	5.00066	3.46871	0.0	0.15072	0.01675	0.0182
NA18856			YRI	AFR	2.0	train	3/6,3/6	3/6,3/6	0.996	True	1.0	0.02512	0.02638	0.22736	0.02198	3.26596	1.62356	0.07348	0.03517	0.24872	0.00377	0.01759	0.0	0.0157	0.00063	0.08479	0.01884	0.00063	0.07976	0.06406	0.00126
NA18857	2		YRI	AFR	2.0	train	2,3/6	2,3/6	0.976, 0.994	True	1.0	0.02741	0.02108	1.40212	1.04017	1.68465	0.70633	0.08645	0.01335	0.33313	0.0007	0.03865	0.0007	0.01827	0.0	0.04498	0.00492	0.0007	0.10402	0.01827	0.01125
NA18858	1	1	YRI	AFR	2.0	train	1,1	1,1	0.997	True	1.0	5.69348	5.2542	0.18658	0.0951	0.27806	0.00362	0.11956	0.13314	0.56065	0.00453	0.00543	0.0	0.01359	0.0	0.14854	0.08061	0.0	0.12318	0.03532	0.03895
NA18859		8	YRI	AFR	2.0	train	3/6,8	2,3/6	0.603, 0.987	False	1.0	0.02871	0.02111	2.17017	1.42876	1.87124	0.82585	0.07938	0.01351	0.38928	0.00676	0.01942	0.0	0.00844	0.00084	0.06587	0.11822	0.0	0.08191	0.02449	0.0304
NA18860	1	8	YRI	AFR	2.0	train	1,8	1,8	0.996, 0.561	True	1.0	2.08516	1.81659	2.51395	1.69787	0.24091	0.0	0.10604	0.10604	0.48988	0.00231	0.00576	0.0	0.01268	0.0	0.15791	0.20978	0.00115	0.10835	0.04956	0.04611
NA18861	8	2	YRI	AFR	2.0	train	2,8	2,2	0.99	False	1.0	0.02146	0.02285	5.75826	4.30087	0.14193	0.0	0.10801	0.01523	0.37456	0.00208	0.009	0.00208	0.01246	0.0	0.06023	0.11355	0.0	0.05193	0.02008	0.03185
NA18862	1		YRI	AFR	2.0	train	1,3/6	1,3/6	0.978, 0.994	True	1.0	1.2117	1.20426	0.25015	0.04092	2.80746	0.82671	0.10973	0.02697	0.34035	0.00744	0.02139	0.00093	0.0186	0.0	0.12182	0.01953	0.00093	0.17483	0.0902	0.00651
NA18863	2		YRI	AFR	2.0	train	2,3/6	2,3/6	0.884, 0.994	True	1.0	0.02859	0.03717	1.60898	1.223	2.05215	0.66761	0.06433	0.01644	0.27591	0.00429	0.02073	0.0	0.0193	0.0	0.06433	0.00572	0.00143	0.10722	0.01644	0.00858
NA18864								1,1	0.996		1.0	2.64017	2.25701	0.27887	0.01247	0.15304	0.00113	0.24032	0.10656	0.50219	0.00113	0.00113	0.0	0.01247	0.0	0.4115	0.09069	0.0	0.12923	0.04421	0.07028
NA18865								1,3/6	0.999, 0.95		1.0	1.52335	1.28273	0.21821	0.03651	2.13236	0.91766	0.10288	0.02572	0.3352	0.00498	0.01328	0.0	0.01162	0.00083	0.42232	0.06555	0.0	0.10039	0.02904	0.02157
NA18867	2	1	YRI	AFR	2.0	train	1,2	1,1	0.997	False	1.0	2.00985	1.55229	0.34122	0.0898	0.13977	0.00078	0.19989	0.19443	0.30296	0.00078	0.0203	0.00078	0.00937	0.0	0.2077	0.06715	0.00078	0.07574	0.02655	0.01484
NA18868	9	1	YRI	AFR	2.0	train	1,9	1,9	0.966, 0.976	True	1.0	3.55783	3.42027	0.31416	0.12069	0.25559	0.0	0.09318	0.03017	0.41977	0.00444	0.04349	0.01775	10.42589	4.97866	0.08253	0.01864	0.00089	0.06301	0.05946	0.01952
NA18869	1	1	YRI	AFR	2.0	test	1,1	1,1	0.997	True	1.0	4.90862	4.33302	0.15955	0.10535	0.10993	0.00305	0.12214	0.1626	0.32521	0.00153	0.01374	0.00076	0.00763	0.0	0.23971	0.05649	0.00076	0.17558	0.04657	0.02443
NA18870	1	7	YRI	AFR	2.0	train	1,7	1,7	0.997, 0.966	True	1.0	1.34511	1.26894	0.32398	0.027	0.20731	0.00193	0.15621	0.03278	0.28156	0.00675	7.02061	3.73738	0.01157	0.00289	0.36737	0.08292	0.0	0.03182	0.04243	0.02603
NA18871	1		YRI	AFR	2.0	train	1,3/6	1,3/6	0.998, 0.978	True	1.0	0.511	0.45302	0.45054	0.11098	1.99513	0.81246	0.07123	0.0704	0.51183	0.0	0.01656	0.00331	0.05632	0.00083	0.27662	0.03396	0.0	0.09276	0.11015	0.02402
NA18872	7		YRI	AFR	2.0	test	3/6,7	3/6,7	0.943, 0.882	True	1.0	0.02544	0.02982	0.40612	0.02719	1.64028	0.67716	0.04123	0.05438	0.33683	0.00614	6.69181	3.55598	0.04824	0.0	0.02631	0.00877	0.0	0.07368	0.06228	0.00088
NA18873		1	YRI	AFR	2.0	train	1,3/6	3/6,3/6	0.994	False	1.0	0.04068	0.03328	0.2781	0.01701	1.53249	0.83133	0.20487	0.15902	0.34318	0.00148	0.01775	0.00074	0.02885	0.0	0.11538	0.0074	0.00074	0.12056	0.09097	0.00518
NA18874	2		YRI	AFR	2.0	train	2,3/6	2,3/6	0.937, 0.983	True	1.0	0.01047	0.02583	3.97612	2.77805	2.03309	0.86365	0.10333	0.00628	0.37911	0.00209	0.01955	0.0007	0.01047	0.0	0.08029	0.00559	0.0	0.08518	0.00838	0.00489
NA18875	1		YRI	AFR	2.0	train	1,3/6	3/6,3/6	0.985	False	1.0	0.01885	0.02304	0.24923	0.02025	2.28423	0.91383	0.16964	0.15079	0.35743	0.0	0.00977	0.0	0.02653	0.0	0.0754	0.01466	0.0	0.12985	0.07889	0.00489
NA18876		1	YRI	AFR	2.0	train	1,3/6	1,3/6	0.969, 0.975	True	1.0	3.14651	3.12744	0.23156	0.05267	2.51085	0.88357	0.09716	0.02089	0.39502	0.00363	0.01271	0.00272	0.01453	0.0	0.11169	0.0227	0.0	0.12532	0.02452	0.01544
NA18877	2		YRI	AFR	2.0	train	2,3/6	2,3/6	0.975, 0.99	True	1.0	0.02946	0.02946	9.02281	6.31765	1.3408	0.7129	0.04882	0.03788	0.38044	0.00084	0.03198	0.0	0.00758	0.0	0.0606	0.01263	0.00168	0.10353	0.01768	0.01178
NA18878								1,1	0.982		1.0	3.24643	2.93499	0.32279	0.02269	0.37023	0.00103	0.1186	0.08353	0.48676	0.00516	0.00309	0.00103	0.01753	0.0	0.12891	0.1021	0.00206	0.12891	0.12788	0.01547
NA18879								1,3/6	0.937, 0.988		1.0	0.87065	0.85551	0.31544	0.05146	1.97622	0.93059	0.11746	0.0442	0.48195	0.00182	0.01514	0.0	0.01514	0.0	0.10535	0.01393	0.0	0.10353	0.08416	0.00363
NA18881								2,3/6	0.877, 0.993		1.0	0.02267	0.02459	3.78818	2.59871	1.99091	1.21944	0.08913	0.04841	0.30659	0.00077	0.01614	0.00038	0.01729	0.0	0.09336	0.00538	0.00115	0.10028	0.01498	0.00538
NA18906	1		YRI	AFR	2.0	train	1,3/6	1,3/6	0.986, 0.962	True	1.0	3.46853	3.45839	0.24145	0.06797	1.63028	0.83898	0.12174	0.0487	0.51739	0.00507	0.03348	0.0	0.02333	0.0	0.12072	0.01826	0.0	0.20594	0.02333	0.02435
NA18907								1,3/6	0.965, 0.988		1.0	1.13725	1.09215	0.34489	0.0283	2.31429	0.96834	0.12734	0.0451	0.41033	0.00088	0.02388	0.00088	0.01857	0.0	0.11673	0.02299	0.00088	0.15476	0.1185	0.00354
NA18908								2,9	0.966, 0.87		1.0	0.01692	0.03532	4.63732	3.52269	0.13464	0.0	0.05518	0.0103	0.33991	0.00074	0.04194	0.00809	9.43209	4.31139	0.03164	0.00883	0.00074	0.03752	0.03311	0.03605
NA18909	1	2	YRI	AFR	2.0	train	1,2	1,2	0.976, 0.919	True	1.0	1.26669	1.10131	1.63331	1.26523	0.16099	0.0022	0.07025	0.06952	0.38125	0.00366	0.00805	0.0	0.01024	0.0	0.0783	0.02342	0.00073	0.07318	0.01171	0.01683
NA18910	1	1	YRI	AFR	2.0	train	1,1	1,1	0.986	True	1.0	5.52257	5.07699	0.23564	0.14995	0.14824	0.00428	0.0934	0.05141	0.46528	0.00086	0.00171	0.0	0.00943	0.00086	0.3119	0.0437	0.0	0.08826	0.04456	0.02314
NA18911	2	1	YRI	AFR	2.0	train	1,2	1,2	0.976, 0.972	True	1.0	2.89198	2.77464	1.60373	1.2806	0.1199	0.00085	0.08333	0.03401	0.40986	0.0034	0.00935	0.0017	0.01616	0.0	0.06973	0.02041	0.0017	0.08078	0.02466	0.02721
NA18912	1	1	YRI	AFR	2.0	train	1,1	1,1	0.997	True	1.0	1.56399	1.53059	0.21474	0.02863	0.24217	0.00119	0.22667	0.11572	0.60484	0.01312	0.00477	0.0	0.00716	0.0	0.34238	0.08112	0.00239	0.06084	0.14554	0.0346
NA18913	8	7	YRI	AFR	2.0	train	7,8	2,7,8	0.501, 0.708, 0.907	False	1.0	0.03047	0.02654	5.17091	3.90079	0.07275	0.0	0.058	0.01475	0.39814	0.00393	6.55309	2.86857	0.02163	0.0	0.07275	0.13763	0.00098	0.04915	0.02851	0.03244
NA18914	1	7	YRI	AFR	2.0	test	1,7	1,7	0.973, 0.833	True	1.0	0.54923	0.54017	0.27292	0.04303	0.1325	0.00113	0.10418	0.05889	0.45524	0.00453	8.59747	3.63513	0.02038	0.00113	0.12004	0.01925	0.0	0.04417	0.1223	0.0034
NA18915								3/6,3/6	0.99		1.0	0.02043	0.0229	0.43082	0.013	3.50904	2.07732	0.09532	0.09161	0.31073	0.00371	0.0099	0.0	0.04581	0.00062	0.05323	0.00805	0.00186	0.11389	0.06871	0.00557
NA18916	4		YRI	AFR	2.0	train	3/6,4	3/6,4	0.94, 0.974	True	1.0	0.04833	0.02831	0.3321	0.03383	2.24181	0.90929	1.63976	0.66005	0.55856	0.00276	0.01657	0.0	0.02486	0.0	0.06559	0.13463	0.0	0.11047	0.08768	0.00483
NA18917		13	YRI	AFR	2.0	test	13,3/6	3/6,3/6	0.993	False	1.0	0.01942	0.02241	0.28381	0.03212	1.8769	0.8126	0.10456	0.02614	0.38987	0.0	0.0112	0.0	0.0127	0.0	0.04407	0.00523	0.0	0.04108	4.05927	0.01344
NA18923	1	1	YRI	AFR	2.0	train	1,1	1,1	0.997	True	1.0	2.79476	2.36774	0.24795	0.08418	2.21469	0.00077	0.22652	0.09642	0.21963	0.00153	0.00918	0.0	0.01607	0.0	0.2556	0.06658	0.00077	0.11096	0.04209	0.06811
NA18924	1	2	YRI	AFR	2.0	train	1,2	2,2	0.986	False	1.0	0.01848	0.01192	7.00547	4.02101	0.27597	0.0	0.20385	0.15676	0.35823	0.00179	0.01013	0.0006	0.05365	0.0006	0.04172	0.01788	0.0006	0.1216	0.03874	0.04947
NA18925	2	1	YRI	AFR	2.0	train	1,2	1,2	0.996, 0.847	True	1.0	1.06634	0.91965	6.37605	3.63137	1.62066	0.0	0.21426	0.03296	0.21865	0.0011	0.00549	0.0	0.04395	0.0011	0.14998	0.02198	0.0011	0.18129	0.03956	0.08076
NA18930		13	YRI	AFR	2.0	train	13,3/6	13,3/6	0.992, 0.66	True	1.0	0.0241	0.02481	0.31329	0.0319	2.02716	0.92569	0.10632	0.0163	0.36503	0.00213	0.01914	0.00142	0.03331	0.0	0.05032	0.12829	0.0	0.10703	3.7467	0.01559
NA18933	2		YRI	AFR	2.0	train	2,3/6	2,3/6	0.844, 0.989	True	1.0	0.02916	0.033	4.22029	2.90409	2.2694	0.91482	0.10591	0.00998	0.38911	0.0023	0.01228	0.00077	0.02533	0.0	0.09747	0.1251	0.00153	0.09363	0.05526	0.00614
NA18934		1	YRI	AFR	2.0	test	1,3/6	1,3/6	0.986, 0.932	True	1.0	1.52853	1.2604	0.30506	0.01766	1.85929	1.10465	0.10517	0.01846	0.30185	0.00161	0.00642	0.0	0.01525	0.0	0.27857	0.06422	0.0	0.12684	0.0281	0.04496
NA18935		1	YRI	AFR	2.0	train	1,3/6	1,3/6	0.989, 0.949	True	1.0	1.59595	1.30446	0.3402	0.02892	2.40496	1.03961	0.13166	0.01446	0.37216	0.00533	0.01598	0.00076	0.03196	0.0	0.26333	0.20244	0.0	0.12558	0.06697	0.03196
NA18939								2,3/6	0.993, 0.982		1.0	0.01442	0.02524	9.05492	5.81886	0.87679	0.30645	0.15575	0.00937	0.25886	0.00216	0.01803	0.0	0.01082	0.0	0.0447	0.00865	0.0	0.08869	0.04903	0.02668
NA18940								1,3/6	0.928, 0.99		1.0	4.35211	4.01728	0.3457	0.13118	1.14873	0.36382	0.11161	0.01884	0.39644	0.00435	0.00362	0.0	0.00797	0.00072	0.09494	0.01087	0.0	0.13553	0.05798	0.0058
NA18941								1,2	0.896, 0.965		1.0	2.64671	2.50125	8.11479	5.61163	0.15815	0.0	0.14291	0.03747	0.26994	0.00254	0.01207	0.00127	0.01207	0.0	0.02541	0.01143	0.00191	0.10226	0.02604	0.0127
NA18942								1,3/6	0.975, 0.991		1.0	4.53525	4.35372	0.22895	0.02964	1.20698	0.42604	0.10299	0.0326	0.31341	0.00148	0.01482	0.0	0.01556	0.0	0.11188	0.01926	0.00074	0.1104	0.04372	0.00222
NA18943								2,3/6	0.992, 0.981		1.0	0.02167	0.02708	8.39557	5.79341	0.73332	0.43674	0.21532	0.00542	0.27491	0.00339	0.0149	0.0	0.01422	0.0	0.03453	0.00203	0.00135	0.11782	0.03182	0.02234
NA18944								1,3/6	0.979, 0.959		1.0	4.56258	4.29459	0.26198	0.13287	0.52472	0.27625	0.08257	0.02627	0.43914	0.00225	0.00525	0.0	0.00751	0.0	0.0593	0.02627	0.0	0.11335	0.07056	0.00075
NA18945								3/6,3/6	0.997		1.0	0.03015	0.05154	0.35788	0.02334	1.75829	1.33136	0.06905	0.00973	0.39387	0.00389	0.00584	0.0	0.01459	0.0	0.12254	0.00486	0.00097	0.10406	0.09142	0.00584
NA18946								1,3/6	0.969, 0.958		1.0	3.18739	2.8978	0.46016	0.10611	1.30213	0.41256	0.17355	0.01091	0.44826	0.00496	0.00893	0.00198	0.01686	0.00099	0.09521	0.02678	0.00198	0.20231	0.02975	0.00793
NA18947								2,3/6	0.976, 0.9		1.0	0.02174	0.02255	11.02879	7.3179	0.48399	0.17878	0.12482	0.01208	0.34306	0.00322	0.00725	0.00081	0.01208	0.0	0.07812	0.07248	0.00081	0.1055	0.00725	0.01852
NA18948								3/6,3/6	0.997		1.0	0.05545	0.06049	0.24598	0.02319	2.15936	1.37001	0.09476	0.01411	0.35586	0.00302	0.00302	0.00202	0.00806	0.0	0.09174	0.00202	0.00101	0.17339	0.05343	0.00504
NA18949								3/6,3/6	0.997		1.0	0.04263	0.0373	0.27819	0.03198	2.08267	1.30886	0.10019	0.00959	0.29098	0.00213	0.00746	0.0	0.01279	0.00107	0.13643	0.01066	0.00107	0.10978	0.05009	0.0064
NA18950								3/6,3/6	0.997		1.0	0.03061	0.03348	0.21331	0.01817	2.51956	1.52188	0.09852	0.00957	0.27549	0.00478	0.00478	0.00191	0.0067	0.0	0.12148	0.00861	0.00096	0.11383	0.06218	0.00191
NA18951								3/6,4	0.987, 0.976		1.0	0.03162	0.02108	0.39438	0.01405	0.99692	0.38032	1.96924	1.01975	0.65876	0.00264	0.00615	0.0	0.00791	0.0	0.08081	0.00966	0.00088	0.14317	0.05446	0.00527
NA18952								3/6,3/6	0.994		1.0	0.04297	0.04297	0.35751	0.02012	3.04659	1.44192	0.11246	0.05212	0.45534	0.00823	0.02834	0.0	0.01189	0.0	0.15452	0.02286	0.0	0.10698	0.03566	0.00549
NA18953								1,3/6	0.982, 0.955		1.0	3.3805	3.10995	0.26772	0.07259	1.00114	0.64952	0.16026	0.03488	0.52508	0.00189	0.01037	0.00189	0.01885	0.00189	0.10558	0.04996	0.00094	0.22436	0.04054	0.00848
NA18954								1,2	0.944, 0.966		1.0	2.85329	2.69988	8.0621	5.50693	0.10662	0.00272	0.12621	0.02122	0.2992	0.00381	0.0049	0.0	0.0136	0.0	0.04189	0.06746	0.0	0.11152	0.06909	0.00435
NA18956								3/6,3/6	0.996		1.0	0.04082	0.06308	0.22759	0.0334	2.76816	1.16762	0.09648	0.00618	0.36241	0.00247	0.00495	0.00124	0.00866	0.0	0.11132	0.00742	0.0	0.11503	0.02103	0.00495
NA18957								2,3/6	0.979, 0.982		1.0	0.01867	0.0239	9.87243	6.80644	0.59826	0.51386	0.15386	0.00672	0.25618	0.00075	0.01793	0.0	0.01568	0.0	0.07842	0.04705	0.00075	0.15535	0.02539	0.01046
NA18959								1,3/6	0.979, 0.991		1.0	3.99695	3.81025	0.18794	0.05582	0.82494	0.35913	0.08684	0.00992	0.39883	0.00558	0.0062	0.00062	0.00558	0.00062	0.12839	0.02109	0.0	0.10668	0.04962	0.00434
NA18960								2,3/6	0.979, 0.993		1.0	0.02472	0.02678	4.20252	2.61353	1.2017	0.78282	0.0982	0.0206	0.2836	0.00206	0.02266	0.00137	0.01099	0.00069	0.05699	0.03296	0.0	0.10438	0.03433	0.0206
NA18961								1,2	0.948, 0.975		1.0	2.27643	2.16516	7.13695	5.03198	0.08573	0.0	0.12768	0.00973	0.25354	0.00061	0.00608	0.00061	0.00973	0.0	0.04925	0.05047	0.0	0.12586	0.03405	0.0079
NA18962								2,3/6	0.927, 0.986		1.0	0.02618	0.03927	8.88149	5.88418	1.26633	0.92275	0.15052	0.01227	0.29777	0.00409	0.00818	0.00082	0.03518	0.0	0.07608	0.01309	0.00082	0.13498	0.02618	0.03845
NA18963								2,3/6	0.994, 0.829		1.0	0.02542	0.01786	10.33597	6.99828	0.44727	0.24665	0.19443	0.01031	0.23772	0.00137	0.00275	0.00069	0.01168	0.0	0.05771	0.0055	0.0	0.09619	0.01992	0.01443
NA18964								3/6,4	0.941, 0.963		1.0	0.02396	0.01597	0.3826	0.01917	1.87624	0.96089	1.56074	1.05913	0.49762	0.00559	0.00639	0.0008	0.00479	0.0008	0.10064	0.00479	0.0	0.16294	0.04233	0.00639
NA18965								2,3/6	0.988, 0.971		1.0	0.02361	0.03804	10.12481	6.95626	0.98448	0.40796	0.16528	0.00787	0.21251	0.00066	0.00721	0.00131	0.01246	0.0	0.05313	0.05509	0.00066	0.11084	0.02361	0.01377
NA18966								2,3/6	0.989, 0.987		1.0	0.02025	0.02221	9.21312	6.29777	0.97331	0.5056	0.14959	0.01176	0.28742	0.00523	0.00849	0.0	0.01306	0.0	0.06467	0.0196	0.00065	0.09537	0.01372	0.02156
NA18967								2,3/6	0.948, 0.992		1.0	0.03006	0.02465	8.61645	5.57496	0.73888	0.5501	0.16353	0.00361	0.23627	0.0024	0.01683	0.0012	0.01082	0.0006	0.08357	0.01563	0.0006	0.11723	0.06493	0.01623
NA18968								3/6,3/6	0.997		1.0	0.03405	0.04406	0.29242	0.03805	2.22015	1.04148	0.14621	0.00901	0.33848	0.00601	0.00901	0.0	0.01702	0.001	0.10114	0.01001	0.001	0.2083	0.04206	0.01102
NA18969								3/6,3/6	0.997		1.0	0.04607	0.04479	0.24186	0.02815	2.58881	0.96744	0.05503	0.01024	0.53107	0.0	0.00896	0.00256	0.0128	0.00128	0.11389	0.00512	0.00128	0.14588	0.01152	0.00512
NA18970								1,3/6	0.964, 0.99		1.0	2.92215	2.73727	0.28158	0.04114	2.10946	0.654	0.06732	0.0374	0.34837	0.00427	0.01603	0.00053	0.01603	0.0	0.0358	0.02672	0.0	0.11915	0.03259	0.00534
NA18971								2,3/6	0.969, 0.993		1.0	0.02568	0.03054	6.64478	4.60664	0.69697	0.39499	0.14856	0.0125	0.22283	0.00347	0.00694	0.0	0.01597	0.0	0.06387	0.01388	0.00139	0.1909	0.04373	0.03471
NA18972								2,2	0.997		1.0	0.01543	0.01328	11.35593	7.85887	0.13627	0.0	0.20397	0.01714	0.1774	0.00257	0.00514	0.0	0.01114	0.0	0.01843	0.02828	0.00086	0.10156	0.00514	0.02657
NA18973								2,3/6	0.987, 0.978		1.0	0.02414	0.0177	7.27675	4.85939	1.32778	0.65396	0.18026	0.05365	0.18508	0.00107	0.02146	0.00054	0.01448	0.0	0.06169	0.00697	0.00161	0.10569	0.01341	0.01556
NA18974								1,2	0.952, 0.978		1.0	2.9218	2.74929	6.35654	4.39946	0.14613	0.00084	0.24327	0.02052	0.3601	0.00209	0.018	0.0	0.0201	0.00042	0.04397	0.02596	0.00042	0.18842	0.03768	0.02554
NA18975								2,2	0.986		1.0	0.01054	0.01555	13.60715	9.19736	0.17709	0.0	0.18512	0.01003	0.18512	0.00201	0.02258	0.0005	0.01003	0.0	0.02007	0.07274	0.00201	0.09983	0.02408	0.01555
NA18976								1,2	0.934, 0.972		1.0	3.10088	2.92741	7.45174	5.17715	0.10592	0.0	0.13132	0.02	0.31074	0.00432	0.01567	0.0	0.00919	0.0	0.04972	0.11511	0.00108	0.10268	0.04918	0.00703
NA18977								1,3/6	0.972, 0.991		1.0	2.93787	2.83513	0.26837	0.0806	1.29312	0.85204	0.09831	0.01683	0.32062	0.00177	0.00531	0.00089	0.01594	0.0	0.10274	0.04251	0.0	0.12134	0.04606	0.00354
NA18978								2,3/6	0.996, 0.988		1.0	0.0181	0.02059	7.54283	5.08846	0.96852	0.6359	0.18472	0.00998	0.21093	0.00187	0.02371	0.0	0.01061	0.0	0.04868	0.00437	0.00062	0.09173	0.0337	0.01747
NA18979								3/6,3/6	0.996		1.0	0.04157	0.04157	0.32521	0.0648	2.10287	1.00498	0.14549	0.011	0.42424	0.00734	0.00611	0.0	0.01467	0.0	0.13082	0.01956	0.00122	0.09292	0.05013	0.00734
NA18980								3/6,3/6	0.996		1.0	0.02837	0.04027	0.36696	0.04027	2.43514	1.52551	0.15832	0.05125	0.39899	0.00458	0.02745	0.00092	0.02196	0.00092	0.11897	0.02105	0.00092	0.17753	0.02562	0.01098
NA18981								1,3/6	0.964, 0.964		1.0	4.29393	4.01597	0.34665	0.12282	0.50422	0.28362	0.1107	0.01858	0.42422	0.00162	0.00242	0.0	0.01212	0.00081	0.08323	0.03313	0.0	0.11555	0.08727	0.00323
NA18982								2,3/6	0.975, 0.981		1.0	0.02598	0.02361	8.2171	5.77535	0.87217	0.52031	0.14169	0.00787	0.39909	0.0063	0.00315	0.0	0.01732	0.0	0.05431	0.05038	0.00079	0.14405	0.06297	0.01259
NA18983								2,3/6	0.986, 0.98		1.0	0.02439	0.03467	9.30206	6.30794	1.00467	0.61821	0.16691	0.03402	0.23239	0.00128	0.02183	0.0	0.01541	0.0	0.05264	0.1117	0.00321	0.1438	0.01669	0.00578
NA18984								3/6,3/6	0.997		1.0	0.02778	0.04762	0.28673	0.02976	2.29185	1.22629	0.12005	0.01389	0.33634	0.00298	0.00496	0.0	0.01091	0.00099	0.09227	0.01091	0.00198	0.12104	0.11211	0.00595
NA18985								3/6,3/6	0.997		1.0	0.05334	0.05216	0.42674	0.03082	2.73234	1.5588	0.11143	0.02015	0.47297	0.01067	0.01897	0.00237	0.02015	0.0	0.13632	0.00474	0.00119	0.20152	0.02134	0.0083
NA18986								2,3/6	0.989, 0.944		1.0	0.02109	0.02047	8.37826	5.686	0.51798	0.22952	0.15757	0.01117	0.28473	0.00434	0.00248	0.0	0.00682	0.0	0.05955	0.04404	0.00124	0.09491	0.03102	0.02543
NA18987								2,3/6	0.993, 0.862		1.0	0.01864	0.02876	6.65012	4.51739	0.4405	0.49483	0.15127	0.00639	0.19122	0.00426	0.01225	0.00053	0.01491	0.00053	0.07351	0.00852	0.00107	0.08895	0.0245	0.02503
NA18988								3/6,4	0.974, 0.991		1.0	0.04351	0.03108	0.41753	0.03108	1.23393	0.68379	1.27433	0.71073	0.62681	0.00207	0.00414	0.00104	0.01243	0.00104	0.06423	0.00311	0.0	0.19374	0.06734	0.00518
NA18989								3/6,3/6	0.997		1.0	0.03986	0.0372	0.31354	0.0372	2.56678	1.42865	0.12754	0.01506	0.35428	0.00797	0.00709	0.00177	0.01151	0.00089	0.09034	0.00797	0.0	0.15854	0.06554	0.00443
NA18990								2,4	0.92, 0.925		1.0	0.02436	0.04315	5.69907	3.83673	0.15798	0.00139	1.79066	0.90333	0.46559	0.00348	0.02297	0.0007	0.01322	0.0	0.05011	0.00557	0.00139	0.11831	0.00696	0.01392
NA18991								3/6,4	0.958, 0.991		1.0	0.02764	0.03827	0.32318	0.01595	1.46282	0.57939	1.3884	0.53474	0.46138	0.00744	0.00106	0.00106	0.01701	0.0	0.08611	0.0085	0.0	0.15415	0.0808	0.00213
NA18992								3/6,3/6	0.997		1.0	0.03206	0.02895	0.23164	0.02068	3.00924	1.42189	0.09204	0.01965	0.38882	0.00103	0.01861	0.00103	0.01758	0.0	0.10651	0.00724	0.00207	0.14064	0.02275	0.00414
NA18993								1,3/6	0.975, 0.963		1.0	4.03894	3.84037	0.22805	0.15358	0.86255	0.30872	0.07912	0.02482	0.41576	0.00388	0.00853	0.00078	0.01164	0.0	0.08222	0.03335	0.00078	0.10161	0.06826	0.00155
NA18994								2,2	0.994		1.0	0.022	0.038	13.71794	9.52616	0.09066	0.0	0.06933	0.00867	0.28465	0.00267	0.00467	0.0	0.00867	0.0	0.02733	0.022	0.0	0.06933	0.01867	0.01867
NA18995								2,2	0.996		1.0	0.00984	0.01188	12.25884	8.32635	0.11237	0.00034	0.2064	0.01086	0.20063	0.00136	0.01663	0.00068	0.0129	0.0	0.03938	0.00883	0.00102	0.06586	0.00645	0.03938
NA18997								3/6,3/6	0.976		1.0	0.03384	0.03165	0.35256	0.03275	2.74734	1.17338	0.18556	0.00655	0.28707	0.00437	0.00873	0.00109	0.01528	0.0	0.0906	0.00546	0.0	0.18119	0.04584	0.01528
NA18998								3/6,3/6	0.991		1.0	0.03362	0.05475	0.48598	0.1239	2.39726	1.11507	0.09028	0.03746	0.39474	0.00384	0.02497	0.0	0.01729	0.00096	0.09508	0.12198	0.0	0.14887	0.01921	0.00768
NA18999								2,3/6	0.958, 0.952		1.0	0.01325	0.01501	6.11203	4.27502	1.63432	0.82312	0.1179	0.04151	0.2782	0.00177	0.01899	0.00044	0.0106	0.0	0.06491	0.08523	0.00044	0.09671	0.02164	0.00971
NA19000								3/6,3/6	0.997		1.0	0.02368	0.02942	0.27482	0.02583	3.19886	1.42363	0.06027	0.05095	0.58194	0.00646	0.03085	0.0	0.01148	0.00072	0.07176	0.00574	0.0	0.11696	0.03588	0.00718
NA19001								2,3/6	0.981, 0.983		1.0	0.02056	0.01558	8.42342	5.92798	0.63554	0.45236	0.18505	0.01246	0.2268	0.00125	0.00498	0.00062	0.00748	0.0	0.05919	0.01371	0.0	0.08848	0.04237	0.01558
NA19002								3/6,3/6	0.997		1.0	0.03206	0.03306	0.31861	0.03507	2.17012	1.50686	0.13225	0.00902	0.33063	0.00701	0.00701	0.0	0.01202	0.001	0.08817	0.00802	0.0	0.1573	0.03006	0.002
NA19003								2,3/6	0.971, 0.968		1.0	0.02262	0.03199	11.7927	7.44572	0.7583	0.5305	0.10454	0.02262	0.17241	0.0039	0.00936	0.00156	0.00936	0.00156	0.05695	0.00624	0.00078	0.09908	0.02574	0.01092
NA19004								3/6,3/6	0.997		1.0	0.05297	0.04695	0.39008	0.03251	2.64146	1.0378	0.11076	0.01084	0.35757	0.00722	0.00722	0.0	0.00963	0.0012	0.10715	0.00482	0.0	0.18059	0.02288	0.00602
NA19005								3/6,3/6	0.997		1.0	0.02827	0.03056	0.32014	0.0191	2.50074	1.50824	0.07717	0.06342	0.26131	0.00535	0.01375	0.00229	0.01528	0.00076	0.07946	0.00688	0.00153	0.11537	0.03438	0.00535
NA19006								3/6,3/6	0.997		1.0	0.04457	0.04686	0.3543	0.024	2.81041	1.35549	0.11772	0.00914	0.39773	0.00229	0.01143	0.00114	0.016	0.0	0.07657	0.00686	0.0	0.18744	0.024	0.00571
NA19007								1,3/6	0.924, 0.987		1.0	3.67182	3.52139	0.2985	0.05277	1.89498	0.71278	0.06143	0.03859	0.43318	0.00158	0.03072	0.0	0.00945	0.0	0.11735	0.01103	0.00079	0.14571	0.03859	0.00315
NA19009								3/6,3/6	0.997		1.0	0.02772	0.0308	0.34885	0.03927	2.69142	1.54324	0.11474	0.01848	0.44588	0.00693	0.02541	0.0	0.02233	0.00077	0.08471	0.0077	0.0	0.15094	0.04466	0.01232
NA19010								3/6,3/6	0.996		1.0	0.04604	0.03301	0.32666	0.03996	2.35348	1.39002	0.1364	0.00869	0.20763	0.00261	0.00174	0.00087	0.02259	0.0	0.10946	0.01043	0.00174	0.14161	0.03388	0.00521
NA19011								1,1	0.991		1.0	7.07786	6.77358	0.34126	0.03838	0.15144	0.0014	0.09631	0.03838	0.31753	0.00279	0.00419	0.0007	0.01396	0.0007	0.11236	0.0342	0.0007	0.16679	0.05234	0.01954
NA19012								4,4	0.984		1.0	0.02458	0.03904	0.5075	0.0159	0.30436	0.00072	3.39346	1.90783	0.6998	0.00145	0.00289	0.0	0.01374	0.00072	0.02675	0.00651	0.0	0.13374	0.00723	0.01012
NA19017								1,7	0.97, 0.914		1.0	1.18478	1.18577	0.33907	0.06147	0.23101	0.0	0.12195	0.02379	0.36981	0.0119	9.7568	3.35901	0.01983	0.0	0.11402	0.02479	0.00297	0.04561	0.08626	0.00297
NA19019								1,1	0.996		1.0	5.64332	5.28943	0.35118	0.09891	0.20054	0.00544	0.16334	0.03539	0.44373	0.00363	0.01361	0.0	0.01996	0.00181	0.28221	0.0372	0.00091	0.13884	0.0853	0.02904
NA19020								1,2	0.982, 0.934		1.0	3.26358	3.16212	4.75295	3.40321	0.05771	0.00279	0.07447	0.02886	0.45705	0.00093	0.00465	0.0	0.01117	0.0	0.09122	0.02048	0.0	0.1238	0.00745	0.03817
NA19023								1,1	0.996		1.0	1.67117	1.55661	0.37439	0.02598	0.25747	0.0	0.32242	0.13464	0.62713	0.00591	0.00827	0.00118	0.03189	0.00118	0.37439	0.07322	0.00118	0.12047	0.03307	0.08622
NA19024								1,1	0.992		1.0	2.91896	2.42002	0.29798	0.07392	2.19442	0.00077	0.27719	0.03927	0.21405	0.00077	0.00539	0.00077	0.0077	0.00077	0.38191	0.03696	0.0	0.10857	0.06083	0.04851
NA19025								1,4	0.991, 0.935		1.0	4.26334	3.99382	0.28337	0.12038	0.09694	0.00213	1.37531	0.79259	0.75637	0.0032	0.00746	0.0	0.01065	0.00107	0.18536	0.02024	0.00107	0.1321	0.04155	0.02024
NA19026								1,1	0.977		1.0	1.37209	1.21528	0.66551	0.12787	0.24828	0.0	0.25575	0.07467	0.45643	0.0056	0.01307	0.0	0.0308	0.0	0.07841	0.01493	0.0028	0.18761	0.02707	0.04107
NA19027								1,1	0.997		1.0	2.06889	1.8621	0.33147	0.05879	0.297	0.00101	0.27166	0.1115	0.51393	0.00203	0.00912	0.0	0.01419	0.00101	0.39634	0.16117	0.00101	0.11353	0.04764	0.03953
NA19028								1,2	0.979, 0.93		1.0	3.30305	3.06221	4.68101	3.33376	0.09537	0.00081	0.09537	0.00808	0.434	0.00081	0.00404	0.00081	0.01212	0.0	0.13497	0.01455	0.00162	0.12284	0.01778	0.02667
NA19030								1,2	0.988, 0.93		1.0	2.15574	2.13283	4.44483	3.46063	0.12599	0.00082	0.07199	0.027	0.50069	0.00327	0.00736	0.0	0.00654	0.0	0.12108	0.02782	0.00082	0.07118	0.03272	0.02454
NA19031								1,3/6	0.969, 0.954		1.0	4.06785	3.9235	0.3213	0.05388	0.7517	1.57592	0.11708	0.04457	0.50091	0.00599	0.03193	0.00133	0.01264	0.00133	0.10644	0.02129	0.00067	0.11242	0.07517	0.02528
NA19035								3/6,4	0.928, 0.949		1.0	0.04157	0.04157	0.34237	0.19197	1.30832	0.64071	1.64335	1.10902	0.53189	0.00734	0.00856	0.00245	0.02079	0.0	0.13817	0.00611	0.00245	0.16385	0.03668	0.00367
NA19036								1,2	0.998, 0.781		1.0	0.73999	0.72103	4.70031	3.1407	0.18768	0.00126	0.1643	0.04992	0.46005	0.00569	0.01011	0.00126	0.02654	0.00253	0.21738	0.03792	0.00063	0.10427	0.02149	0.07899
NA19037								1,3/6,4	0.92, 0.838, 0.881		1.0	1.57684	1.25129	0.3418	0.0455	1.22637	0.76486	0.94469	0.41926	0.22588	0.00108	0.00433	0.0	0.01138	0.00054	0.21938	0.01138	0.0	0.11646	0.01138	0.01517
NA19038								1,1	0.997		1.0	3.69197	3.18911	0.32975	0.03062	0.24495	0.00118	0.23318	0.03769	0.49462	0.00236	0.01178	0.00236	0.01884	0.00118	0.58765	0.10834	0.00236	0.14603	0.04828	0.04946
NA19041								1,1	0.997		1.0	1.48477	1.23905	0.31838	0.05918	0.16106	0.00075	0.10338	0.06967	0.27418	0.003	0.01124	0.0015	0.01648	0.0	0.1693	0.05319	0.0	0.04045	4.4528	0.03146
NA19042								1,12	0.997, 0.867		1.0	0.58485	0.55584	0.35539	0.03099	0.20572	0.00198	0.26902	0.03824	0.53803	0.00264	0.00659	0.0	0.01978	0.00132	0.15165	0.04154	0.0	0.13715	2.45808	0.54067
NA19043								1,2	0.97, 0.91		1.0	1.39021	1.21336	9.51814	5.97164	0.16337	0.00079	0.23236	0.02617	0.29898	0.0	0.00872	0.00079	0.02141	0.00159	0.23871	0.02221	0.00476	0.20461	0.01348	0.04441
NA19054								3/6,3/6	0.996		1.0	0.04371	0.051	0.28899	0.04493	2.13223	1.02119	0.07893	0.051	0.46142	0.0	0.00364	0.00121	0.00971	0.0	0.09471	0.0255	0.00243	0.11778	0.07043	0.00243
NA19055								3/6,4	0.891, 0.952		1.0	0.031	0.03703	0.42109	0.02411	1.28653	0.73713	1.62238	0.7156	0.39698	0.00775	0.00775	0.00172	0.01722	0.0	0.08353	0.00517	0.00172	0.20064	0.00431	0.01033
NA19056								2,3/6	0.938, 0.994		1.0	0.03285	0.03478	8.4139	5.87099	0.70594	0.44379	0.12624	0.01095	0.31046	0.00193	0.00902	0.0	0.01224	0.00064	0.03736	0.0058	0.0	0.10756	0.03156	0.01353
NA19057								2,3/6	0.933, 0.732		1.0	0.02529	0.05374	9.32124	6.50629	0.3572	0.12328	0.13277	0.01027	0.32006	0.00079	0.00711	0.00079	0.02292	0.00079	0.06164	0.04505	0.00158	0.18966	0.00474	0.01976
NA19058								3/6,3/6	0.996		1.0	0.02427	0.02594	0.26026	0.03264	3.01435	1.69882	0.08452	0.02092	0.31131	0.00335	0.02176	0.0	0.01925	0.00084	0.07281	0.02176	0.0	0.14394	0.04603	0.00502
NA19059								1,3/6	0.962, 0.972		1.0	2.61491	2.42749	0.37276	0.05226	1.01099	0.60757	0.14283	0.01254	0.35047	0.00279	0.00627	0.00139	0.01463	0.0007	0.09685	0.03066	0.0007	0.11218	0.08152	0.00139
NA19060								3/6,3/6	0.997		1.0	0.05667	0.05409	0.24471	0.05667	2.77291	1.22868	0.13523	0.01417	0.34388	0.00902	0.00386	0.00129	0.0103	0.0	0.1391	0.00644	0.0	0.10947	0.01803	0.00644
NA19062								1,2	0.971, 0.954		1.0	3.58107	3.37668	2.00375	1.66918	0.12105	0.00182	0.19405	0.01703	0.34247	0.00487	0.01217	0.00122	0.01642	0.00061	0.05475	0.01582	0.00122	0.08942	0.05414	0.01399
NA19063								3/6,3/6	0.996		1.0	0.03982	0.03216	0.30859	0.02527	2.78263	1.49239	0.12328	0.04594	0.36525	0.0023	0.01991	0.0	0.01225	0.0	0.14396	0.0245	0.00077	0.13247	0.05437	0.00459
NA19064								2,3/6	0.992, 0.981		1.0	0.01619	0.02159	9.59772	6.3485	0.90856	0.34663	0.11634	0.0084	0.24828	0.0	0.01319	0.0012	0.0066	0.0	0.05038	0.10135	0.0	0.09715	0.01679	0.0054
NA19065								3/6,3/6	0.976		1.0	0.0128	0.01963	0.23551	0.02219	2.55824	1.51634	0.10154	0.00853	0.2176	0.00597	0.00512	0.00085	0.01792	0.0	0.05632	0.01195	0.00085	0.12885	0.03243	0.00512
NA19066								2,4	0.971, 0.87		1.0	0.03034	0.0226	7.01345	4.28826	0.0891	0.00065	1.04785	0.36026	0.29118	0.00323	0.00387	0.0	0.01808	0.0	0.06392	0.01356	0.0	0.13946	0.05552	0.03874
NA19067								3/6,3/6	0.997		1.0	0.04135	0.03711	0.282	0.02438	1.72065	1.17254	0.10284	0.02332	0.42195	0.00318	0.00954	0.0	0.01378	0.0	0.09117	0.00954	0.0	0.12722	0.07845	0.0053
NA19068								3/6,3/6	0.977		1.0	0.02248	0.02594	0.43143	0.02594	2.97594	1.72227	0.15995	0.10202	0.41068	0.00432	0.02421	0.0	0.01816	0.00173	0.07868	0.03977	0.00086	0.24209	0.02075	0.00865
NA19070								1,3/6	0.971, 0.968		1.0	3.59958	3.32102	0.26102	0.07738	0.66957	0.17436	0.11864	0.00825	0.55299	0.00103	0.00516	0.00103	0.01857	0.0	0.07738	0.03095	0.0	0.09595	0.02167	0.00206
NA19072								1,2	0.945, 0.932		1.0	2.90453	2.81441	8.04189	5.64617	0.15897	0.00056	0.15673	0.01735	0.3616	0.0028	0.0056	0.00112	0.01455	0.0	0.03303	0.06437	0.00224	0.11419	0.02631	0.02015
NA19074								3/6,3/6	0.997		1.0	0.03794	0.04065	0.44082	0.04065	2.59887	1.45706	0.17434	0.00994	0.25654	0.00542	0.00903	0.00181	0.02078	0.0	0.11111	0.00452	0.0009	0.16079	0.04065	0.01265
NA19075								3/6,3/6	0.996		1.0	0.02883	0.06156	0.28674	0.02182	2.09523	1.42279	0.08727	0.00545	0.27038	0.00312	0.00545	0.00078	0.02805	0.0	0.08181	0.00545	0.0	0.15817	0.11298	0.00312
NA19076								2,3/6	0.992, 0.962		1.0	0.01585	0.01359	7.79656	5.25222	1.21351	0.62284	0.15446	0.0299	0.30394	0.00091	0.01993	0.00045	0.01404	0.00091	0.03896	0.01359	0.00045	0.09105	0.00861	0.01495
NA19077								2,3/6	0.995, 0.974		1.0	0.02282	0.02021	8.07805	5.80086	0.79666	0.27968	0.17667	0.01108	0.24643	0.00391	0.00652	0.0013	0.01565	0.00065	0.05411	0.04303	0.0013	0.09583	0.02086	0.01565
NA19078								2,3/6	0.966, 0.983		1.0	0.02723	0.02657	7.5396	4.80058	1.33564	0.6117	0.18132	0.03852	0.28094	0.00332	0.02457	0.00066	0.03055	0.00066	0.05579	0.01395	0.00066	0.2557	0.02391	0.01528
NA19079								1,1	0.986		1.0	6.94783	6.63804	0.25453	0.12118	0.12473	0.00304	0.1151	0.02434	0.35796	0.00101	0.00355	0.00101	0.01369	0.0	0.108	0.0218	0.00101	0.18811	0.04715	0.00507
NA19080								3/6,3/6	0.987		1.0	0.04294	0.0385	0.26506	0.02369	2.44921	1.31937	0.06219	0.02369	0.58047	0.0	0.00444	0.0	0.01333	0.00148	0.17029	0.03258	0.0	0.13031	0.00444	0.00592
NA19081								2,3/6	0.987, 0.991		1.0	0.02066	0.02335	9.36181	6.42232	0.94031	0.28829	0.12663	0.01437	0.21644	0.0018	0.00359	0.0	0.01617	0.0	0.05927	0.01796	0.0018	0.14908	0.04311	0.03592
NA19082								2,3/6	0.99, 0.992		1.0	0.01269	0.01866	9.06044	6.13087	0.62563	0.4584	0.14782	0.01344	0.19187	0.00224	0.03509	0.0	0.00821	0.0	0.06197	0.00896	0.0	0.09034	0.02464	0.01418
NA19083								2,3/6	0.976, 0.976		1.0	0.02077	0.01753	8.3474	5.66468	0.68869	0.5037	0.16163	0.00909	0.22264	0.0	0.02467	0.0	0.01233	0.00065	0.03959	0.09866	0.00065	0.07984	0.04414	0.00649
NA19084								2,2	0.996		1.0	0.01569	0.02005	10.95819	7.80535	0.08545	0.0	0.11945	0.00698	0.16741	0.00087	0.01177	0.00044	0.00916	0.00044	0.04229	0.03139	0.00044	0.10855	0.0327	0.03008
NA19085								2,3/6	0.913, 0.973		1.0	0.03892	0.02353	9.15426	6.20209	0.73397	0.42174	0.19458	0.00996	0.31676	0.00453	0.00634	0.00091	0.01448	0.0	0.07602	0.01991	0.00272	0.17195	0.03982	0.03801
NA19086								2,3/6	0.995, 0.96		1.0	0.01877	0.02058	7.89628	5.48012	1.03585	0.41652	0.20039	0.01514	0.18465	0.00182	0.00545	0.0	0.01756	0.00061	0.04117	0.03996	0.00061	0.09505	0.02906	0.01514
NA19087								3/6,4	0.923, 0.987		1.0	0.0302	0.03101	0.36563	0.01632	1.77509	1.11239	1.67634	0.88469	0.51988	0.00082	0.01551	0.00082	0.01387	0.0	0.0555	0.02693	0.0	0.15996	0.03591	0.00408
NA19088								1,3/6	0.966, 0.965		1.0	3.93576	3.75798	0.33159	0.12052	1.13126	0.48539	0.14715	0.02397	0.36621	0.00333	0.00599	0.00133	0.01598	0.00067	0.05993	0.02663	0.0	0.14116	0.06658	0.00599
NA19089								2,3/6	0.994, 0.992		1.0	0.01546	0.02141	8.47114	5.82859	0.74686	0.40673	0.13795	0.00951	0.20753	0.00297	0.00832	0.00059	0.01427	0.00059	0.04222	0.01784	0.00059	0.10644	0.02854	0.01843
NA19090								3/6,3/6	0.997		1.0	0.02772	0.04061	0.28877	0.02965	2.5641	1.61465	0.09862	0.05221	0.35258	0.00064	0.04834	0.00064	0.00902	0.00064	0.07928	0.00967	0.0	0.12634	0.02643	0.00322
NA19091								2,4	0.966, 0.946		1.0	0.01731	0.01731	8.53219	5.64885	0.18206	0.0	1.44363	0.70701	0.47078	0.00112	0.0134	0.00056	0.01564	0.00056	0.03853	0.06981	0.00056	0.1156	0.01508	0.00614
NA19092		7	YRI	AFR	2.0	train	3/6,7	3/6,7	0.982, 0.956	True	1.0	0.03356	0.03755	0.26688	0.05513	1.59089	0.7479	0.08869	0.03036	0.29005	0.00799	8.43068	3.01718	0.01039	0.0008	0.11346	0.004	0.0008	0.05993	0.0032	0.02477
NA19093	4	1	YRI	AFR	2.0	train	1,4	1,4	0.999, 0.877	True	1.0	2.07814	1.80758	0.25772	0.08924	0.22345	0.00999	1.91609	0.66749	0.44547	0.00071	0.00928	0.0	0.01428	0.00143	0.31982	0.06711	0.00071	0.15563	0.00785	0.01928
NA19094	1	7	YRI	AFR	2.0	train	1,7	1,7	0.997, 0.959	True	1.0	1.93301	1.72982	0.2321	0.10861	0.15415	0.00876	0.13663	0.04554	0.29692	0.00613	7.13472	2.65998	0.01664	0.0	0.32407	0.05781	0.0	0.09459	0.00526	0.02277
NA19095	1	2	YRI	AFR	2.0	train	1,2	1,2	0.969, 0.873	True	1.0	1.03559	1.02048	7.53977	5.06963	0.22257	0.00084	0.1537	0.04787	0.32588	0.0042	0.04199	0.00084	0.01512	0.0	0.08483	0.02772	0.0	0.12514	0.08735	0.0252
NA19096	2	4	YRI	AFR	2.0	train	2,4	2,4	0.968, 0.969	True	1.0	0.02412	0.02814	11.21198	7.0482	0.14555	0.0	0.78322	0.63205	0.61033	0.0008	0.00643	0.0008	0.01447	0.0008	0.08363	0.01769	0.0	0.12705	0.03377	0.00885
NA19097	2	4	YRI	AFR	2.0	train	2,4	2,4	0.977, 0.965	True	1.0	0.02628	0.02415	7.29028	4.85995	0.12997	0.0	0.66902	0.56746	0.47868	0.00071	0.04048	0.00071	0.02486	0.0	0.06676	0.01704	0.00213	0.21661	0.03054	0.01278
NA19098	4	1	YRI	AFR	2.0	train	1,4	1,4	0.935, 0.954	True	1.0	1.72355	1.49179	0.36646	0.14809	0.25686	0.0	1.28346	0.94962	0.502	0.00418	0.00669	0.0	0.01004	0.0	0.09873	0.01673	0.00084	0.1255	0.02928	0.01004
NA19099	2	1	YRI	AFR	2.0	train	1,2	1,2	0.955, 0.936	True	1.0	1.05086	0.97973	8.26538	5.53885	0.14593	0.00073	0.0924	0.0528	0.38427	0.00147	0.00733	0.00073	0.00953	0.0	0.10193	0.04107	0.00073	0.0704	0.1298	0.0132
NA19100	1	1	YRI	AFR	2.0	train	1,1	1,1	0.992	True	1.0	2.9216	2.63031	0.25078	0.01929	0.31058	0.00096	0.13118	0.14468	0.45623	0.00193	0.00965	0.0	0.01254	0.0	0.17072	0.03665	0.0	0.1061	0.09645	0.00579
NA19101			YRI	AFR	2.0	train	3/6,3/6	3/6,3/6	0.997	True	1.0	0.05937	0.04309	0.23173	0.11395	4.10307	1.3329	0.08426	0.01628	0.28152	0.00192	0.03256	0.00096	0.0249	0.00096	0.04405	0.00766	0.0	0.14363	0.03351	0.00383
NA19102	1	1	YRI	AFR	2.0	train	1,1	1,1	0.997	True	1.0	3.66311	3.06848	0.23678	0.06107	0.26892	0.00107	0.12107	0.07393	0.33963	0.00643	0.02357	0.0	0.01071	0.00107	0.53998	0.1275	0.0	0.0825	0.02143	0.06643
NA19103	1		YRI	AFR	2.0	train	1,3/6	1,3/6	0.969, 0.965	True	1.0	1.57046	1.34701	0.22704	0.10948	2.26416	0.82562	0.05025	0.07269	0.30871	0.00449	0.01795	0.0	0.01167	0.0	0.09154	0.07987	0.00179	0.17589	0.02423	0.01615
NA19107		2	YRI	AFR	2.0	test	2,3/6	2,3/6	0.929, 0.937	True	1.0	0.03002	0.01569	2.32255	1.61705	1.79172	0.77509	0.22379	0.02388	0.41211	0.00273	0.02115	0.0	0.02047	0.00068	0.0307	0.00955	0.0	0.1003	0.01569	0.03957
NA19108	2	1	YRI	AFR	2.0	train	1,2	1,2	0.984, 0.939	True	1.0	1.24705	1.06171	1.88536	1.42041	0.19972	0.0008	0.10465	0.08149	0.27402	0.0008	0.00399	0.0	0.01678	0.0008	0.08628	0.04873	0.0008	0.09427	0.01917	0.03036
NA19109	1	2	YRI	AFR	2.0	train	1,2	1,2	0.986, 0.894	True	1.0	1.28839	1.11009	2.50657	1.84225	0.21618	0.00079	0.20908	0.1144	0.42526	0.00158	0.00789	0.00158	0.02998	0.0	0.07732	0.06233	0.00158	0.11677	0.01736	0.04892
NA19113		1	YRI	AFR	2.0	train	1,3/6	1,3/6	0.962, 0.981	True	1.0	1.54534	1.26802	0.32027	0.05416	2.41092	1.05419	0.09991	0.02895	0.47154	0.0	0.02428	0.0	0.02148	0.0	0.2213	0.04949	0.00093	0.12886	0.02988	0.0056
NA19114	2	1	YRI	AFR	2.0	test	1,2	1,2	0.973, 0.867	True	1.0	1.0979	0.96279	3.49244	2.5642	2.18429	0.00061	0.2054	0.02908	0.34052	0.0	0.00545	0.00061	0.0206	0.0	0.17511	0.01454	0.00121	0.07937	0.05635	0.04302
NA19115	1	1	YRI	AFR	2.0	train	1,1	1,1	0.99	True	1.0	2.64328	2.26805	0.19595	0.04308	2.75029	0.00069	0.19039	0.04169	0.32172	0.00139	0.00139	0.0	0.01529	0.0	0.29879	0.05281	0.0	0.17511	0.07852	0.03544
NA19116	1	1	YRI	AFR	2.0	train	1,1	1,1	0.996	True	1.0	2.80454	2.64944	0.26558	0.03718	0.21778	0.00106	0.19866	0.0478	0.41112	0.00319	0.00744	0.0	0.01381	0.00106	0.6597	0.05312	0.00319	0.08711	0.08924	0.0733
NA19117		12	YRI	AFR	2.0	train	12,3/6	12,3/6	0.93, 0.979	True	1.0	0.03778	0.03494	0.29653	0.05572	1.58372	0.79705	0.10483	0.01511	0.36642	0.00189	0.04155	0.0	0.01133	0.0	0.09916	0.00756	0.00189	0.1341	1.67816	0.83105
NA19118	1	2	YRI	AFR	2.0	train	1,2	1,1	0.996	False	1.0	1.29862	1.17283	0.4659	0.09979	0.1293	0.0007	0.14898	0.01687	0.4645	0.00281	0.00422	0.0	0.01405	0.0	0.21784	0.01405	0.0	0.08503	0.0267	0.04989
NA19119	1		YRI	AFR	2.0	train	1,3/6	1,3/6	0.997, 0.939	True	1.0	1.39999	1.16638	0.3379	0.07759	3.83037	0.55315	0.18272	0.04172	0.23361	0.00167	0.01752	0.00167	0.01001	0.0	0.20775	0.01919	0.0	0.09428	0.04338	0.03004
NA19120	1		YRI	AFR	2.0	train	1,3/6	1,3/6	0.99, 0.968	True	1.0	1.48483	1.38694	0.21818	0.06015	2.51324	0.70762	0.10261	0.03184	0.31489	0.0	0.02241	0.00118	0.02595	0.0	0.309	0.02241	0.00118	0.18752	0.04717	0.02241
NA19121	4	1	YRI	AFR	2.0	train	1,4	1,4	0.997, 0.576	True	1.0	1.67935	1.32443	0.27268	0.0277	0.35318	0.0	0.13591	0.567	0.35578	0.0026	0.00952	0.0	0.01472	0.0	0.25969	0.01991	0.00087	0.13158	0.04069	0.01904
NA19122	1		YRI	AFR	2.0	train	1,3/6	1,3/6	0.927, 0.955	True	1.0	1.46941	1.28146	0.27788	0.05575	2.21581	0.90107	0.15018	0.09352	0.43255	0.0036	0.01529	0.0	0.01709	0.0018	0.08273	0.01259	0.0009	0.20324	0.03507	0.00809
NA19123		1	YRI	AFR	2.0	train	1,3/6	1,3/6	0.989, 0.967	True	1.0	1.6845	1.34053	0.26724	0.03103	2.1914	0.93621	0.06552	0.01724	0.39224	0.00086	0.01379	0.0	0.01983	0.0	0.2638	0.02069	0.00086	0.16724	0.03276	0.01638
NA19127	7		YRI	AFR	2.0	train	3/6,7	3/6,7	0.981, 0.903	True	1.0	0.0479	0.07001	0.25977	0.02764	1.43888	0.783	0.07554	0.02211	0.3003	0.00368	6.40493	3.22964	0.02303	0.0	0.10686	0.00553	0.0	0.07554	0.02671	0.0175
NA19128	1		YRI	AFR	2.0	train	1,3/6	1,3/6	0.999, 0.955	True	1.0	0.55688	0.55214	0.2182	0.05313	2.42579	0.96481	0.13092	0.3975	0.49047	0.00285	0.02372	0.0	0.02182	0.0	0.25804	0.0389	0.00095	0.13282	0.02372	0.01613
NA19129			YRI	AFR	2.0	train	3/6,3/6	3/6,3/6	0.997	True	1.0	0.05303	0.04372	0.27018	0.02867	3.14466	1.56445	0.07883	0.01075	0.37123	0.00215	0.02222	0.0	0.01218	0.0	0.10821	0.01003	0.00143	0.09245	0.03727	0.01147
NA19130		4	YRI	AFR	2.0	train	3/6,4	3/6,4	0.915, 0.991	True	1.0	0.02119	0.02914	0.23579	0.06977	2.2263	0.96523	0.81775	0.69235	0.5696	0.00265	0.01501	0.00088	0.01148	0.00088	0.09538	0.0053	0.0	0.12275	0.03974	0.00442
NA19131	2	1	YRI	AFR	2.0	train	1,2	1,2	0.997, 0.956	True	1.0	0.57319	0.52863	2.03485	1.48799	0.12422	0.00135	0.12355	0.37267	0.35782	0.0027	0.00675	0.0	0.00743	0.0	0.24305	0.04321	0.00068	0.04253	0.01283	0.03916
NA19132	1	4	YRI	AFR	2.0	train	1,4	1,4	0.999, 0.941	True	1.0	0.7798	0.69329	0.15942	0.04449	0.20144	0.00124	1.09123	1.32727	0.72172	0.00371	0.01359	0.00124	0.02472	0.0	0.35839	0.03955	0.00124	0.24593	0.0346	0.02472
NA19137	2		YRI	AFR	2.0	test	2,3/6	2,3/6	0.956, 0.99	True	1.0	0.02585	0.02356	4.32757	3.14856	1.6845	0.81945	0.08134	0.01368	0.3664	0.0	0.02509	0.0	0.01444	0.00076	0.05245	0.00608	0.00228	0.1049	0.02661	0.02128
NA19138	1	1	YRI	AFR	2.0	train	1,1	1,1	0.996	True	1.0	5.14268	4.66962	0.4144	0.07618	0.35651	0.0	0.11731	0.0259	0.35194	0.00381	0.00914	0.00076	0.01066	0.00076	0.27195	0.02438	0.00076	0.15997	0.06094	0.03199
NA19139		1	YRI	AFR	2.0	train	1,3/6	1,3/6	0.969, 0.977	True	1.0	2.75526	2.66206	0.22113	0.09489	1.93851	0.80743	0.06863	0.00678	0.37787	0.0	0.01949	0.00085	0.01694	0.0	0.0915	0.01779	0.0	0.15335	0.04152	0.01779
NA19140	1		YRI	AFR	2.0	train	1,3/6	1,3/6	0.999, 0.963	True	1.0	1.548	1.29979	0.26558	0.02565	2.38198	0.97546	0.10838	0.02151	0.34005	0.00827	0.02648	0.00083	0.04302	0.0	0.36652	0.19939	0.00165	0.22256	0.08853	0.03392
NA19141		1	YRI	AFR	2.0	train	1,3/6	1,3/6	0.999, 0.972	True	1.0	0.56142	0.54875	0.38413	0.02427	2.3607	0.57092	0.19945	0.06965	0.41157	0.00633	0.00422	0.00106	0.01583	0.0	0.21739	0.01688	0.00106	0.20051	0.06648	0.01583
NA19142		1	YRI	AFR	2.0	train	1,3/6	1,3/6	0.987, 0.974	True	1.0	0.5151	0.49813	0.22361	0.01497	2.42877	1.2089	0.14674	0.04991	0.4013	0.002	0.03294	0.0	0.02595	0.001	0.23958	0.15673	0.001	0.14974	0.1158	0.01198
NA19143	1	1	YRI	AFR	2.0	test	1,1	1,1	0.997	True	1.0	5.11438	4.80855	0.21	0.10398	0.13048	0.00408	0.16616	0.03976	0.37208	0.00306	0.0051	0.00102	0.00816	0.00102	0.31704	0.04893	0.0	0.08563	0.06015	0.03976
NA19144		1	YRI	AFR	2.0	train	1,3/6	1,3/6	0.973, 0.953	True	1.0	1.66472	1.52507	0.24971	0.03607	2.5535	0.9267	0.10913	0.11561	0.39676	0.00185	0.02775	0.00185	0.00555	0.0	0.13595	0.07491	0.00092	0.11838	0.03699	0.02682
NA19145	1	1	YRI	AFR	2.0	train	1,1	1,1	0.997	True	1.0	3.52965	3.20524	0.19751	0.01842	0.26915	0.00205	0.15453	0.12281	0.43084	0.00102	0.00307	0.0	0.01535	0.0	0.36944	0.12178	0.0	0.15044	0.04708	0.04605
NA19146		1	YRI	AFR	2.0	train	1,3/6	1,3/6	0.963, 0.984	True	1.0	1.44227	1.3954	0.45504	0.02539	1.83579	0.67475	0.08984	0.04589	0.47262	0.00488	0.01367	0.00098	0.04297	0.0	0.03808	0.02246	0.00098	0.12694	0.13085	0.00293
NA19147	1	2	YRI	AFR	2.0	train	1,2	1,2	0.997, 0.97	True	1.0	1.48534	1.22649	4.29707	2.91249	0.10597	0.00087	0.12856	0.01737	0.36308	0.00174	0.00608	0.0	0.01303	0.00087	0.29967	0.04343	0.0	0.05646	0.02953	0.06167
NA19148	2	1	YRI	AFR	2.0	train	1,2	1,2	0.98, 0.857	True	1.0	1.3129	1.29182	4.46666	3.00421	0.22183	0.001	0.06825	0.00703	0.43663	0.00401	0.00703	0.0	0.01506	0.0	0.09134	0.02108	0.0	0.10339	0.08431	0.03011
NA19149		1	YRI	AFR	2.0	train	1,3/6	1,3/6	0.991, 0.947	True	1.0	1.60761	1.37472	0.27286	0.01999	1.57285	1.02278	0.13904	0.00608	0.44578	0.00174	0.02086	0.00087	0.00956	0.0	0.28068	0.07734	0.00434	0.0869	0.04606	0.04779
NA19150	2	2	YRI	AFR	2.0	train	2,2	2,2	0.943	True	1.0	0.01387	0.03328	9.43436	6.88858	0.08412	0.0	0.04714	0.01017	0.4548	0.0037	0.01202	0.0	0.01294	0.0	0.10908	0.0074	0.00185	0.10261	0.0037	0.00647
NA19151	1	2	YRI	AFR	2.0	test	1,2	1,2	0.991, 0.964	True	1.0	1.71193	1.46638	5.12719	3.73808	0.12621	0.00172	0.11247	0.0146	0.40437	0.00172	0.00687	0.00086	0.01717	0.0	0.27216	0.06782	0.00172	0.09873	0.01631	0.04808
NA19152	1		YRI	AFR	2.0	train	1,3/6	1,3/6	0.999, 0.929	True	1.0	1.57977	1.34223	0.26056	0.03863	2.20609	0.90249	0.18247	0.02466	0.29097	0.00247	0.01151	0.0	0.00822	0.0	0.27617	0.04685	0.00164	0.07644	0.04521	0.03452
NA19153	4	2	YRI	AFR	2.0	train	2,4	2,4	0.937, 0.943	True	1.0	0.03552	0.02099	4.54714	3.05295	0.18566	0.0	1.35777	0.59816	0.51663	0.00646	0.00242	0.0	0.01292	0.0	0.11705	0.01937	0.00161	0.1009	0.00404	0.05005
NA19154		2	YRI	AFR	2.0	train	2,3/6	2,3/6	0.927, 0.986	True	1.0	0.02872	0.02872	3.93899	2.85353	1.89853	0.84507	0.05415	0.00738	0.35526	0.00164	0.01395	0.0	0.01805	0.0	0.11732	0.00656	0.00082	0.10338	0.01313	0.04102
NA19159	2	10	YRI	AFR	2.0	test	10,2	10,2	0.8, 0.82	True	1.0	0.02082	0.03161	1.71027	1.28155	0.20896	0.0	0.12569	0.0054	0.26217	0.0054	0.00617	0.00077	0.00925	0.00077	2.76975	1.5468	0.0	0.10101	0.05475	0.0239
NA19160	10	1	YRI	AFR	2.0	test	1,10	10,10	0.79	False	1.0	0.02655	0.02572	0.32602	0.04563	0.40981	0.00166	0.17587	0.16508	0.27293	0.00249	0.01991	0.00083	0.0141	0.00083	3.91641	2.82718	0.0	0.14766	0.05807	0.01742
NA19161	10	1	YRI	AFR	2.0	test	1,10	10,10	0.832	False	1.0	0.032	0.02909	0.23924	0.04508	0.43558	0.0	0.16289	0.14616	0.29596	0.00364	0.00364	0.00145	0.02182	0.00073	2.5371	1.4398	0.0	0.18979	0.07635	0.00291
NA19171	1	1	YRI	AFR	2.0	train	1,1	1,1	0.997	True	1.0	4.03084	3.4149	0.29226	0.03876	0.30064	0.00419	0.16655	0.0838	0.28492	0.00524	0.01152	0.0	0.02724	0.00314	0.463	0.07437	0.0021	0.1896	0.05761	0.022
NA19172	1	1	YRI	AFR	2.0	train	1,1	1,1	0.996	True	1.0	3.01664	2.45544	0.2517	0.0692	2.13986	0.0	0.19391	0.04106	0.16501	0.0038	0.00532	0.0	0.01369	0.0	0.35512	0.02129	0.00076	0.10342	0.03878	0.05019
NA19173	1	1	YRI	AFR	2.0	train	1,1	1,1	0.996	True	1.0	2.94361	2.40198	0.2389	0.069	2.19757	0.00431	0.20958	0.04054	0.15869	0.00172	0.00604	0.00086	0.02242	0.0	0.3838	0.02932	0.0	0.15783	0.03881	0.06727
NA19174	2	12	YRI	AFR	2.0	train	12,2	12,2	0.571, 0.819	True	1.0	0.02462	0.03001	0.35315	0.1031	0.06463	0.0	0.10541	0.00692	0.45471	0.00231	0.02077	0.0	0.01462	0.00154	0.01693	0.00616	0.00077	0.11618	1.25411	0.63552
NA19175			YRI	AFR	2.0	train	3/6,3/6	3/6,3/6	0.996	True	1.0	0.0221	0.02726	0.38823	0.03094	3.36813	1.56619	0.06114	0.02063	0.46559	0.00442	0.02799	0.0	0.02063	0.00074	0.03536	0.0081	0.00147	0.08546	0.05378	0.00442
NA19176	2	1	YRI	AFR	2.0	train	1,2	1,2	0.995, 0.977	True	1.0	1.54678	1.25038	5.66454	3.45746	0.12586	0.00091	0.14866	0.02371	0.32285	0.00182	0.00274	0.00091	0.0228	0.0	0.22527	0.03922	0.00091	0.17967	0.03466	0.0383
NA19177	1		YRI	AFR	2.0	test	1,3/6	1,3/6	0.999, 0.946	True	1.0	1.66905	1.35764	0.20972	0.03257	2.11551	0.99857	0.1279	0.02145	0.40118	0.00238	0.0143	0.0	0.01748	0.0	0.25977	0.04528	0.00159	0.14697	0.04449	0.03654
NA19184			YRI	AFR	2.0	train	3/6,3/6	3/6,3/6	0.992	True	1.0	0.0439	0.05029	0.27299	0.02235	3.34054	1.69382	0.091	0.01118	0.3121	0.00399	0.02953	0.0	0.01596	0.0	0.07503	0.01118	0.0	0.08621	0.0455	0.01437
NA19185	2	1	YRI	AFR	2.0	train	1,2	1,2	0.996, 0.951	True	1.0	1.68698	1.43135	4.73788	3.46806	0.1249	0.0	0.10492	0.02331	0.41134	0.0025	0.00833	0.00083	0.01499	0.0	0.37137	0.07744	0.0	0.07161	0.02498	0.04829
NA19186	1		YRI	AFR	2.0	train	1,3/6	1,3/6	0.999, 0.955	True	1.0	1.59035	1.38427	0.21511	0.03777	2.2948	0.94091	0.11084	0.03366	0.32103	0.0	0.02217	0.00164	0.01396	0.0	0.39738	0.06897	0.0	0.15189	0.02709	0.03284
NA19189	9	2	YRI	AFR	2.0	train	2,9	2,9	0.548, 0.948	True	1.0	0.02488	0.03288	0.45759	0.13595	0.14217	0.0	0.1315	0.01422	0.35275	0.00089	0.05687	0.008	8.85424	4.67369	0.03199	0.01066	0.0	0.05687	0.06842	0.02666
NA19190	1	2	YRI	AFR	2.0	train	1,2	1,1	0.997	False	1.0	1.62535	1.24374	0.42529	0.1439	0.25376	0.00128	0.13234	0.00642	0.42465	0.0045	0.0045	0.00128	0.01285	0.0	0.21521	0.01542	0.0	0.08866	0.03276	0.02891
NA19191	2	2	YRI	AFR	2.0	train	2,2	2,2	0.775	True	1.0	0.01667	0.025	0.45513	0.20962	0.17564	0.00128	0.17372	0.00449	0.50641	0.00321	0.00962	0.0	0.02372	0.0	0.01282	0.00641	0.00064	0.12308	0.0359	0.03269
NA19197	1	2	YRI	AFR	2.0	train	1,2	1,2	0.987, 0.91	True	1.0	2.14429	1.8325	0.75006	0.58142	0.11864	0.00294	0.19119	0.02647	0.49906	0.00196	0.00196	0.0	0.0098	0.0	0.29512	0.07844	0.00098	0.06569	0.02941	0.06569
NA19198	2	1	YRI	AFR	2.0	test	1,2	1,2	0.997, 0.822	True	1.0	0.66009	0.65597	0.78469	0.59243	0.24093	0.00083	0.22361	0.08334	0.31602	0.00743	0.0066	0.0	0.01238	0.0	0.29622	0.01815	0.0033	0.04208	0.0198	0.02475
NA19199	2	1	YRI	AFR	2.0	test	1,2	1,2	0.992, 0.858	True	1.0	0.7925	0.80371	0.78914	0.63221	0.16142	0.00112	0.23988	0.11209	0.33628	0.01121	0.0056	0.0	0.02018	0.0	0.39569	0.03251	0.0	0.07734	0.02242	0.01121
NA19200	1	4	YRI	AFR	2.0	train	1,4	1,4	0.976, 0.689	True	1.0	1.86448	1.59935	0.20218	0.03052	0.32903	0.00191	0.18597	0.98136	0.52453	0.00286	0.01812	0.0	0.01812	0.0	0.1173	0.06962	0.0	0.12017	0.04673	0.02003
NA19201	1	1	YRI	AFR	2.0	test	1,1	1,1	0.982	True	1.0	2.8159	2.6022	0.36173	0.0512	0.38399	0.00223	0.18031	0.09906	0.48416	0.00668	0.00668	0.00223	0.01892	0.0	0.10685	0.04118	0.0	0.20257	0.10017	0.00779
NA19202	1	4	YRI	AFR	2.0	train	1,4	1,4	0.961, 0.821	True	1.0	1.40412	1.20393	0.23323	0.03588	0.26723	0.0	0.18791	0.92349	0.5099	0.00378	0.01605	0.00094	0.01983	0.0	0.09443	0.02361	0.0	0.18035	0.017	0.00189
NA19203		1	YRI	AFR	2.0	train	1,3/6	1,3/6	0.971, 0.992	True	1.0	1.48228	1.32689	0.24113	0.03081	2.13534	0.93706	0.09042	0.06564	0.41662	0.0067	0.02411	0.0	0.02478	0.0	0.11856	0.12793	0.00067	0.16946	0.08908	0.00201
NA19204	1	1	YRI	AFR	2.0	train	1,1	1,1	0.997	True	1.0	3.66149	3.16437	0.26467	0.02735	0.34476	0.00293	0.06251	0.14552	0.40629	0.00391	0.00781	0.0	0.01074	0.0	0.21975	0.17971	0.00195	0.09962	0.04688	0.03028
NA19205	1	1	YRI	AFR	2.0	train	1,1	1,1	0.99	True	1.0	3.18158	2.78827	0.21812	0.03854	0.36616	0.0035	0.08585	0.1349	0.35828	0.0035	0.00613	0.0	0.01927	0.0	0.13227	0.06745	0.00088	0.21724	0.05256	0.01139
NA19206		1	YRI	AFR	2.0	train	1,3/6	1,3/6	0.997, 0.924	True	1.0	1.79892	1.54232	0.21733	0.04018	1.83545	1.04465	0.15889	0.02922	0.38535	0.00365	0.0137	0.00091	0.01096	0.0	0.37074	0.06118	0.00091	0.08949	0.04201	0.04748
NA19207	1	1	YRI	AFR	2.0	train	1,1	1,1	0.996	True	1.0	2.52896	2.25544	0.24243	0.09842	0.18856	0.00104	0.2414	0.11707	0.43513	0.00932	0.00104	0.00104	0.00829	0.0	0.46829	0.06631	0.0	0.09428	0.04559	0.03419
NA19208	1	1	YRI	AFR	2.0	train	1,1	1,1	0.995	True	1.0	3.40261	2.83142	0.15842	0.07698	0.16846	0.0	0.18184	0.0357	0.35588	0.00781	0.00781	0.0	0.02008	0.0	0.61247	0.0926	0.0	0.13499	0.05578	0.07028
NA19209	1	1	YRI	AFR	2.0	train	1,1	1,1	0.997	True	1.0	3.27382	2.80848	0.189	0.01074	0.19401	0.00358	0.19329	0.10524	0.30139	0.00072	0.00573	0.0	0.01002	0.00072	0.39088	0.06944	0.0	0.11884	0.00931	0.03365
NA19210	1	2	YRI	AFR	2.0	train	1,2	1,2	0.984, 0.91	True	1.0	1.02764	1.00037	1.65794	1.45771	0.19789	0.00156	0.13167	0.04519	0.34047	0.00156	0.00312	0.00078	0.01247	0.0	0.11687	0.01402	0.0	0.05142	0.09116	0.02727
NA19211	1	2	YRI	AFR	2.0	train	1,2	1,2	0.995, 0.889	True	1.0	1.55283	1.36752	1.481	1.11183	0.22193	0.0	0.16232	0.02083	0.28442	0.00144	0.0079	0.00144	0.0158	0.0	0.27652	0.04166	0.00144	0.10702	0.00862	0.03232
NA19213			YRI	AFR	2.0	train	3/6,3/6	3/6,3/6	0.997	True	1.0	0.04007	0.03914	0.29727	0.02516	4.12636	1.76964	0.07735	0.00932	0.34666	0.00466	0.01584	0.0	0.01118	0.0	0.05964	0.00932	0.00093	0.12114	0.03168	0.00093
NA19214	9	2	YRI	AFR	2.0	train	2,9	2,9	0.936, 0.936	True	1.0	0.026	0.02935	1.95569	1.47347	0.19624	0.0	0.12328	0.00587	0.39332	0.00084	0.03522	0.00839	9.77424	4.71814	0.08051	0.00503	0.0	0.0218	0.052	0.01593
NA19215	2		YRI	AFR	2.0	train	2,3/6	2,3/6	0.913, 0.99	True	1.0	0.03076	0.02078	1.89544	1.44984	1.83807	0.91696	0.12054	0.00914	0.38158	0.00166	0.00748	0.00083	0.01663	0.00083	0.07815	0.00748	0.0	0.1114	0.01746	0.02411
NA19221	2	1	YRI	AFR	2.0	train	1,2	1,2	0.997, 0.943	True	1.0	2.34124	2.06058	1.20786	0.95997	0.16029	0.00179	0.1734	0.02443	0.26279	0.00298	0.00715	0.00119	0.01311	0.0006	0.22286	0.10666	0.0	0.14003	0.01371	0.03754
NA19222	2	2	YRI	AFR	2.0	train	2,2	2,2	0.985	True	1.0	0.01532	0.01979	2.51342	2.05504	0.15066	0.00064	0.1047	0.02234	0.19216	0.00319	0.00958	0.00064	0.01724	0.0	0.05363	0.00766	0.0	0.03384	0.00766	0.01915
NA19223	7	1	YRI	AFR	2.0	train	1,7	1,7	0.997, 0.985	True	1.0	2.64501	2.30663	0.3046	0.01597	0.13511	0.00184	0.19836	0.04544	0.27144	0.01044	6.01222	2.4792	0.01412	0.0	0.23152	0.11668	0.0	0.08229	0.01351	0.02149
NA19224	1	2	YRI	AFR	2.0	train	1,2	1,2	0.991, 0.968	True	1.0	2.30246	1.96805	7.01723	4.63483	0.12693	0.00183	0.22213	0.02807	0.23495	0.00122	0.00915	0.0	0.01159	0.00183	0.30634	0.11351	0.00183	0.18368	0.02746	0.02197
NA19225	1	1	YRI	AFR	2.0	train	1,1	1,1	0.998	True	1.0	3.23906	2.73721	0.35708	0.08987	1.40902	0.00302	0.23102	0.04343	0.41197	0.00121	0.00663	0.00121	0.01327	0.0	0.38845	0.10797	0.00181	0.14114	0.0181	0.05549
NA19226	1	2	YRI	AFR	2.0	train	1,2	1,2	0.972, 0.91	True	1.0	0.56277	0.55909	10.70001	6.8868	0.25237	0.0	0.2579	0.12803	0.25237	0.00368	0.00921	0.00184	0.02487	0.00092	0.20356	0.02671	0.00276	0.19527	0.05434	0.00737
NA19235	4	8	YRI	AFR	2.0	test	4,8	2,4	0.736, 0.916	False	1.0	0.02041	0.0213	5.19815	3.91946	0.19256	0.0	0.70634	0.7161	0.55105	0.00532	0.00266	0.0	0.01597	0.0	0.0914	0.16949	0.00266	0.12955	0.06744	0.03727
NA19236	2	1	YRI	AFR	2.0	test	1,2	1,2	0.997, 0.885	True	1.0	1.415	1.22301	3.76825	2.71433	0.4474	0.00117	0.22546	0.02055	0.3194	0.00235	0.00411	0.00059	0.01174	0.0	0.20432	0.01527	0.00117	0.08631	0.01468	0.02349
NA19237	8	1	YRI	AFR	2.0	train	1,8	1,8	0.996, 0.593	True	1.0	1.37547	1.21167	3.74479	2.80671	0.46236	0.0	0.19284	0.01626	0.34387	0.00174	0.00581	0.0	0.01452	0.0	0.15335	0.1487	0.00232	0.08829	0.0424	0.0244
NA19238	7		YRI	AFR	2.0	test	3/6,7	3/6,7	0.962, 0.937	True	1.0	0.04259	0.04155	0.40825	0.06648	1.98828	1.61847	0.11635	0.01247	0.67315	0.01558	10.49925	4.56765	0.01143	0.00104	0.04467	0.00831	0.0	0.04882	0.00519	0.01143
NA19239	1	1	YRI	AFR	2.0	train	1,1	1,1	0.996	True	1.0	3.23263	2.81376	0.20899	0.02601	0.29779	0.00179	0.20361	0.04485	0.34981	0.00269	0.00718	0.0009	0.00897	0.0009	0.39466	0.06907	0.0	0.10136	0.07893	0.03408
NA19240		1	YRI	AFR	2.0	train	1,3/6	1,3/6	0.965, 0.973	True	1.0	1.81459	1.77743	0.17388	0.02229	2.33474	1.72839	0.12632	0.0535	0.92438	0.00594	0.00446	0.0	0.0327	0.0	0.1501	0.02675	0.0	0.14564	0.11295	0.00594
NA19247	2	10	YRI	AFR	2.0	test	10,2	10,2	0.76, 0.804	True	1.0	0.02383	0.02054	2.51085	1.78536	0.16925	0.0	0.16021	0.01068	0.35083	0.00164	0.02218	0.0	0.02136	0.0	2.25039	1.76236	0.00164	0.09942	0.01643	0.05258
NA19248	1	7	YRI	AFR	2.0	train	1,7	1,7	0.997, 0.971	True	1.0	0.68795	0.65707	0.34397	0.04889	0.1098	0.00086	0.15612	0.0712	0.39372	0.01544	9.05652	3.69363	0.02316	0.0	0.2316	0.0446	0.0	0.03603	0.02316	0.04203
NA19249	10	7	YRI	AFR	2.0	train	10,7	10,7	0.881, 0.959	True	1.0	0.01737	0.0384	0.23769	0.04205	0.14719	0.00091	0.06582	0.01737	0.28615	0.0064	8.65201	3.51694	0.01097	0.0	2.64936	1.87229	0.0	0.13347	0.02194	0.02651
NA19256	1		YRI	AFR	2.0	train	1,3/6	1,3/6	0.998, 0.95	True	1.0	2.25805	1.94459	0.38716	0.0253	2.01058	0.9404	0.13968	0.12209	0.35746	0.0033	0.0099	0.0011	0.0396	0.0	0.16498	0.07149	0.0011	0.15178	0.0396	0.0242
NA19257			YRI	AFR	2.0	train	3/6,3/6	3/6,3/6	0.997	True	1.0	0.03929	0.0418	0.33691	0.07022	4.02705	1.616	0.10534	0.02174	0.3319	0.00418	0.0117	0.0	0.02341	0.0	0.05016	0.00251	0.00084	0.12875	0.03929	0.00334
NA19258			YRI	AFR	2.0	train	3/6,3/6	3/6,3/6	0.997	True	1.0	0.03092	0.04092	0.20641	0.02819	3.35343	1.81583	0.07911	0.01455	0.37281	0.00273	0.02819	0.00273	0.02273	0.0	0.10275	0.00364	0.0	0.14003	0.02273	0.00273
NA19307								1,12	0.997, 0.839		1.0	1.84678	1.51495	0.30088	0.04214	0.19159	0.01383	0.30088	0.0079	0.26928	0.00066	0.00922	0.00066	0.01448	0.0	0.19225	0.03819	0.0	0.14616	3.51053	1.21275
NA19308								1,2	0.984, 0.966		1.0	0.46168	0.44218	4.99421	3.51739	0.10209	0.00057	0.14453	0.08545	0.34067	0.00115	0.00918	0.0	0.01434	0.00057	0.23858	0.02466	0.00172	0.07972	0.04015	0.03097
NA19309								2,3/6	0.895, 0.983		1.0	0.04369	0.04369	4.30375	3.13843	1.50859	0.75251	0.11412	0.0107	0.35842	0.00178	0.02586	0.0	0.01605	0.0	0.06598	0.00624	0.00089	0.09005	0.00267	0.05528
NA19310								1,12	0.997, 0.887		1.0	1.9073	1.81926	0.33299	0.02789	0.14819	0.00174	0.1848	0.05928	0.32515	0.00262	0.02092	0.0	0.01743	0.0	0.26151	0.02092	0.00087	0.18219	1.64317	0.70173
NA19312								1,12	0.997, 0.77		1.0	1.39062	1.10733	0.32201	0.02717	0.20584	0.00272	0.11753	0.01359	0.31793	0.00068	0.00815	0.0	0.01495	0.00068	0.29755	0.04891	0.50136	0.09579	1.83898	0.75815
NA19314								4,4	0.952		1.0	0.02264	0.02496	0.46779	0.02554	0.361	0.00174	1.33722	0.92862	0.44458	0.00406	0.00755	0.00058	0.01625	0.00116	0.10853	0.00696	0.00058	0.15612	0.09751	0.00696
NA19315								1,10	0.822, 0.991		1.0	1.32427	1.22164	0.30623	0.10345	0.23234	0.00164	0.16666	0.09441	0.18555	0.01478	0.01888	0.00082	0.01806	0.00082	4.12716	2.49665	0.00082	0.1798	0.0821	0.03777
NA19316								1,4	0.99, 0.919		1.0	1.24402	1.19503	0.36	0.0245	0.19598	0.0	1.56674	0.89787	0.71574	0.0032	0.00533	0.00107	0.02556	0.0	0.16615	0.05112	0.0	0.13527	0.17574	0.0245
NA19317								1,12	0.962, 0.829		1.0	0.56508	0.55661	0.2067	0.01623	0.11922	0.00071	0.24198	0.04868	0.32451	0.00141	0.00353	0.00071	0.01058	0.0	0.09594	0.04092	0.0	0.11076	3.93651	1.58095
NA19318								1,3/6	0.931, 0.986		1.0	1.35669	1.24458	0.26698	0.03226	2.43753	1.04857	0.09437	0.1347	0.38233	0.00484	0.01694	0.00081	0.01694	0.0	0.13067	0.07421	0.0	0.14922	0.03468	0.00242
NA19319								1,2	0.996, 0.894		1.0	1.58226	1.33884	3.82422	2.69208	0.1678	0.0	0.06266	0.08714	0.31904	0.00072	0.00648	0.0	0.01152	0.0	0.22974	0.07418	0.00072	0.07202	0.04537	0.04033
NA19320								2,2	0.984		1.0	0.02309	0.02589	16.05327	10.30561	0.04899	0.0007	0.14206	0.0105	0.21485	0.0021	0.0056	0.0	0.0175	0.0014	0.02799	0.03709	0.0	0.10567	0.0105	0.0035
NA19321								12,2	0.837, 0.67		1.0	0.0236	0.02422	3.80653	2.7068	0.04906	0.0	0.077	0.01366	0.32787	0.00124	0.00373	0.0	0.00994	0.00062	0.09004	0.02235	0.45703	0.06085	1.72256	0.68058
NA19323								1,2	0.996, 0.928		1.0	1.77056	1.38071	4.94476	3.39799	0.17555	0.00158	0.12573	0.02135	0.30287	0.00316	0.01186	0.0	0.01423	0.0	0.23486	0.034	0.00237	0.07592	0.01661	0.0174
NA19324								1,2	0.984, 0.957		1.0	0.28579	0.27245	5.4	3.62409	0.11565	0.0	0.15457	0.02446	0.43703	0.00334	0.00667	0.00111	0.01446	0.0	0.28357	0.03447	0.0	0.07339	0.03781	0.06561
NA19327								1,12	0.998, 0.65		1.0	1.04734	0.90697	0.40598	0.05507	1.71947	0.00054	0.27587	0.02807	0.36441	0.00108	0.00594	0.00054	0.01404	0.0	0.19867	0.0189	0.0	0.12579	2.02071	0.38006
NA19328								1,11	0.957, 0.861		1.0	1.07742	1.06817	0.3755	0.01778	0.22544	0.0	0.08605	0.0128	0.36981	0.00213	0.07681	0.00142	0.00782	0.0	0.07396	0.02489	1.63426	2.21884	0.10881	0.02845
NA19331								1,1	0.967		1.0	2.72099	2.68169	0.32297	0.09789	0.07145	0.00071	0.14005	0.01643	0.33369	0.0	0.02429	0.00071	0.01572	0.0	0.04216	0.02001	0.0	0.05859	4.54451	0.02715
NA19332								3/6,4	0.988, 0.971		1.0	0.02442	0.03404	0.43878	0.02368	2.10439	0.87831	1.23052	0.63561	0.60231	0.00296	0.01776	0.00148	0.01036	0.00074	0.07473	0.00814	0.00074	0.11617	0.0222	0.00518
NA19334								2,2	0.955		1.0	0.02416	0.02701	3.81786	2.61394	0.08813	0.0	0.10945	0.00711	0.38804	0.00355	0.01137	0.0	0.00924	0.00071	0.05117	0.00569	0.00071	0.02559	4.4916	0.04335
NA19338								1,11	0.997, 0.802		1.0	0.79997	0.77948	0.4722	0.02253	0.17413	0.00307	0.14238	0.06555	0.5398	0.00205	0.04404	0.0	0.00615	0.0	0.28168	0.05838	1.8642	1.21788	0.09321	0.07989
NA19346								1,1	0.99		1.0	5.52372	5.3208	0.46454	0.1323	0.16214	0.00099	0.17607	0.02586	0.58192	0.00298	0.01094	0.00298	0.01791	0.00099	0.11937	0.04675	0.00298	0.23277	0.03482	0.01791
NA19347								1,1	0.997		1.0	5.25726	4.87427	0.30506	0.05789	0.15067	0.00148	0.16849	0.03117	0.38225	0.00297	0.00223	0.00074	0.01781	0.0	0.36518	0.05715	0.0	0.13434	0.01856	0.04676
NA19350								1,10	0.801, 0.972		1.0	1.36865	1.32062	0.4142	0.05523	0.28453	0.0012	0.27613	0.01081	0.49223	0.0	0.01801	0.0012	0.02041	0.0	2.18623	2.27507	0.0	0.15968	0.14047	0.06003
NA19351								1,1	0.997		1.0	0.98134	0.84828	0.33183	0.02828	0.53807	0.0	0.21124	0.11393	0.44992	0.00166	0.01663	0.0	0.02495	0.0	0.21207	0.09314	0.0	0.11393	0.07318	0.01331
NA19355								1,11	0.997, 0.871		1.0	3.33978	3.21476	0.67929	0.06585	0.08418	0.00167	0.08752	0.01917	0.43591	0.0025	0.05668	0.00167	0.01417	0.00083	0.15003	0.03751	1.81367	1.84617	0.07001	0.05084
NA19360								12,2	0.931, 0.68		1.0	0.02252	0.01608	3.43399	2.62599	0.13831	0.0	0.18334	0.00579	0.27019	0.00129	0.00322	0.00064	0.01415	0.0	0.03667	0.01158	0.00064	0.09264	3.56716	1.21457
NA19372								1,4	0.991, 0.89		1.0	2.55874	2.02653	0.33416	0.01502	0.16426	0.00469	1.35915	1.03157	0.49936	0.00094	0.01314	0.0	0.01596	0.0	0.19711	0.06758	0.00094	0.10325	0.02253	0.01596
NA19374								1,1	0.997		1.0	5.00014	4.56043	0.32955	0.09056	0.23526	0.0028	0.09336	0.02661	0.34728	0.00047	0.0056	0.0014	0.01634	0.0	0.29174	0.02847	0.0014	0.1279	0.04434	0.03361
NA19375								1,3/6	0.954, 0.955		1.0	0.89569	0.84831	0.32714	0.0188	2.43739	0.88817	0.13386	0.03384	0.4031	0.0	0.0173	0.00075	0.03685	0.00075	0.09551	0.13913	0.0015	0.12258	0.22035	0.02031
NA19376								1,1	0.997		1.0	3.34568	2.87218	0.26074	0.0104	0.22475	0.0032	0.30393	0.14877	0.29994	0.0016	0.0056	0.0	0.0104	0.0008	0.43191	0.09358	0.0	0.07838	0.02319	0.04319
NA19377								1,1	0.997		1.0	3.20228	2.91773	0.31489	0.01988	0.18622	0.00105	0.17889	0.03766	0.46868	0.0	0.00628	0.00209	0.01569	0.0	0.35883	0.08369	0.0	0.08892	0.11822	0.02615
NA19378								1,1	0.987		1.0	3.40538	2.87664	0.21747	0.04432	0.38135	0.01546	0.14842	0.00412	0.45144	0.00515	0.00825	0.0	0.01855	0.0	0.19068	0.0639	0.00309	0.09379	0.09585	0.0371
NA19379								2,3/6	0.99, 0.985		1.0	0.01848	0.02439	4.0756	3.06963	1.10797	0.85222	0.09757	0.01109	0.28605	0.00222	0.01183	0.0	0.01626	0.0	0.0643	0.00665	0.0	0.0887	0.00739	0.0377
NA19380								1,12	0.984, 0.769		1.0	0.4916	0.50209	0.43474	0.02362	0.16008	0.00087	0.22131	0.02449	0.36739	0.00787	0.00787	0.00087	0.02362	0.0	0.13821	0.0691	0.0	0.20644	3.94416	1.80982
NA19383								1,7	0.997, 0.978		1.0	1.15943	1.02406	0.38171	0.02354	0.17993	0.00252	0.12359	0.08071	0.2371	0.00925	7.87469	4.11054	0.01177	0.0	0.31193	0.03195	0.00084	0.05801	0.01261	0.0227
NA19384								1,12	0.975, 0.837		1.0	1.61392	1.4807	0.33827	0.01674	0.13949	0.0007	0.15484	0.03069	0.39127	0.00139	0.00558	0.0	0.01674	0.0	0.12624	0.03976	0.0007	0.12136	2.22698	0.43661
NA19385								3/6,4	0.905, 0.915		1.0	0.02092	0.03058	0.45793	0.10784	0.67603	0.38067	1.13637	0.45712	0.49012	0.0008	0.00805	0.0008	0.00966	0.0008	0.02978	0.00805	0.0	0.07887	0.01046	0.01449
NA19390								2,4	0.913, 0.541		1.0	0.02512	0.03516	4.11895	2.83052	0.19925	0.00084	0.62789	0.18251	0.4052	0.00502	0.00753	0.00084	0.01842	0.0	0.10883	0.00502	0.0	0.11135	0.06028	0.02763
NA19391								1,2	0.925, 0.939		1.0	3.17102	3.12092	10.11917	6.3675	0.05338	0.0	0.11416	0.01725	0.44432	0.00246	0.00739	0.00329	0.01971	0.00082	0.07884	0.02628	0.0	0.10923	0.01396	0.01643
NA19393								2,9	0.929, 0.92		1.0	0.02273	0.01831	1.79928	1.25571	0.14331	0.0	0.1692	0.02147	0.39268	0.00379	0.05114	0.01578	16.01104	9.28932	0.02273	0.02715	0.00063	0.03346	0.1976	0.03093
NA19394								1,1	0.997		1.0	2.38834	2.30745	0.22815	0.03111	0.224	0.00104	0.12237	0.14104	0.44593	0.0	0.00622	0.0	0.00726	0.0	0.32356	0.06326	0.00311	0.07259	0.11511	0.03007
NA19395								1,12	0.995, 0.847		1.0	1.00708	0.96952	0.28585	0.03338	0.13284	0.0	0.2629	0.016	0.3547	0.00278	0.00278	0.0	0.01113	0.0	0.25038	0.04868	0.0	0.1231	3.42185	1.60103
NA19397								10,4	0.738, 0.592		1.0	0.03163	0.02595	0.30897	0.04785	0.22058	0.00162	0.18165	0.68119	0.40871	0.00487	0.00649	0.0	0.01541	0.0	1.8538	1.79298	0.0	0.10056	0.04703	0.04785
NA19399								1,4	0.957, 0.748		1.0	1.16504	1.14703	0.20476	0.03318	0.30903	0.0	0.81998	0.34221	0.68063	0.0	0.00474	0.00095	0.00853	0.0	0.10238	0.02086	0.00095	0.09669	0.14314	0.00284
NA19401								4,5	0.981, 0.907		1.0	0.04588	0.0431	0.33924	0.04588	0.12235	0.0	1.7699	1.00938	6.71811	2.2871	0.85367	0.00139	0.1293	0.00139	0.19048	0.00556	0.00139	0.0431	0.04171	0.00556
NA19403								1,1	0.997		1.0	3.00399	2.4474	0.30269	0.05875	0.28078	0.001	0.21706	0.17325	0.33853	0.001	0.00896	0.0	0.01693	0.0	0.45005	0.01693	0.0	0.08961	0.02987	0.01991
NA19404								1,2	0.973, 0.913		1.0	1.57618	1.25153	4.19241	2.86984	0.16522	0.00165	0.09004	0.08426	0.37587	0.00165	0.00496	0.00083	0.01074	0.00083	0.08178	0.02478	0.0	0.08591	0.02643	0.04213
NA19428								1,2	0.924, 0.933		1.0	1.04341	1.01824	10.65876	6.91291	0.15728	0.0009	0.14649	0.00989	0.39184	0.0018	0.00629	0.0009	0.01438	0.0	0.0665	0.03685	0.0009	0.08628	0.09796	0.00449
NA19429								1,2	0.979, 0.954		1.0	0.71915	0.69379	4.81886	3.50411	0.10145	0.0	0.12845	0.05972	0.51707	0.00327	0.00655	0.00082	0.00982	0.00082	0.11781	0.05154	0.0	0.072	0.03109	0.05972
NA19430								1,11	0.983, 0.511		1.0	1.11896	1.08572	0.30966	0.04179	0.19853	0.00095	0.09594	0.0057	0.61458	0.0019	0.0076	0.0	0.01235	0.00095	0.06174	0.02565	0.0	0.94513	0.4208	0.01995
NA19431								1,2	0.977, 0.862		1.0	1.1124	1.08788	5.34813	3.81563	0.20202	0.00254	0.12003	0.09383	0.41419	0.00085	0.00676	0.0	0.01268	0.0	0.1606	0.02451	0.00169	0.08368	0.0896	0.00845
NA19434								1,3/6	0.974, 0.94		1.0	3.38734	3.31282	0.38952	0.0945	1.56806	0.92194	0.12139	0.01998	0.48555	0.00538	0.01306	0.00154	0.02074	0.0	0.07299	0.02535	0.00154	0.15289	0.06838	0.03457
NA19435								1,2	0.988, 0.925		1.0	1.42125	1.17941	4.47152	3.10648	0.12433	0.00085	0.12944	0.0298	0.33807	0.00255	0.00852	0.0	0.01618	0.0	0.30401	0.04173	0.0	0.1073	0.00085	0.07068
NA19436								1,3/6	0.997, 0.921		1.0	0.81227	0.80304	0.25537	0.02051	1.803	0.96611	0.16717	0.05333	0.38563	0.0	0.01436	0.0	0.01026	0.0	0.21538	0.06154	0.00205	0.07589	0.02359	0.05128
NA19437								1,2	0.994, 0.969		1.0	1.81345	1.58805	5.63253	3.66091	0.13445	0.0	0.2254	0.02056	0.38752	0.00079	0.00791	0.00079	0.11309	0.0	0.38515	0.05931	0.00079	0.09095	0.01977	0.04745
NA19438								10,2	0.79, 0.786		1.0	0.02441	0.01831	3.65144	2.45235	0.15561	0.0	0.13654	0.01449	0.38444	0.00153	0.00992	0.0	0.00915	0.0	3.42718	2.14266	0.0	0.09764	0.03814	0.03966
NA19439								1,2	0.938, 0.923		1.0	1.67255	1.53601	8.41108	5.2715	0.1728	0.0	0.16569	0.11947	0.29867	0.00071	0.0064	0.0	0.0064	0.00071	0.10809	0.04124	0.00142	0.10311	0.02844	0.00284
NA19440								1,12	0.958, 0.864		1.0	2.67209	2.6037	0.2025	0.04426	0.06169	0.0	0.1046	0.01676	0.32387	0.00268	0.01609	0.00067	0.0114	0.0	0.0342	0.03755	0.0	0.14752	3.23132	1.57509
NA19443								1,4	0.979, 0.897		1.0	2.54447	2.35639	0.31657	0.02517	0.12451	0.00132	1.75769	1.23449	0.76824	0.0	0.00265	0.0	0.01589	0.0	0.32187	0.0861	0.0	0.09669	0.02252	0.00397
NA19445								1,1	0.997		1.0	2.64564	2.3211	0.24957	0.03106	0.24528	0.00107	0.1853	0.18637	0.36418	0.00107	0.00321	0.0	0.015	0.0	0.28492	0.05034	0.0	0.09426	0.0407	0.02464
NA19446								1,12	0.977, 0.819		1.0	1.39826	1.0425	0.37354	0.01392	0.21113	0.00077	0.09822	0.00851	0.34415	0.0	0.05723	0.0	0.01392	0.0	0.26604	0.01933	0.00077	0.08816	1.52045	0.79039
NA19448								11,2	0.911, 0.842		1.0	0.02687	0.02436	4.61653	2.95619	0.0823	0.0	0.0865	0.01008	0.39304	0.00504	0.04535	0.0	0.01092	0.0	0.33761	0.0084	1.65698	1.40167	0.08146	0.05711
NA19449								1,4	0.998, 0.698		1.0	1.7096	1.84419	0.2469	0.0107	0.23175	0.00357	0.42517	0.43498	0.40289	0.00357	0.00357	0.00089	0.00891	0.0	0.18362	0.02407	0.00178	0.08824	0.10785	0.01961
NA19451								2,2	0.992		1.0	0.02329	0.02717	10.97218	7.43769	0.07827	0.0	0.09768	0.00841	0.19212	0.00065	0.01035	0.0	0.01229	0.0	0.02458	0.02587	0.00065	0.10803	0.00453	0.02846
NA19452								1,2	0.98, 0.972		1.0	1.89896	1.52301	3.78829	2.80548	0.13814	0.00206	0.14845	0.17869	0.28247	0.00206	0.00825	0.0	0.01443	0.0	0.13265	0.05017	0.00069	0.07285	0.00137	0.0323
NA19454								1,1	0.99		1.0	3.24295	2.75834	0.32965	0.0216	0.32495	0.0	0.15966	0.12961	0.3428	0.00094	0.01691	0.0	0.01409	0.0	0.55035	0.04226	0.0	0.11927	0.05541	0.00939
NA19455								1,2	0.948, 0.92		1.0	0.97323	0.96193	6.94025	5.23689	0.1478	0.0	0.0848	0.01292	0.48379	0.00162	0.00485	0.0	0.01615	0.0	0.1058	0.02665	0.0	0.07188	0.08238	0.01777
NA19456								1,2	0.988, 0.928		1.0	1.09582	1.0661	4.84946	3.13144	0.14673	0.00093	0.13651	0.05293	0.59899	0.00279	0.00836	0.0	0.01207	0.0	0.12073	0.01857	0.00186	0.08915	0.09472	0.02786
NA19457								4,7	0.877, 0.942		1.0	0.02508	0.03317	0.39481	0.07686	0.072	0.0	1.34705	0.49999	0.56957	0.01942	8.76111	3.54927	0.00809	0.0	0.18284	0.00809	0.0	0.03155	0.0356	0.00324
NA19461								1,1	0.995		1.0	3.49895	2.94741	0.23413	0.05275	0.34332	0.0	0.06941	0.02128	0.38127	0.00093	0.00555	0.00093	0.0074	0.0	0.28595	0.03239	0.00093	0.09069	0.09809	0.02036
NA19462								3/6,4	0.894, 0.668		1.0	0.0086	0.02892	0.44948	0.03127	0.29783	0.07895	0.73246	0.29861	0.49795	0.00156	0.00938	0.0	0.01251	0.0	0.08833	0.00313	0.0	0.06801	0.17198	0.00313
NA19463								1,1	0.997		1.0	2.4903	2.32745	0.23898	0.01903	0.21361	0.00211	0.22735	0.16285	0.40712	0.00317	0.02326	0.00106	0.01586	0.0	0.41981	0.10892	0.0	0.10046	0.0148	0.05182
NA19466								1,1	0.997		1.0	5.17337	4.60574	0.35069	0.04755	0.12482	0.00297	0.18129	0.18797	0.4027	0.00371	0.00892	0.01709	0.0156	0.0	0.17089	0.07578	0.0	0.13671	0.01709	0.0156
NA19467								3/6,3/6	0.997		1.0	0.06889	0.05879	0.29302	0.11023	2.54076	1.4247	0.10655	0.0101	0.31966	0.00184	0.02572	0.0	0.01653	0.0	0.07808	0.00919	0.00092	0.13779	0.04317	0.01378
NA19468								1,2	0.968, 0.915		1.0	3.13727	3.03594	4.87505	3.42052	0.08777	0.00319	0.05745	0.02473	0.40133	0.0016	0.01197	0.0	0.01277	0.0	0.10452	0.01835	0.0	0.07739	0.02633	0.01117
NA19471								3/6,4	0.632, 0.985		1.0	0.0237	0.02431	0.27411	0.01763	2.42505	1.4994	0.90073	0.42362	0.25527	0.00182	0.01398	0.0	0.01276	0.0	0.05774	0.00912	0.0	0.14161	0.00972	0.00061
NA19472								11,11	0.856		1.0	0.03396	0.03202	0.24742	0.05239	0.13778	0.0	0.098	0.00679	0.53461	0.03396	0.04948	0.0	0.02232	0.0	0.08053	0.00776	0.88779	1.9347	0.261	0.05822
NA19473								1,4	0.998, 0.861		1.0	1.6305	1.43789	0.28987	0.01049	0.22217	0.00095	0.82764	0.83241	0.45959	0.00095	0.00572	0.0	0.01335	0.0	0.30131	0.06961	0.0	0.08868	0.07914	0.02765
NA19474								1,2	0.996, 0.911		1.0	0.59567	0.58856	1.99637	1.67088	0.11692	0.0	0.25122	0.13588	0.43925	0.00079	0.00711	0.0	0.03002	0.00237	0.17854	0.03397	0.0	0.08374	0.00948	0.06794
NA19475								2,2	0.988		1.0	0.01226	0.01162	9.69595	6.24371	0.05485	0.0	0.07163	0.01613	0.28844	0.0	0.00452	0.0	0.02388	0.0	0.05162	0.00903	0.0	0.0542	0.07163	0.05743
NA19625								3/6,3/6	0.995		1.0	0.03441	0.02868	0.27283	0.01884	3.43042	1.41985	0.09504	0.00737	0.35394	0.00164	0.02048	0.0	0.03769	0.0	0.12699	0.09586	0.00246	0.14666	0.10979	0.00492
NA19648			MXL	AMR	2.0	train	3/6,3/6	3/6,3/6	0.997	True	1.0	0.0331	0.04452	0.1872	0.01598	2.75783	1.33212	0.10844	0.07876	0.42121	0.00228	0.01027	0.00342	0.01027	0.0	0.11529	0.01256	0.0	0.10616	0.06278	0.00685
NA19649			MXL	AMR	2.0	test	3/6,3/6	3/6,3/6	0.997	True	1.0	0.04069	0.02136	0.30417	0.03459	2.39166	1.26653	0.10275	0.06714	0.35097	0.00102	0.0234	0.00102	0.01221	0.0	0.10478	0.0061	0.0	0.08545	0.03459	0.00407
NA19650			MXL	AMR	2.0	train	3/6,3/6	3/6,3/6	0.997	True	1.0	0.03488	0.04039	0.22121	0.02845	2.57469	1.37501	0.09363	0.05507	0.4461	0.00092	0.01193	0.00092	0.02754	0.0	0.06517	0.00367	0.00184	0.29923	0.04039	0.01377
NA19651			MXL	AMR	2.0	train	3/6,3/6	3/6,3/6	0.997	True	1.0	0.02938	0.03601	0.21418	0.04739	2.06317	1.10124	0.08624	0.02559	0.24735	0.00474	0.00284	0.00095	0.01137	0.0	0.1052	0.00948	0.0019	0.10235	0.05212	0.00284
NA19652	4	5	MXL	AMR	2.0	test	4,5	4,5	0.875, 0.962	True	1.0	0.02917	0.02735	0.34821	0.03099	0.16226	0.00091	1.82857	0.83863	6.40821	2.77112	0.32269	0.00273	0.01823	0.0	0.09845	0.0082	0.00091	0.08569	0.07748	0.00182
NA19653		5	MXL	AMR	2.0	train	3/6,5	3/6,5	0.936, 0.991	True	1.0	0.03373	0.03577	0.22995	0.08483	1.17428	0.59685	0.10118	0.02351	6.91181	3.00469	0.31273	0.00715	0.04088	0.0	0.1349	0.01124	0.00102	0.08074	0.12877	0.00613
NA19654	2	1	MXL	AMR	2.0	train	1,2	1,2	0.974, 0.938	True	1.0	3.44009	3.39035	4.79143	2.79614	0.10289	0.00086	0.14577	0.01029	0.32497	0.00257	0.06259	0.00086	0.01629	0.00086	0.09946	0.02658	0.00086	0.10118	0.05402	0.00686
NA19655			MXL	AMR	2.0	train	3/6,3/6	3/6,3/6	0.996	True	1.0	0.02546	0.03894	0.28981	0.03595	1.97478	1.05741	0.11308	0.03145	0.28682	0.00524	0.02022	0.00225	0.01423	0.0	0.07489	0.01872	0.0	0.09061	0.1303	0.0015
NA19656	1		MXL	AMR	2.0	train	1,3/6	1,3/6	0.905, 0.991	True	1.0	3.28054	3.23984	0.26082	0.03467	1.11638	0.62792	0.10252	0.01206	0.2774	0.00302	0.00528	0.00075	0.02337	0.00075	0.09347	0.00678	0.00075	0.22086	0.11835	0.00678
NA19657			MXL	AMR	2.0	train	3/6,3/6	3/6,3/6	0.987	True	1.0	0.027	0.02382	0.22871	0.027	2.30613	0.97836	0.108	0.08179	0.32797	0.00079	0.00715	0.0	0.01191	0.0	0.10165	0.01588	0.00079	0.13262	0.02224	0.00079
NA19658	5		MXL	AMR	2.0	test	3/6,5	3/6,5	0.944, 0.991	True	1.0	0.02708	0.08527	0.1936	0.02909	0.86871	0.47247	0.08125	0.00803	6.1542	2.85892	0.28589	0.001	0.05718	0.0	0.12238	0.00702	0.0	0.05317	0.11436	0.001
NA19659			MXL	AMR	2.0	train	3/6,3/6	3/6,3/6	0.997	True	1.0	0.04613	0.0371	0.23263	0.0371	2.24711	1.04484	0.11231	0.01103	0.43017	0.001	0.01203	0.0	0.02808	0.0	0.10529	0.00902	0.001	0.20255	0.02507	0.01203
NA19660			MXL	AMR	2.0	train	3/6,3/6	3/6,3/6	0.996	True	1.0	0.03527	0.03527	0.3247	0.02533	2.79753	1.44987	0.12753	0.06874	0.27134	0.00633	0.0199	0.0	0.01718	0.0	0.09678	0.01809	0.0009	0.21798	0.21255	0.00995
NA19661			MXL	AMR	2.0	train	3/6,3/6	3/6,3/6	0.997	True	1.0	0.02882	0.02786	0.23439	0.02498	2.26323	1.16043	0.11335	0.01057	0.28627	0.00192	0.00384	0.00096	0.01153	0.00096	0.07781	0.00384	0.0	0.07781	0.07397	0.0
NA19662			MXL	AMR	2.0	test	3/6,3/6	3/6,3/6	0.997	True	1.0	0.03416	0.03693	0.27147	0.03324	2.18927	1.22437	0.14497	0.01385	0.25762	0.00554	0.01016	0.0	0.02862	0.0	0.0868	0.00739	0.0	0.20591	0.21422	0.00462
NA19663			MXL	AMR	2.0	train	3/6,3/6	3/6,3/6	0.997	True	1.0	0.03538	0.03206	0.23105	0.01769	2.5537	1.40509	0.11718	0.02432	0.38692	0.00553	0.00332	0.0	0.00995	0.0	0.13708	0.00884	0.0	0.1216	0.16251	0.00553
NA19664			MXL	AMR	2.0	test	3/6,3/6	3/6,3/6	0.997	True	1.0	0.03284	0.03178	0.26911	0.01695	2.12532	1.38368	0.1123	0.01271	0.2797	0.00212	0.00742	0.0	0.00424	0.00212	0.09112	0.01059	0.00106	0.08158	0.2511	0.00212
NA19665			MXL	AMR	2.0	train	3/6,3/6	3/6,3/6	0.997	True	1.0	0.03713	0.02372	0.28053	0.02785	2.49799	1.32016	0.16399	0.02475	0.36408	0.00413	0.00722	0.00103	0.02682	0.00103	0.12686	0.00309	0.00103	0.1743	0.27744	0.00413
NA19669			MXL	AMR	2.0	train	3/6,3/6	3/6,3/6	0.996	True	1.0	0.02724	0.03514	0.33737	0.02109	2.03915	1.06746	0.10279	0.02109	0.27236	0.00264	0.02196	0.0	0.00879	0.00088	0.08786	0.02021	0.00176	0.12476	0.12915	0.00615
NA19670	2	2	MXL	AMR	2.0	train	2,2	2,2	0.997	True	1.0	0.01994	0.01738	12.11732	8.28047	0.11195	0.0	0.15795	0.01891	0.17175	0.00204	0.00409	0.0	0.0092	0.0	0.03169	0.04294	0.00102	0.08639	0.03323	0.02249
NA19671		2	MXL	AMR	2.0	train	2,3/6	2,3/6	0.973, 0.992	True	1.0	0.0218	0.01907	6.93949	4.72373	0.57897	0.26428	0.10013	0.02248	0.18391	0.00136	0.00477	0.0	0.01226	0.0	0.05313	0.03542	0.00136	0.16824	0.11648	0.02316
NA19675	2		MXL	AMR	2.0	train	2,3/6	2,3/6	0.995, 0.95	True	1.0	0.02112	0.0236	11.7007	7.57378	0.66701	0.34282	0.10744	0.00869	0.17514	0.00497	0.00621	0.0	0.01242	0.0	0.06211	0.02857	0.00062	0.16334	0.01118	0.01863
NA19676		4	MXL	AMR	2.0	train	3/6,4	3/6,4	0.986, 0.991	True	1.0	0.0346	0.0346	0.3066	0.02979	1.39073	0.55648	1.16583	0.59493	0.58724	0.00192	0.00577	0.00096	0.01249	0.0	0.08073	0.00673	0.0	0.13744	0.04902	0.00384
NA19677	2	4	MXL	AMR	2.0	test	2,4	2,4	0.994, 0.905	True	1.0	0.01904	0.01586	10.83516	7.3306	0.22948	0.0	0.76034	0.37647	0.37911	0.00317	0.00846	0.00053	0.02591	0.00053	0.04865	0.01956	0.00053	0.21732	0.01639	0.01956
NA19678		2	MXL	AMR	2.0	train	2,3/6	2,3/6	0.995, 0.963	True	1.0	0.02299	0.01296	11.34733	7.42026	0.91332	0.49491	0.13418	0.03469	0.23951	0.00167	0.02048	0.0	0.01421	0.0	0.04891	0.02633	0.00125	0.11996	0.0301	0.03093
NA19679			MXL	AMR	2.0	train	3/6,3/6	3/6,3/6	0.996	True	1.0	0.03333	0.0324	0.30272	0.02129	2.43288	1.24514	0.12683	0.03981	0.30642	0.00555	0.01018	0.0	0.01574	0.0	0.07869	0.03425	0.00093	0.16016	0.04351	0.00278
NA19680			MXL	AMR	2.0	train	3/6,3/6	3/6,3/6	0.997	True	1.0	0.04124	0.02545	0.2536	0.02545	2.42197	1.38912	0.05792	0.05967	0.30187	0.00702	0.02369	0.00088	0.02282	0.00088	0.07108	0.00702	0.00351	0.23869	0.04563	0.00878
NA19681		2	MXL	AMR	2.0	train	2,3/6	2,3/6	0.995, 0.985	True	1.0	0.0268	0.02187	10.15419	6.89337	0.84924	0.31882	0.13331	0.01693	0.1982	0.0	0.00776	0.00071	0.01199	0.00071	0.04655	0.01904	0.00141	0.09734	0.0127	0.03597
NA19682	4		MXL	AMR	2.0	train	3/6,4	3/6,4	0.988, 0.988	True	1.0	0.04196	0.03275	0.49328	0.02866	1.19943	0.71536	1.7971	0.85454	0.53626	0.00409	0.01228	0.0	0.02149	0.00102	0.07266	0.00716	0.00102	0.21594	0.05117	0.00716
NA19683	2		MXL	AMR	2.0	train	2,3/6	2,3/6	0.995, 0.983	True	1.0	0.02552	0.02233	10.43538	6.98563	0.84473	0.44214	0.15057	0.01148	0.22458	0.00574	0.00893	0.00128	0.02807	0.0	0.05551	0.01723	0.00128	0.18375	0.02361	0.037
NA19684		2	MXL	AMR	2.0	train	2,3/6	2,3/6	0.968, 0.96	True	1.0	0.0292	0.02996	5.71477	4.73516	0.77063	0.51785	0.22128	0.00999	0.19746	0.00384	0.00461	0.00077	0.01229	0.00154	0.07914	0.03457	0.00077	0.07299	0.04226	0.03227
NA19685			MXL	AMR	2.0	train	3/6,3/6	3/6,3/6	0.997	True	1.0	0.02413	0.0464	0.21714	0.02505	2.07206	1.18218	0.11135	0.01114	0.24033	0.00093	0.00557	0.00093	0.02041	0.0	0.0798	0.00464	0.00278	0.13919	0.22177	0.00186
NA19686	2		MXL	AMR	2.0	train	2,3/6	2,3/6	0.946, 0.974	True	1.0	0.03092	0.0279	5.36056	4.39826	0.96834	0.55883	0.21418	0.00754	0.21644	0.00226	0.00754	0.0	0.0279	0.00075	0.06637	0.02564	0.00151	0.13273	0.17572	0.03846
NA19700	1	1	ASW	AFR	2.0	train	1,1	1,1	0.983	True	1.0	4.85879	4.71111	0.25133	0.13484	0.20088	0.00092	0.11099	0.01009	0.53569	0.01284	0.00367	0.00092	0.01192	0.00092	0.09448	0.03119	0.00092	0.12567	0.1064	0.0211
NA19701	9	4	ASW	AFR	2.0	train	4,9	4,9	0.978, 0.955	True	1.0	0.03013	0.02374	0.35425	0.02283	0.28395	0.00091	1.08558	0.92763	0.57064	0.00274	0.042	0.00913	8.51936	3.82554	0.06117	0.00913	0.0	0.07395	0.03743	0.00548
NA19702	4	1	ASW	AFR	2.0	train	1,4	1,4	0.946, 0.966	True	1.0	1.1494	1.13104	0.32868	0.1247	0.31031	0.00097	1.1639	0.929	0.65929	0.00193	0.0087	0.00193	0.0261	0.00097	0.0638	0.01933	0.0029	0.21171	0.10924	0.0058
NA19703	1	1	ASW	AFR	2.0	train	1,1	1,1	0.99	True	1.0	0.57677	0.54829	0.37897	0.03481	0.32913	0.0	0.19938	0.20887	0.30856	0.00237	0.01266	0.0	0.01582	0.00079	0.24764	0.03719	0.00316	0.1163	0.03798	0.00791
NA19704		12	ASW	AFR	2.0	train	12,3/6	12,3/6	0.848, 0.972	True	1.0	0.01955	0.03571	0.22784	0.04761	0.79405	0.39532	0.16833	0.0136	0.34006	0.00255	0.03486	0.0	0.01615	0.0	0.06121	0.00595	0.00085	0.09862	0.90627	0.57641
NA19705	12	1	ASW	AFR	2.0	test	1,12	12,12	0.611	False	1.0	0.02564	0.0271	0.29156	0.04688	0.22416	0.0	0.11501	0.10183	0.28057	0.00366	0.03223	0.0022	0.0293	0.00073	0.13406	0.00513	0.00073	0.2205	0.7201	0.58824
NA19707								1,3/6	0.982, 0.979		1.0	4.18811	4.00062	0.33718	0.06404	1.34717	0.58717	0.04784	0.03935	0.40353	0.00386	0.02623	0.00154	0.03086	0.0	0.10956	0.03395	0.0	0.10416	0.04321	0.01466
NA19711								3/6,7	0.972, 0.913		1.0	0.02174	0.03727	0.33649	0.05177	2.44034	1.38945	0.08697	0.01657	0.2899	0.00828	6.26495	2.99322	0.01657	0.0	0.04245	0.0	0.0	0.07558	0.02588	0.00207
NA19712								2,2	0.967		1.0	0.02805	0.02258	10.03619	7.08944	0.07594	0.00068	0.06089	0.00958	0.27709	0.00274	0.02053	0.0	0.00753	0.0	0.04516	0.01642	0.00137	0.08005	0.03763	0.04037
NA19713	1	1	ASW	AFR	2.0	train	1,1	1,1	0.997	True	1.0	3.90349	3.43318	0.27213	0.05719	0.23565	0.00394	0.1479	0.07395	0.31749	0.00394	0.00493	0.00099	0.0138	0.0	0.54426	0.12325	0.00099	0.15776	0.06014	0.04141
NA19716			MXL	AMR	2.0	train	3/6,3/6	3/6,3/6	0.996	True	1.0	0.02908	0.03362	0.27895	0.01454	3.30108	2.15438	0.0736	0.03907	0.29531	0.0	0.02635	0.0	0.01272	0.0	0.09177	0.02908	0.00091	0.13357	0.07633	0.0
NA19717	2		MXL	AMR	2.0	train	2,3/6	2,3/6	0.993, 0.985	True	1.0	0.01653	0.01653	10.23561	6.58725	0.90719	0.55031	0.16222	0.00428	0.22588	0.00428	0.00796	0.00061	0.0153	0.00184	0.03489	0.01224	0.00245	0.16222	0.06856	0.01592
NA19718			MXL	AMR	2.0	train	3/6,3/6	3/6,3/6	0.997	True	1.0	0.02926	0.03088	0.27305	0.03332	2.09256	1.22872	0.13815	0.01463	0.25517	0.00244	0.00813	0.00244	0.02763	0.00081	0.09833	0.00813	0.0	0.1861	0.11296	0.00163
NA19719			MXL	AMR	2.0	train	3/6,3/6	3/6,3/6	0.997	True	1.0	0.05515	0.04232	0.32576	0.0218	2.90877	1.65831	0.11543	0.01026	0.34244	0.00257	0.00385	0.00385	0.0218	0.00128	0.12697	0.00257	0.0	0.12569	0.06541	0.01154
NA19720	4		MXL	AMR	2.0	train	3/6,4	3/6,4	0.983, 0.991	True	1.0	0.03509	0.03429	0.32855	0.02552	1.1571	0.50478	1.45295	0.8118	0.50159	0.00478	0.00957	0.0	0.02392	0.0	0.10925	0.00638	0.0008	0.17225	0.04864	0.00478
NA19721			MXL	AMR	2.0	train	3/6,3/6	3/6,3/6	0.997	True	1.0	0.04432	0.05641	0.22564	0.04029	2.84329	1.68556	0.07656	0.01074	0.39621	0.01209	0.00806	0.00269	0.02552	0.0	0.14908	0.00269	0.00134	0.17326	0.02283	0.00403
NA19722			MXL	AMR	2.0	train	3/6,3/6	3/6,3/6	0.996	True	1.0	0.03384	0.03723	0.2414	0.04287	2.23237	1.33897	0.12521	0.0079	0.31021	0.0079	0.00338	0.00113	0.02594	0.0	0.13762	0.00677	0.00113	0.10716	0.13988	0.00338
NA19723			MXL	AMR	2.0	train	3/6,3/6	3/6,3/6	0.996	True	1.0	0.03093	0.02899	0.21455	0.03479	2.14645	1.15006	0.10244	0.00773	0.28606	0.00483	0.00193	0.0	0.01546	0.0	0.07731	0.00097	0.00097	0.1266	0.1295	0.00677
NA19724			MXL	AMR	2.0	test	3/6,3/6	3/6,3/6	0.997	True	1.0	0.02638	0.03581	0.20448	0.04617	1.89495	1.19577	0.06313	0.00942	0.21296	0.00188	0.00471	0.00094	0.0245	0.0	0.10648	0.00848	0.0	0.15265	0.12438	0.00565
NA19725			MXL	AMR	2.0	train	3/6,3/6	3/6,3/6	0.996	True	1.0	0.04812	0.03901	0.28349	0.01821	2.42009	1.24451	0.09493	0.0065	0.32641	0.0026	0.0091	0.0013	0.0143	0.0	0.09233	0.0117	0.0	0.12744	0.16385	0.0039
NA19726			MXL	AMR	2.0	train	3/6,3/6	3/6,3/6	0.996	True	1.0	0.03707	0.07837	0.29548	0.02648	2.37546	1.61611	0.16521	0.00847	0.35055	0.00212	0.01059	0.00106	0.01589	0.0	0.13026	0.00424	0.0	0.12391	0.22664	0.00953
NA19727			MXL	AMR	2.0	test	3/6,3/6	3/6,3/6	0.997	True	1.0	0.03708	0.04362	0.24973	0.03926	2.45262	1.4864	0.15377	0.01745	0.26173	0.00109	0.00327	0.0	0.03926	0.00218	0.08942	0.012	0.0	0.2421	0.17558	0.00436
NA19728			MXL	AMR	2.0	train	3/6,3/6	3/6,3/6	0.996	True	1.0	0.02785	0.02611	0.26549	0.02263	2.75328	1.51983	0.11055	0.04091	0.34732	0.00348	0.01915	0.0	0.01306	0.0	0.08444	0.02176	0.00087	0.11055	0.02873	0.00435
NA19729	1		MXL	AMR	2.0	train	1,3/6	1,3/6	0.97, 0.983	True	1.0	4.05415	3.84018	0.22605	0.0673	0.86191	0.4426	0.11302	0.01122	0.29248	0.0	0.00173	0.00173	0.00776	0.0	0.13718	0.02847	0.00086	0.13545	0.07592	0.00431
NA19730			MXL	AMR	2.0	train	3/6,3/6	3/6,3/6	0.996	True	1.0	0.03371	0.03272	0.24786	0.02181	2.47759	1.13916	0.10013	0.01388	0.34204	0.00297	0.00595	0.00099	0.02677	0.0	0.09815	0.01289	0.0	0.19333	0.08725	0.00991
NA19731	2		MXL	AMR	2.0	test	2,3/6	2,3/6	0.993, 0.983	True	1.0	0.01768	0.01768	10.38838	6.88033	0.82918	0.3227	0.10231	0.01389	0.20714	0.0	0.00568	0.00126	0.01137	0.0	0.03663	0.02021	0.00126	0.09031	0.0221	0.03031
NA19732		2	MXL	AMR	2.0	test	2,3/6	2,3/6	0.968, 0.989	True	1.0	0.02932	0.02566	8.82234	6.20386	0.53073	0.53147	0.13855	0.01026	0.26317	0.00147	0.00513	0.00147	0.01246	0.0	0.04252	0.03372	0.00073	0.0909	0.06451	0.0044
NA19733		2	MXL	AMR	2.0	train	2,3/6	2,3/6	0.976, 0.991	True	1.0	0.02344	0.02275	8.36016	5.85011	0.93412	0.37571	0.1365	0.00965	0.24335	0.00138	0.00965	0.00207	0.02275	0.00069	0.04481	0.01792	0.00069	0.19716	0.03723	0.00483
NA19734								3/6,3/6	0.995		1.0	0.02692	0.03213	0.19626	0.01389	2.13278	1.1567	0.09726	0.00695	0.25791	0.00087	0.00608	0.00087	0.01389	0.0	0.07816	0.02432	0.00087	0.09379	0.08163	0.00261
NA19735								2,3/6	0.985, 0.95		1.0	0.02331	0.02125	8.53427	6.01197	0.98863	0.40656	0.16317	0.00686	0.25161	0.00137	0.0048	0.00206	0.01234	0.00069	0.03222	0.08364	0.0	0.08776	0.02811	0.024
NA19740								1,1	0.99		1.0	6.8668	6.64038	0.26624	0.04216	0.1015	0.00078	0.08276	0.02264	0.52467	0.00312	0.02108	0.0	0.02264	0.0	0.12102	0.02733	0.0	0.14522	0.11868	0.00468
NA19741								3/6,3/6	0.996		1.0	0.03384	0.02729	0.2969	0.01856	2.23437	1.30875	0.08841	0.03384	0.37876	0.00437	0.00655	0.00109	0.01092	0.0	0.11243	0.03602	0.00109	0.11898	0.03384	0.00655
NA19746			MXL	AMR	2.0	train	3/6,3/6	3/6,3/6	0.997	True	1.0	0.03113	0.04047	0.20131	0.03424	2.59002	1.47868	0.08301	0.0166	0.30715	0.00208	0.00415	0.0	0.01349	0.00104	0.12452	0.00623	0.00104	0.12037	0.10792	0.00311
NA19747			MXL	AMR	2.0	train	3/6,3/6	3/6,3/6	0.994	True	1.0	0.04115	0.04478	0.66326	0.02421	2.75956	1.4173	0.17429	0.05689	0.38125	0.0	0.02663	0.0	0.02058	0.0	0.11014	0.01452	0.00121	0.19728	0.07504	0.00605
NA19748			MXL	AMR	2.0	train	3/6,3/6	3/6,3/6	0.997	True	1.0	0.03936	0.03241	0.22687	0.04051	2.37982	1.64481	0.12848	0.01158	0.35072	0.00463	0.00579	0.0	0.02662	0.0	0.09144	0.0081	0.00116	0.20488	0.13427	0.00347
NA19749			MXL	AMR	2.0	test	3/6,3/6	3/6,3/6	0.996	True	1.0	0.03075	0.02609	0.31593	0.01118	3.66536	2.11552	0.0466	0.0904	0.34855	0.00652	0.03262	0.00093	0.01118	0.00186	0.05405	0.03541	0.00186	0.10717	0.02982	0.00373
NA19750			MXL	AMR	2.0	test	3/6,3/6	3/6,3/6	0.997	True	1.0	0.02991	0.04444	0.21368	0.01709	2.56752	1.54701	0.08034	0.01282	0.38205	0.00256	0.02564	0.00085	0.02479	0.0	0.08291	0.00769	0.0	0.11368	0.04017	0.00256
NA19751			MXL	AMR	2.0	test	3/6,3/6	3/6,3/6	0.989	True	1.0	0.02135	0.04351	0.25862	0.02709	2.94009	1.523	0.07718	0.05419	0.40887	0.00493	0.03695	0.00082	0.02956	0.0	0.08621	0.02299	0.00246	0.18555	0.04516	0.00164
NA19752								2,2	0.993		1.0	0.02826	0.02826	10.9829	7.14901	0.10025	0.0	0.11909	0.05383	0.36872	0.00202	0.00538	0.00067	0.01009	0.0	0.04037	0.02961	0.0	0.11169	0.0148	0.03633
NA19755	2	2	MXL	AMR	2.0	test	2,2	2,2	0.994	True	1.0	0.01566	0.0174	13.08259	9.01172	0.08236	0.0	0.11658	0.00754	0.19777	0.00116	0.00812	0.0	0.00754	0.0	0.02436	0.02146	0.0	0.1015	0.00986	0.03248
NA19756		4	MXL	AMR	2.0	train	3/6,4	3/6,4	0.786, 0.993	True	1.0	0.02807	0.03194	0.40647	0.02226	1.14683	0.80907	0.38615	0.23227	0.43647	0.00097	0.00097	0.00097	0.01452	0.0	0.06387	0.00677	0.0	0.09678	0.08033	0.00097
NA19757	2	4	MXL	AMR	2.0	train	2,4	2,4	0.98, 0.707	True	1.0	0.02169	0.02892	9.82418	6.72857	0.25301	0.0008	0.36948	0.19036	0.38233	0.0008	0.00723	0.0008	0.01125	0.0	0.049	0.03293	0.0	0.18394	0.00884	0.00723
NA19758			MXL	AMR	2.0	train	3/6,3/6	3/6,3/6	0.996	True	1.0	0.02946	0.03634	0.29364	0.01768	2.74002	1.39751	0.10312	0.07955	0.28284	0.00098	0.02161	0.00196	0.01277	0.0	0.11098	0.04518	0.00098	0.13356	0.05696	0.00295
NA19759			MXL	AMR	2.0	train	3/6,3/6	3/6,3/6	0.991	True	1.0	0.02892	0.01735	0.28181	0.0157	2.14043	1.30822	0.09256	0.0314	0.28181	0.00083	0.01818	0.0	0.01074	0.00165	0.06198	0.01157	0.00165	0.12396	0.10413	0.00165
NA19760			MXL	AMR	2.0	train	3/6,3/6	3/6,3/6	0.996	True	1.0	0.03775	0.02745	0.21362	0.02488	2.04181	1.38637	0.1407	0.00772	0.2059	0.00343	0.00772	0.00086	0.02059	0.0	0.0918	0.00772	0.0	0.14928	0.12869	0.00343
NA19761			MXL	AMR	2.0	test	3/6,3/6	3/6,3/6	0.997	True	1.0	0.02622	0.04963	0.37176	0.02716	1.96089	1.208	0.11986	0.02341	0.25939	0.00468	0.00468	0.0	0.0206	0.00094	0.10769	0.00281	0.00094	0.20882	0.09458	0.00656
NA19762		1	MXL	AMR	2.0	train	1,3/6	1,3/6	0.909, 0.987	True	1.0	4.30093	4.18391	0.22086	0.01705	1.04927	0.60833	0.11934	0.01085	0.41847	0.00387	0.00465	0.0	0.00852	0.0	0.12167	0.00775	0.0	0.11159	0.04882	0.00465
NA19763		1	MXL	AMR	2.0	train	1,3/6	1,3/6	0.916, 0.982	True	1.0	3.45565	3.34826	0.24123	0.02148	1.16813	0.63529	0.12887	0.02726	0.33788	0.0033	0.00909	0.00083	0.02231	0.0	0.10409	0.00496	0.0	0.20901	0.07766	0.00083
NA19764								2,3/6	0.987, 0.992		1.0	0.02763	0.02526	5.18427	3.07678	0.93614	0.59988	0.11524	0.01263	0.20286	0.0	0.03394	0.0	0.01105	0.0	0.06709	0.01421	0.0	0.07104	0.07814	0.01658
NA19770			MXL	AMR	2.0	train	3/6,3/6	3/6,3/6	0.996	True	1.0	0.02556	0.02934	0.23001	0.0142	2.62573	1.29488	0.09087	0.01988	0.30952	0.00284	0.01609	0.0	0.01325	0.0	0.06058	0.02272	0.0	0.10601	0.06815	0.00568
NA19771			MXL	AMR	2.0	train	3/6,3/6	3/6,3/6	0.997	True	1.0	0.03815	0.02616	0.23547	0.01635	2.129	1.39753	0.10247	0.0109	0.31068	0.00327	0.00436	0.0	0.01199	0.0	0.121	0.00436	0.00218	0.10029	0.04688	0.00654
NA19772			MXL	AMR	2.0	test	3/6,3/6	3/6,3/6	0.996	True	1.0	0.03216	0.04484	0.26999	0.05263	2.29246	1.18327	0.08772	0.0078	0.30703	0.00682	0.00487	0.00097	0.02339	0.00097	0.0731	0.0039	0.00097	0.18324	0.08675	0.00292
NA19773	2	1	MXL	AMR	2.0	test	1,2	1,2	0.977, 0.983	True	1.0	2.89774	2.69547	4.94122	3.9098	0.08392	0.00072	0.17286	0.01004	0.2661	0.00143	0.00574	0.00143	0.01004	0.0	0.08966	0.02008	0.00143	0.11691	0.01793	0.03801
NA19774	4	4	MXL	AMR	2.0	train	4,4	4,4	0.974	True	1.0	0.02809	0.02894	0.45282	0.01362	0.20513	0.0	2.77482	1.36188	0.83074	0.0017	0.00255	0.0	0.01362	0.0	0.0698	0.02298	0.00085	0.17279	0.01702	0.00851
NA19775	1	4	MXL	AMR	2.0	train	1,4	1,4	0.952, 0.938	True	1.0	3.5187	3.34497	0.27941	0.02562	0.23938	0.0008	1.05361	0.53881	0.67332	0.0024	0.00881	0.0	0.02642	0.0	0.10648	0.03523	0.0016	0.22497	0.02722	0.01041
NA19776	2	4	MXL	AMR	2.0	train	2,4	2,4	0.985, 0.915	True	1.0	0.01744	0.0162	6.59856	4.41835	0.16819	0.0	1.54483	0.71013	0.33824	0.00062	0.00561	0.0	0.00748	0.0	0.05108	0.04796	0.00062	0.10154	0.01993	0.00374
NA19777		7	MXL	AMR	2.0	train	3/6,7	3/6,7	0.983, 0.979	True	1.0	0.02847	0.04372	0.29385	0.02237	0.73005	0.24911	0.08643	0.03254	0.32537	0.0061	9.87504	3.76211	0.01627	0.0	0.07016	0.00915	0.0	0.04677	0.00508	0.00407
NA19778	4	7	MXL	AMR	2.0	train	4,7	4,7	0.899, 0.956	True	1.0	0.02847	0.02617	0.37324	0.0531	0.28089	0.00077	1.897	0.82575	0.42942	0.01	7.3148	2.85897	0.03309	0.0	0.07542	0.01616	0.00154	0.18008	0.01308	0.00693
NA19779			MXL	AMR	2.0	train	3/6,3/6	3/6,3/6	0.996	True	1.0	0.02831	0.03561	0.29953	0.021	2.70853	1.92592	0.08675	0.05388	0.26939	0.00091	0.021	0.0	0.01187	0.0	0.04109	0.03561	0.0	0.1315	0.08036	0.00457
NA19780			MXL	AMR	2.0	train	3/6,3/6	3/6,3/6	0.996	True	1.0	0.03492	0.03155	0.30982	0.03042	2.19351	0.93734	0.15547	0.00789	0.33911	0.01127	0.00789	0.0	0.00901	0.0	0.05182	0.00676	0.00113	0.08562	0.178	0.00338
NA19781			MXL	AMR	2.0	train	3/6,3/6	3/6,3/6	0.996	True	1.0	0.0338	0.03654	0.26399	0.02284	2.5084	1.37478	0.05755	0.03471	0.27678	0.00365	0.02284	0.00091	0.01462	0.0	0.0539	0.03563	0.00274	0.16534	0.11144	0.00365
NA19782		10	MXL	AMR	2.0	train	10,3/6	10,3/6	0.935, 0.956	True	1.0	0.03328	0.03933	0.30157	0.05648	1.50279	0.55876	0.20676	0.0121	0.28341	0.00605	0.00908	0.00101	0.0121	0.0	2.16139	2.08978	0.0	0.19062	0.04337	0.05951
NA19783			MXL	AMR	2.0	test	3/6,3/6	3/6,3/6	0.996	True	1.0	0.02779	0.02938	0.30969	0.03415	3.13105	1.78747	0.07464	0.03573	0.31287	0.00159	0.04129	0.00079	0.01271	0.00079	0.08258	0.02541	0.00079	0.11355	0.02144	0.00476
NA19784	10		MXL	AMR	2.0	train	10,3/6	10,3/6	0.917, 0.959	True	1.0	0.02862	0.03046	0.29079	0.05262	1.71702	0.91205	0.18093	0.03969	0.27325	0.00462	0.02585	0.0	0.02216	0.0	2.13889	2.0272	0.00185	0.26309	0.04154	0.0517
NA19785	5		MXL	AMR	2.0	test	3/6,5	3/6,5	0.974, 0.976	True	1.0	0.03483	0.03367	0.2531	0.04876	1.41759	0.54335	0.11146	0.01161	4.20401	1.41179	0.74072	0.00348	0.12307	0.00116	0.1428	0.00813	0.0	0.07082	0.03947	0.00697
NA19786			MXL	AMR	2.0	train	3/6,3/6	3/6,3/6	0.996	True	1.0	0.03154	0.033	0.28676	0.01393	1.81445	1.22112	0.08874	0.10634	0.25303	0.00073	0.01907	0.0	0.01173	0.0	0.06161	0.0374	0.00147	0.10121	0.06747	0.00147
NA19787			MXL	AMR	2.0	test	3/6,3/6	3/6,3/6	0.997	True	1.0	0.03211	0.04817	0.29973	0.04603	1.92901	1.21392	0.09955	0.02034	0.32007	0.00856	0.00642	0.00107	0.02034	0.0	0.08564	0.00428	0.0	0.19269	0.1124	0.00107
NA19788			MXL	AMR	2.0	test	3/6,3/6	3/6,3/6	0.997	True	1.0	0.03534	0.02702	0.24527	0.01767	2.30511	1.18685	0.12575	0.01351	0.31282	0.00416	0.01039	0.00104	0.0343	0.0	0.07898	0.0052	0.0	0.10081	0.05508	0.01039
NA19789		2	MXL	AMR	2.0	train	2,3/6	2,3/6	0.988, 0.976	True	1.0	0.0246	0.01429	7.56703	5.14866	0.6032	0.41986	0.14842	0.0373	0.26668	0.00079	0.00556	0.00635	0.00873	0.0	0.06111	0.02302	0.00159	0.11191	0.20001	0.02937
NA19790		2	MXL	AMR	2.0	train	2,3/6	2,3/6	0.991, 0.978	True	1.0	0.01524	0.01829	7.32317	4.96341	0.88262	0.39634	0.1654	0.02134	0.33308	0.00229	0.00534	0.00076	0.02363	0.0	0.05793	0.0343	0.00229	0.15244	0.03277	0.02591
NA19792								3/6,3/6	0.997		1.0	0.04017	0.02308	0.22565	0.04872	1.75053	0.8821	0.05214	0.01111	0.19232	0.00855	0.00427	0.00171	0.00855	0.00171	0.06582	0.00342	0.00085	0.09231	0.16839	0.00171
NA19794	1	1	MXL	AMR	2.0	test	1,1	1,1	0.997	True	1.0	5.70147	5.46046	0.21953	0.09465	0.09465	0.00159	0.08511	0.01511	0.64269	0.00239	0.00636	0.0	0.01432	0.0	0.18215	0.035	0.0	0.10897	0.10022	0.02068
NA19795	2	2	MXL	AMR	2.0	train	2,2	2,2	0.997	True	1.0	0.01543	0.0178	16.29891	10.46249	0.10739	0.0	0.11332	0.01246	0.19283	0.00178	0.00475	0.00059	0.00949	0.0	0.03204	0.02136	0.00059	0.12044	0.00593	0.04035
NA19796	1	2	MXL	AMR	2.0	train	1,2	1,2	0.977, 0.912	True	1.0	2.41601	2.29346	9.24537	6.23881	0.2218	0.0	0.12754	0.01109	0.24676	0.00222	0.0122	0.0	0.02218	0.0	0.0743	0.02384	0.00111	0.19962	0.03161	0.03161
NA19818		2	ASW	AFR	2.0	train	2,3/6	2,3/6	0.962, 0.99	True	1.0	0.02359	0.02144	6.08877	3.55404	1.68338	0.73626	0.16155	0.0143	0.21945	0.00429	0.02573	0.00071	0.04289	0.00071	0.0529	0.00929	0.00286	0.15297	0.09864	0.05147
NA19819	2	1	ASW	AFR	2.0	train	1,2	2,2	0.979	False	1.0	0.02147	0.02885	3.89384	3.01632	0.31129	0.00067	0.18047	0.15632	0.28915	0.00537	0.00939	0.00134	0.01208	0.0	0.08453	0.01073	0.0	0.07044	0.04025	0.03287
NA19828	1	2	ASW	AFR	2.0	train	1,2	2,2	0.994	False	1.0	0.02232	0.02111	5.59319	3.20705	0.25695	0.0006	0.19	0.14476	0.2479	0.00121	0.00302	0.0	0.02654	0.0	0.0573	0.00724	0.0006	0.12003	0.10736	0.03559
NA19834	1	11	ASW	AFR	2.0	train	1,11	1,11	0.996, 0.786	True	1.0	1.86239	1.57009	0.28376	0.05128	0.22479	0.00085	0.10769	0.01026	0.60171	0.00085	0.00769	0.0	0.0094	0.00085	0.19402	0.0188	0.01966	0.57179	0.0735	0.0453
NA19835	4	2	ASW	AFR	2.0	train	2,4	2,4	0.961, 0.933	True	1.0	0.04794	0.02888	5.00188	3.69654	0.15075	0.00058	1.69174	0.74739	0.44474	0.00231	0.00347	0.00116	0.01559	0.0	0.06007	0.01097	0.00058	0.13862	0.0052	0.03061
NA19836	2	11	ASW	AFR	2.0	train	11,2	11,2	0.961, 0.718	True	1.0	0.01832	0.0231	5.05993	3.84055	0.24212	0.0	0.05814	0.0231	0.51133	0.00478	0.00796	0.0008	0.0223	0.0	0.03903	0.00239	0.01354	0.48186	0.04142	0.03584
NA19900	1	7	ASW	AFR	2.0	test	1,7	1,7	0.978, 0.912	True	1.0	1.49516	1.49274	0.33374	0.02913	0.23301	0.00121	0.08374	0.00607	0.37258	0.00971	6.40299	4.19908	0.01578	0.0	0.09587	0.02306	0.00121	0.04854	0.11772	0.01214
NA19901			ASW	AFR	2.0	train	3/6,3/6	3/6,3/6	0.992	True	1.0	0.03862	0.05425	0.26942	0.08092	2.90015	1.80409	0.07724	0.05149	0.22068	0.00368	0.00276	0.0	0.01931	0.0	0.13701	0.0046	0.0	0.14069	0.06437	0.01747
NA19902		7	ASW	AFR	2.0	test	3/6,7	3/6,7	0.973, 0.878	True	1.0	0.04439	0.03884	0.25301	0.02219	1.39821	1.04977	0.07435	0.0233	0.23082	0.00999	5.50408	3.74078	0.0233	0.0	0.08767	0.01221	0.00111	0.12651	0.06103	0.00222
NA19904								1,7	0.968, 0.823		1.0	3.64949	3.55923	0.25915	0.07571	0.03009	0.00291	0.07959	0.03591	0.35816	0.00291	7.0243	3.44664	0.01359	0.00194	0.0728	0.02815	0.0	0.08833	0.02524	0.01068
NA19908			ASW	AFR	2.0	test	3/6,3/6	3/6,3/6	0.993	True	1.0	0.01767	0.02945	0.28564	0.02724	2.93446	1.55189	0.09644	0.01031	0.27902	0.00294	0.01988	0.00074	0.02061	0.0	0.0692	0.01031	0.00074	0.10307	0.19656	0.00221
NA19909		1	ASW	AFR	2.0	test	1,3/6	1,3/6	0.998, 0.858	True	1.0	1.67463	1.49766	0.34731	0.12167	1.23993	0.29201	0.10729	0.04977	0.40262	0.00111	0.00553	0.00111	0.01659	0.0	0.31524	0.04093	0.0	0.12831	0.03982	0.05088
NA19913								3/6,7	0.974, 0.914		1.0	0.05613	0.0784	0.30114	0.05257	1.54314	0.95778	0.09355	0.01782	0.38044	0.01247	6.62337	3.24932	0.01158	0.0	0.06682	0.00802	0.00089	0.05078	0.03118	0.01782
NA19914								1,3/6	0.966, 0.952		1.0	2.91511	2.77815	0.28347	0.07087	2.05276	0.69195	0.0844	0.0207	0.55101	0.0	0.02309	0.0	0.02389	0.0	0.08998	0.17677	0.0	0.14253	0.11068	0.02309
NA19916		4	ASW	AFR	2.0	train	3/6,4	3/6,4	0.755, 0.991	True	1.0	0.02052	0.02238	0.24933	0.01617	1.48418	0.6168	0.18964	0.37804	0.50239	0.00187	0.01679	0.0	0.01741	0.0	0.06218	0.01554	0.00124	0.14239	0.04912	0.00435
NA19917	4	12	ASW	AFR	2.0	train	12,4	12,4	0.899, 0.741	True	1.0	0.01657	0.02367	0.36681	0.02189	0.23369	0.00059	1.48085	0.68688	0.35439	0.00059	0.01302	0.0	0.03195	0.0	0.0917	0.1272	0.00118	0.14672	1.6755	0.0213
NA19918	12	4	ASW	AFR	2.0	train	12,4	12,4	0.752, 0.716	True	1.0	0.01894	0.02249	0.18289	0.01361	0.2332	0.00059	0.25569	0.30719	0.3794	0.00178	0.01421	0.00118	0.04321	0.0	0.05978	0.11778	0.0	0.20598	1.58329	0.01421
NA19919	1		ASW	AFR	2.0	train	1,3/6	1,3/6	0.987, 0.937	True	1.0	1.38879	1.26885	0.23493	0.02577	2.51291	1.08248	0.11003	0.02478	0.41733	0.00297	0.01784	0.0	0.02974	0.00099	0.20619	0.03767	0.00099	0.16158	0.02776	0.05155
NA19920	2		ASW	AFR	2.0	train	2,3/6	2,3/6	0.901, 0.986	True	1.0	0.02855	0.03497	4.57368	3.40385	1.95994	0.76728	0.09279	0.00928	0.33332	0.005	0.01927	0.0	0.01213	0.00071	0.07423	0.005	0.00071	0.08708	0.01499	0.02926
NA19921	1	5	ASW	AFR	2.0	train	1,5	1,5	0.981, 0.936	True	1.0	1.73177	1.41073	0.2597	0.04046	0.15138	0.00131	0.14225	0.01566	5.21879	1.58169	0.73342	0.00261	0.15138	0.0	0.60423	0.08613	0.0	0.10179	0.02219	0.03915
NA19922	4		ASW	AFR	2.0	train	3/6,4	3/6,4	0.864, 0.962	True	1.0	0.02103	0.02826	0.54675	0.02169	1.89917	1.21573	1.80257	0.69132	0.38903	0.00329	0.00723	0.00197	0.02497	0.00066	0.1104	0.00197	0.0	0.1748	0.05783	0.0092
NA19923	1	2	ASW	AFR	2.0	test	1,2	1,2	0.971, 0.976	True	1.0	1.20134	1.1024	8.47938	5.75035	0.14969	0.00064	0.18502	0.08737	0.24926	0.00128	0.01992	0.0	0.0167	0.0	0.17602	0.02505	0.0	0.07838	0.01735	0.01927
NA19924	2		ASW	AFR	2.0	test	2,3/6	2,3/6	0.939, 0.982	True	1.0	0.0169	0.0169	7.00588	4.62261	1.57156	0.98011	0.11363	0.02914	0.18588	0.00117	0.00758	0.00058	0.02156	0.0	0.07517	0.00758	0.00117	0.14568	0.02622	0.01573
NA19982	1	1	ASW	AFR	2.0	test	1,1	1,1	0.997	True	1.0	4.31206	4.1379	0.30222	0.08606	0.21104	0.00102	0.17109	0.02151	0.43336	0.00307	0.00512	0.00102	0.01537	0.00307	0.37496	0.04405	0.00307	0.14957	0.05122	0.04098
NA19983	1	1	ASW	AFR	2.0	test	1,1	1,1	0.997	True	1.0	3.34618	3.02351	0.25667	0.044	0.29439	0.00314	0.2022	0.04295	0.31534	0.00524	0.01152	0.0021	0.02829	0.0	0.70192	0.07334	0.00105	0.23363	0.06181	0.05238
NA19984								2,2	0.994		1.0	0.01553	0.02052	8.62778	6.00379	0.0915	0.0	0.21626	0.00665	0.29556	0.00055	0.00499	0.0	0.01054	0.0	0.03216	0.00943	0.00111	0.0926	0.03327	0.03993
NA20126	4	1	ASW	AFR	2.0	train	1,4	1,4	0.952, 0.95	True	1.0	1.48827	1.33255	0.38632	0.01957	0.37185	0.00085	1.8363	1.07302	0.51396	0.00511	0.01361	0.0	0.01191	0.0	0.10466	0.06297	0.00255	0.16338	0.03489	0.01872
NA20127	1	1	ASW	AFR	2.0	train	1,1	1,1	0.997	True	1.0	3.24185	2.70342	0.29815	0.03857	0.31985	0.01125	0.221	0.09161	0.37851	0.00321	0.00804	0.0	0.01688	0.0	0.26922	0.08358	0.0008	0.10126	0.01929	0.01848
NA20128	1	1	ASW	AFR	2.0	train	1,1	1,1	0.997	True	1.0	3.86161	3.21614	0.25107	0.03279	0.51151	0.01218	0.1424	0.09649	0.34475	0.00468	0.02904	0.00094	0.0178	0.00094	0.15458	0.13116	0.00094	0.23233	0.02248	0.02623
NA20129	5		ASW	AFR	2.0	train	3/6,5	3/6,5	0.98, 0.987	True	1.0	0.03531	0.03635	0.25549	0.05505	2.76993	0.99601	0.08724	0.01142	4.84089	1.50077	0.68755	0.0	0.11321	0.0	0.11321	0.00831	0.0	0.13294	0.01973	0.0135
NA20274								1,3/6	0.985, 0.972		1.0	3.53869	3.44151	0.23153	0.07527	1.20815	0.49927	0.11052	0.02096	0.38588	0.0	0.00762	0.00095	0.01143	0.0	0.14006	0.02096	0.0	0.1696	0.09623	0.0181
NA20276								3/6,3/6	0.997		1.0	0.02463	0.02463	0.29554	0.02873	2.97261	1.65911	0.1215	0.0353	0.17814	0.00082	0.00657	0.0	0.01313	0.0	0.09277	0.00821	0.0	0.12725	0.07799	0.0041
NA20278			ASW	AFR	2.0	train	3/6,3/6	3/6,3/6	0.986	True	1.0	0.03876	0.04818	0.32158	0.01781	3.13201	1.17843	0.09427	0.08485	0.45461	0.00209	0.03561	0.00105	0.01781	0.0	0.10789	0.19798	0.00419	0.12675	0.05342	0.00628
NA20279	1		ASW	AFR	2.0	train	1,3/6	1,3/6	0.974, 0.954	True	1.0	3.9572	3.82294	0.30952	0.09942	1.49433	0.3536	0.09327	0.03792	0.5596	0.0041	0.02357	0.0	0.0369	0.0	0.10044	0.21831	0.00102	0.22241	0.07584	0.02767
NA20281								2,3/6	0.985, 0.979		1.0	0.02246	0.0247	7.38742	4.89176	1.32044	0.52773	0.13249	0.03743	0.34508	0.00225	0.01347	0.0	0.02844	0.00075	0.03892	0.02545	0.00225	0.12875	0.06662	0.04192
NA20282	1	1	ASW	AFR	2.0	train	1,1	1,1	0.987	True	1.0	6.41498	6.14171	0.30817	0.15865	0.15284	0.00083	0.12376	0.02658	0.38043	0.00332	0.00581	0.0	0.0108	0.0	0.10134	0.03821	0.00083	0.14868	0.0299	0.01994
NA20287								1,1	0.985		1.0	2.86459	2.83009	0.36083	0.07475	0.3086	0.00096	0.20222	0.17059	0.37856	0.0	0.00863	0.0	0.02252	0.00048	0.09871	0.01629	0.0	0.12651	0.09488	0.01917
NA20289								1,4	0.975, 0.894		1.0	3.73196	3.61797	0.24203	0.0851	0.14522	0.00156	0.79792	0.61991	0.55667	0.00156	0.00468	0.0	0.01796	0.0	0.12258	0.02186	0.0	0.15693	0.03123	0.00468
NA20291								1,1	0.997		1.0	3.90887	3.14405	0.32375	0.04128	0.33353	0.00109	0.12928	0.04563	0.40523	0.00217	0.00435	0.00326	0.01738	0.00109	0.48997	0.05975	0.00217	0.12928	0.03042	0.05541
NA20294								2,3/6	0.942, 0.982		1.0	0.02235	0.02863	6.70945	5.09547	1.11114	0.37853	0.10965	0.01257	0.32475	0.0014	0.00698	0.0021	0.01816	0.0007	0.0852	0.00419	0.0	0.11035	0.07543	0.02933
NA20296								1,3/6	0.976, 0.942		1.0	0.71152	0.67803	0.24833	0.03069	0.96543	1.16214	0.11998	0.23299	0.81475	0.00419	0.00698	0.0	0.01256	0.0	0.3725	0.05581	0.0	0.06976	0.09208	0.00279
NA20298								2,3/6	0.946, 0.988		1.0	0.01688	0.0204	1.74076	1.26531	1.84626	0.8011	0.15333	0.01407	0.37066	0.00352	0.02813	0.0007	0.01407	0.0	0.04501	0.00422	0.0	0.07807	0.0204	0.01618
NA20299								2,3/6	0.962, 0.988		1.0	0.01217	0.02028	5.078	3.90665	0.99289	0.348	0.05516	0.00892	0.32285	0.00243	0.00487	0.00081	0.01703	0.0	0.06246	0.00568	0.0	0.09896	0.03813	0.01622
NA20314								3/6,3/6	0.996		1.0	0.03682	0.04313	0.27668	0.02946	2.32497	1.38762	0.1294	0.00526	0.2851	0.0021	0.00105	0.00105	0.01578	0.0	0.11467	0.00526	0.0	0.13255	0.07259	0.00736
NA20317								1,3/6	0.976, 0.924		1.0	2.00694	1.70544	0.26009	0.02459	1.00411	1.10763	0.09575	0.09705	0.69356	0.00518	0.01165	0.00129	0.01165	0.0	0.3649	0.06082	0.00259	0.0647	0.11128	0.03235
NA20318								2,3/6	0.778, 0.937		1.0	0.04076	0.04076	4.82368	3.25292	0.81799	0.88774	0.09874	0.08153	0.65403	0.00544	0.02718	0.0	0.01902	0.0	0.10417	0.00362	0.00091	0.07881	0.0616	0.03623
NA20320								1,7	0.996, 0.949		1.0	1.83584	1.33964	0.61475	0.06609	0.21401	0.0021	0.21191	0.12589	0.22764	0.02308	6.89963	2.6048	0.03881	0.00105	0.23079	0.03147	0.0042	0.13638	0.01783	0.03672
NA20321								3/6,7	0.982, 0.903		1.0	0.03909	0.03432	0.43954	0.07818	1.6161	0.6493	0.10393	0.06293	0.25743	0.01049	7.08034	2.63534	0.01144	0.0	0.05149	0.01335	0.0	0.0677	0.02002	0.00191
NA20332								1,2	0.98, 0.975		1.0	2.79867	2.69323	1.59223	1.24812	0.0989	0.00082	0.12015	0.01716	0.33921	0.00163	0.0049	0.00082	0.0188	0.0	0.08582	0.02043	0.0	0.09481	0.00981	0.04496
NA20334								1,3/6	0.997, 0.934		1.0	3.83633	3.68385	0.23188	0.06225	0.97532	0.65142	0.14165	0.02165	0.35729	0.00361	0.01263	0.0018	0.01353	0.0	0.16962	0.03429	0.0	0.13714	0.04962	0.01714
NA20339								3/6,3/6	0.997		1.0	0.03039	0.04314	0.43038	0.04608	2.72152	1.40782	0.1147	0.03333	0.3794	0.00196	0.02255	0.00196	0.06274	0.0	0.05882	0.00392	0.00098	0.10588	0.12941	0.00784
NA20340								10,4	0.742, 0.734		1.0	0.0271	0.01965	0.25001	0.02981	0.34893	0.0	0.25069	0.561	0.60436	0.00068	0.00745	0.00068	0.01762	0.0	2.576	1.4147	0.0	0.18429	0.0603	0.0061
NA20342								1,1	0.996		1.0	5.34333	4.84294	0.25497	0.04997	0.20133	0.00147	0.09699	0.1014	0.31155	0.0022	0.00808	0.00073	0.00661	0.00073	0.32477	0.0338	0.00073	0.12785	0.07862	0.03086
NA20346								1,1	0.997		1.0	3.82799	3.32827	0.27305	0.01476	0.28886	0.00316	0.19715	0.14338	0.35107	0.00633	0.00949	0.00105	0.01581	0.00105	0.22139	0.09805	0.00105	0.11808	0.03057	0.04112
NA20348								1,10	0.812, 0.992		1.0	0.59125	0.58386	0.25867	0.07391	0.18793	0.00106	0.28296	0.29668	0.32941	0.01267	0.00633	0.0	0.00739	0.00211	2.64797	2.57829	0.00106	0.13198	0.07285	0.0549
NA20351								1,12	0.97, 0.849		1.0	1.49211	1.34235	0.2298	0.02456	0.16799	0.00079	0.14501	0.07528	0.37877	0.0	0.03566	0.00158	0.01189	0.0	0.09826	0.06181	0.00079	0.10539	1.51192	0.78211
NA20355								1,1	0.99		1.0	6.59391	6.39586	0.43897	0.11146	0.15089	0.00171	0.16804	0.02744	0.56242	0.00257	0.00429	0.00171	0.02315	0.0	0.11231	0.04801	0.0	0.24092	0.03172	0.04287
NA20356	1	11	ASW	AFR	2.0	train	1,11	1,11	0.638, 0.951	True	1.0	0.02165	0.02504	0.25983	0.02233	0.37418	0.0	0.20637	0.14615	0.35726	0.00406	0.07984	0.0	0.0291	0.0	0.08323	0.00406	2.01028	1.3844	0.06699	0.04398
NA20357	2	1	ASW	AFR	2.0	train	1,2	1,2	0.997, 0.932	True	1.0	1.47451	1.27679	4.40411	2.93636	0.16815	0.00084	0.14787	0.02704	0.35067	0.00422	0.00591	0.00084	0.01183	0.00169	0.32955	0.0414	0.00169	0.09379	0.03464	0.05999
NA20358	1	11	ASW	AFR	2.0	train	1,11	1,11	0.994, 0.956	True	1.0	1.3152	1.15213	0.177	0.00983	0.14422	0.0	0.11718	0.01885	0.33515	0.00164	0.10653	0.00246	0.01065	0.0	0.29008	0.02868	2.45913	1.68722	0.07703	0.06474
NA20359								1,9	0.993, 0.968		1.0	1.68444	1.40576	0.52226	0.03716	0.28384	0.00103	0.24461	0.03716	0.289	0.00516	0.04645	0.02477	8.95889	3.97473	0.25597	0.04954	0.0	0.09392	0.06296	0.03819
NA20362								1,1	0.997		1.0	4.70219	4.32758	0.24779	0.07008	0.141	0.0025	0.1702	0.04922	0.52478	0.00584	0.00667	0.0	0.01585	0.00083	0.36042	0.04672	0.0	0.09761	0.01669	0.04338
NA20412								2,3/6	0.857, 0.987		1.0	0.04476	0.04476	4.19808	3.07356	1.70077	0.76437	0.08182	0.00839	0.33288	0.0028	0.01469	0.0007	0.02448	0.0	0.06923	0.00559	0.0	0.08392	0.03357	0.01818
NA20502								2,3/6	0.945, 0.986		1.0	0.02696	0.02038	6.56019	4.37521	1.85095	1.27298	0.12296	0.03945	0.26367	0.00132	0.01578	0.0	0.01315	0.00066	0.04405	0.04208	0.00066	0.14663	0.03025	0.03222
NA20503								3/6,3/6	0.99		1.0	0.01672	0.02701	0.28104	0.01608	2.33131	1.3364	0.11962	0.0238	0.38073	0.00386	0.01929	0.00129	0.01158	0.00064	0.05274	0.00707	0.00064	0.09904	0.15949	0.00386
NA20504								3/6,3/6	0.986		1.0	0.02347	0.03521	0.58875	0.03325	2.69924	1.13153	0.15746	0.06064	0.38435	0.00782	0.00685	0.0	0.03423	0.00098	0.06357	0.03814	0.00196	0.20635	0.09193	0.00978
NA20505								3/6,4	0.938, 0.947		1.0	0.02643	0.04067	0.53578	0.02745	1.05021	0.4392	1.12036	0.36092	0.60288	0.00203	0.0061	0.00102	0.0305	0.0	0.05897	0.01017	0.00102	0.24603	0.10167	0.01728
NA20506								1,2	0.995, 0.596		1.0	2.075	1.77547	0.72616	0.20182	0.27846	0.0	0.21714	0.08111	0.21459	0.00447	0.00766	0.01597	0.02427	0.00064	0.23822	0.02427	0.00064	0.16924	0.01916	0.08047
NA20507								1,3/6	0.941, 0.929		1.0	3.96568	3.85688	0.40622	0.0386	1.36693	0.4536	0.19214	0.03509	0.47816	0.00351	0.00351	0.00175	0.02106	0.00175	0.1474	0.00439	0.0	0.21232	0.16582	0.01492
NA20508								3/6,3/6	0.994		1.0	0.03899	0.04618	0.51821	0.02771	2.15185	1.47459	0.16111	0.05541	0.29964	0.00924	0.01642	0.0	0.03592	0.00103	0.05849	0.01847	0.00103	0.24115	0.07799	0.00718
NA20509								3/6,3/6	0.996		1.0	0.0378	0.03093	0.26893	0.02406	2.59818	1.40735	0.10912	0.02921	0.36859	0.00172	0.02835	0.0	0.01117	0.0	0.10826	0.02148	0.0	0.12286	0.07303	0.00516
NA20510								3/6,3/6	0.984		1.0	0.02456	0.02538	0.58284	0.02619	2.721	1.54632	0.13343	0.01801	0.35609	0.00491	0.05239	0.00164	0.01801	0.0	0.04993	0.03766	0.00327	0.21202	0.02128	0.0131
NA20511								1,3/6,4	0.887, 0.663, 0.905		1.0	4.85739	4.73221	0.59781	0.04563	0.69433	0.16905	0.64344	0.34336	0.41063	0.00351	0.02515	0.00117	0.02223	0.00058	0.0854	0.01111	0.00117	0.24509	0.04621	0.00819
NA20512								3/6,3/6	0.987		1.0	0.03411	0.03913	0.30502	0.02709	2.22742	1.03645	0.10936	0.08127	0.36321	0.00301	0.00502	0.001	0.01304	0.0	0.06421	0.02007	0.0	0.09431	0.0913	0.00903
NA20513								1,3/6	0.98, 0.956		1.0	4.54253	4.32085	0.4559	0.0423	1.22591	0.61413	0.1739	0.04465	0.36817	0.00627	0.02272	0.00157	0.0329	0.0	0.11358	0.02663	0.00157	0.25537	0.04465	0.0094
NA20514								3/6,5	0.934, 0.935		1.0	0.01504	0.02865	0.41762	0.05516	0.84168	0.41618	0.17478	0.00501	7.80075	3.0236	0.65114	0.01361	0.16189	0.00072	0.10888	0.00716	0.0	0.06519	0.07736	0.01218
NA20515								1,3/6	0.99, 0.98		1.0	2.09007	1.91906	0.23126	0.03207	1.22917	0.58981	0.09814	0.07676	0.29345	0.0	0.00194	0.0	0.01166	0.00097	0.30705	0.06802	0.00194	0.11077	0.06802	0.00583
NA20516								2,3/6	0.944, 0.989		1.0	0.03441	0.03019	5.38419	3.08811	1.39871	0.62001	0.11024	0.02949	0.33774	0.0014	0.01545	0.0007	0.01194	0.0007	0.04283	0.02809	0.0007	0.0969	0.07794	0.01966
NA20517								1,4	0.936, 0.772		1.0	4.08354	3.90924	0.30778	0.03847	0.15938	0.00079	0.45224	0.47266	0.50642	0.00314	0.00785	0.01335	0.01492	0.00079	0.10442	0.00785	0.0	0.14368	0.03298	0.01492
NA20518								1,3/6	0.986, 0.895		1.0	3.25951	3.16777	0.43435	0.0571	0.67025	0.48022	0.21998	0.02902	0.4278	0.00468	0.00749	0.00094	0.01591	0.00094	0.13667	0.02153	0.00094	0.17037	0.23496	0.02621
NA20519								3/6,3/6	0.997		1.0	0.03585	0.04438	0.26375	0.02731	2.59564	1.20692	0.11352	0.03841	0.32093	0.00256	0.00939	0.00085	0.00939	0.0	0.08535	0.00854	0.0	0.09474	0.04012	0.00341
NA20520								3/6,3/6	0.996		1.0	0.05131	0.07552	0.25463	0.01162	2.11936	1.14149	0.07745	0.00581	0.32918	0.00387	0.00678	0.0	0.01355	0.0	0.12683	0.0029	0.00097	0.1036	0.1036	0.00194
NA20521								3/6,4	0.957, 0.985		1.0	0.02664	0.0226	0.3269	0.01372	1.26887	0.72242	1.91299	0.79506	0.50609	0.00081	0.00726	0.01211	0.01211	0.0	0.08072	0.00646	0.0	0.13803	0.03794	0.00404
NA20522								3/6,4	0.985, 0.984		1.0	0.03704	0.03503	0.4154	0.03603	1.21116	0.70668	1.74067	0.80277	0.50549	0.002	0.00701	0.001	0.01001	0.0	0.08308	0.003	0.0	0.16115	0.03804	0.00701
NA20524								3/6,3/6	0.997		1.0	0.033	0.03208	0.31621	0.01925	2.48566	1.24374	0.14756	0.08707	0.33545	0.00367	0.02383	0.0	0.01008	0.0	0.08799	0.02383	0.00092	0.10998	0.20622	0.00367
NA20525								3/6,4	0.967, 0.95		1.0	0.0356	0.04523	0.53984	0.02309	1.21633	0.5562	1.70517	0.89108	0.53792	0.00385	0.01059	0.00192	0.02021	0.0	0.07698	0.00481	0.00192	0.20016	0.20497	0.01828
NA20527								1,2	0.989, 0.92		1.0	1.66463	1.41304	7.07082	4.82688	0.23046	0.0	0.17901	0.02255	0.21284	0.00423	0.01057	0.0	0.01691	0.0	0.1931	0.03171	0.0007	0.1783	0.02749	0.05779
NA20528								2,3/6	0.965, 0.965		1.0	0.03038	0.01778	7.35817	5.12849	1.21451	0.60911	0.19192	0.01112	0.30455	0.00519	0.01112	0.00148	0.03483	0.0	0.04965	0.02594	0.00074	0.19192	0.01112	0.03186
NA20529								1,1	0.997		1.0	5.74236	5.42478	0.46422	0.1286	0.15605	0.00235	0.15683	0.01568	0.48069	0.00314	0.00863	0.0	0.04078	0.00078	0.19212	0.02901	0.0	0.21172	0.06273	0.01882
NA20530								3/6,3/6	0.997		1.0	0.03596	0.04163	0.21101	0.03879	3.18497	1.23954	0.1249	0.01135	0.34253	0.00662	0.00378	0.00095	0.0123	0.0	0.09651	0.00662	0.0	0.13247	0.06056	0.00568
NA20531								2,3/6	0.951, 0.971		1.0	0.03565	0.02435	9.06419	6.53752	0.88077	0.46777	0.22345	0.05043	0.24345	0.00348	0.02348	0.0	0.03478	0.00174	0.04	0.02087	0.00174	0.15129	0.04086	0.02956
NA20532								3/6,3/6	0.968		1.0	0.04645	0.05244	0.41801	0.04345	2.3807	1.39936	0.21724	0.00749	0.36257	0.00749	0.04495	0.0015	0.02247	0.003	0.10488	0.00899	0.003	0.30714	0.09888	0.02098
NA20533								3/6,3/6	0.986		1.0	0.03521	0.03742	0.57994	0.02311	1.80694	0.71199	0.12765	0.05832	0.58984	0.0066	0.02311	0.0011	0.05282	0.0011	0.05502	0.26851	0.01871	0.15846	0.18488	0.0088
NA20534								1,3/6	0.993, 0.908		1.0	2.19945	1.82327	0.5218	0.03489	1.40537	0.73568	0.2116	0.06067	0.19871	0.00531	0.01669	0.00076	0.02275	0.0	0.24497	0.03792	0.00076	0.27076	0.00379	0.01138
NA20535								3/6,3/6	0.984		1.0	0.02505	0.0334	0.40499	0.06471	2.75351	1.5281	0.19206	0.00522	0.30479	0.00731	0.01044	0.01357	0.0334	0.00209	0.10438	0.00939	0.00104	0.19936	0.06993	0.01357
NA20536								3/6,3/6	0.982		1.0	0.03903	0.0339	0.51155	0.03595	2.38208	1.37645	0.26091	0.00719	0.29994	0.01027	0.00924	0.00103	0.02979	0.00205	0.12018	0.00719	0.00103	0.20749	0.10683	0.01438
NA20538								3/6,3/6	0.996		1.0	0.03094	0.0232	0.56847	0.02997	2.96128	1.39605	0.16339	0.03577	0.25717	0.00773	0.02997	0.0029	0.02224	0.0	0.07928	0.0029	0.00193	0.20013	0.03964	0.01547
NA20539								3/6,4	0.928, 0.918		1.0	0.02662	0.02995	0.61307	0.03827	1.50066	0.57148	1.82757	0.96328	0.47166	0.00166	0.01664	0.0	0.0391	0.00166	0.06655	0.01581	0.0	0.30279	0.02163	0.01581
NA20540								3/6,3/6	0.991		1.0	0.02514	0.03295	0.52712	0.03034	2.62608	1.97238	0.16126	0.10924	0.22021	0.0104	0.01561	0.00173	0.03121	0.00087	0.05635	0.02167	0.00087	0.23148	0.07543	0.00867
NA20541								3/6,4	0.97, 0.945		1.0	0.03082	0.03493	0.65958	0.04007	1.27294	0.71712	1.25753	0.96369	0.45822	0.00103	0.01541	0.00103	0.02568	0.0	0.06986	0.01027	0.00205	0.22603	0.03288	0.01438
NA20542								1,3/6	0.986, 0.942		1.0	3.84667	3.73272	0.47355	0.04727	1.00282	0.21441	0.16882	0.00929	0.41278	0.00253	0.02448	0.00169	0.0363	0.00084	0.10805	0.01604	0.00169	0.2735	0.0498	0.01182
NA20543								3/6,4	0.96, 0.965		1.0	0.04093	0.02833	0.40847	0.01889	1.30963	0.53676	1.09477	0.85236	0.51708	0.00551	0.02125	0.0	0.01259	0.0	0.05903	0.00787	0.00157	0.21801	0.02676	0.00787
NA20544								3/6,3/6	0.995		1.0	0.03446	0.02701	0.48615	0.04284	2.83399	1.49942	0.15646	0.02421	0.27567	0.00373	0.03539	0.01769	0.01956	0.00186	0.07637	0.00373	0.00093	0.2021	0.06054	0.00838
NA20581								3/6,3/6	0.996		1.0	0.02642	0.0405	0.32315	0.02113	2.64768	1.27321	0.09421	0.01145	0.44994	0.00352	0.01057	0.0	0.01233	0.00088	0.05987	0.02553	0.0	0.15673	0.02289	0.00528
NA20582								3/6,3/6	0.997		1.0	0.0353	0.0405	0.48596	0.0623	2.89085	1.23152	0.16199	0.10695	0.33124	0.00208	0.01454	0.00208	0.0135	0.0	0.09034	0.01142	0.00104	0.21391	0.06023	0.00519
NA20585								3/6,3/6	0.994		1.0	0.02346	0.03267	0.51438	0.01675	2.58109	1.10415	0.13488	0.1265	0.31918	0.00838	0.01759	0.0	0.03016	0.00168	0.0821	0.01927	0.00084	0.1843	0.04273	0.00754
NA20586								3/6,3/6	0.986		1.0	0.03156	0.03347	0.30026	0.02199	2.69658	1.31673	0.09945	0.02869	0.30695	0.00191	0.02008	0.0	0.0153	0.0	0.14822	0.02008	0.00096	0.13961	0.05833	0.00669
NA20587								3/6,5	0.916, 0.961		1.0	0.03571	0.02574	0.22669	0.01412	2.75852	1.55779	0.08138	0.05564	4.60362	1.88496	0.21009	0.00332	0.09549	0.0	0.09383	0.04318	0.0	0.07141	0.10712	0.00581
NA20588								1,3/6	0.998, 0.923		1.0	2.45239	2.05038	0.35587	0.03789	1.67309	0.50415	0.16393	0.10132	0.33528	0.0033	0.01483	0.0	0.01565	0.00082	0.26114	0.07249	0.00082	0.14498	0.0173	0.01977
NA20589								1,1	0.992		1.0	6.79648	6.48299	0.37776	0.0341	0.23545	0.00131	0.16396	0.05509	0.31874	0.00262	0.01115	0.0	0.01968	0.00131	0.21643	0.04788	0.00131	0.22036	0.04394	0.00525
NA20752								2,3/6	0.974, 0.993		1.0	0.02956	0.01971	8.10524	5.46439	0.76406	0.44267	0.11976	0.02653	0.18647	0.00076	0.00531	0.00303	0.01061	0.0	0.0667	0.03487	0.00076	0.10991	0.05003	0.02501
NA20753								3/6,4	0.954, 0.95		1.0	0.01557	0.02768	0.60293	0.03374	1.83215	0.66867	1.8062	0.87801	0.50172	0.00173	0.01817	0.0	0.01298	0.0	0.06228	0.02163	0.00087	0.23529	0.0346	0.01211
NA20754								3/6,4	0.784, 0.912		1.0	0.03408	0.03737	0.50014	0.15279	1.51692	1.20364	0.35175	0.53862	0.61776	0.0033	0.0033	0.0	0.02638	0.0	0.07475	0.0044	0.0011	0.22094	0.10992	0.01759
NA20755								2,5	0.905, 1.0		1.0	0.01491	0.0245	6.74259	4.6886	0.1092	0.00053	0.14702	0.01012	6.2536	2.43645	0.72497	0.00533	0.10281	0.0	0.06286	0.01438	0.00053	0.03782	0.09322	0.00266
NA20756								2,2	0.997		1.0	0.01907	0.01392	10.26838	7.44486	0.10051	0.0	0.18916	0.0134	0.1438	0.00155	0.0067	0.0	0.01495	0.0	0.0335	0.04433	0.00103	0.09999	0.00464	0.06082
NA20757								3/6,4	0.982, 0.951		1.0	0.03048	0.02966	0.44238	0.01977	1.57675	0.72577	1.81153	0.77684	0.50581	0.00082	0.02636	0.0	0.0173	0.00082	0.08073	0.01895	0.0	0.20842	0.02307	0.00906
NA20758								3/6,3/6	0.997		1.0	0.02316	0.03473	0.37364	0.01474	3.18384	2.19238	0.08631	0.05368	0.28523	0.00105	0.0221	0.00105	0.01263	0.0	0.05473	0.01053	0.0	0.12209	0.04421	0.00421
NA20759								2,3/6	0.958, 0.979		1.0	0.02578	0.02515	6.55895	4.4026	1.33908	0.50608	0.13516	0.03018	0.29296	0.00189	0.01949	0.0	0.01006	0.0	0.04149	0.07041	0.0	0.149	0.03521	0.03961
NA20760								3/6,3/6	0.995		1.0	0.04334	0.03065	0.24206	0.01586	2.16481	1.29593	0.11945	0.01374	0.29703	0.00634	0.00317	0.00211	0.02008	0.0	0.1723	0.01057	0.00106	0.11205	0.13107	0.00317
NA20761								2,3/6	0.9, 0.927		1.0	0.01886	0.01446	4.09612	2.5633	2.38285	1.45612	0.09116	0.05847	0.27412	0.00314	0.03709	0.0	0.0088	0.0	0.06916	0.03647	0.00063	0.09179	0.02578	0.04715
NA20762								1,4	0.929, 0.953		1.0	3.67446	3.53964	0.44659	0.02107	0.21005	0.00181	1.77373	0.86791	0.72767	0.0012	0.00361	0.0	0.01384	0.0006	0.0957	0.02107	0.0012	0.18538	0.02167	0.00542
NA20763								3/6,4	0.962, 0.981		1.0	0.02251	0.03268	0.41395	0.05447	0.97314	0.54612	2.16053	1.09007	0.51998	0.00218	0.00363	0.00073	0.02033	0.00073	0.10603	0.01816	0.0	0.16631	0.06536	0.0029
NA20764								3/6,3/6	0.993		1.0	0.03134	0.03039	0.29726	0.03229	2.66492	1.59743	0.13486	0.02564	0.30106	0.00095	0.01899	0.0	0.0152	0.00095	0.09497	0.03989	0.00095	0.12726	0.06363	0.0019
NA20765								2,3/6	0.979, 0.944		1.0	0.02343	0.02103	6.68085	4.68741	1.02436	0.47223	0.21448	0.0769	0.21809	0.003	0.01862	0.0018	0.02764	0.0	0.06909	0.03124	0.0012	0.23852	0.01983	0.04266
NA20766								3/6,4	0.936, 0.951		1.0	0.04201	0.02874	0.63674	0.06301	0.99822	0.47755	1.31327	0.94626	0.47313	0.00774	0.00884	0.01105	0.01879	0.00111	0.06964	0.00553	0.00111	0.1824	0.0199	0.00995
NA20767								1,4	0.893, 0.938		1.0	3.29881	3.11092	0.46279	0.03927	0.22331	0.0	1.96974	0.69534	0.51438	0.00539	0.01925	0.0	0.01925	0.0	0.09779	0.01155	0.0	0.14323	0.12243	0.00385
NA20768								3/6,3/6	0.98		1.0	0.02124	0.03283	0.46921	0.0531	1.51479	1.03399	0.3186	0.00386	0.27612	0.00386	0.01931	0.0029	0.02703	0.00097	0.09558	0.00772	0.00097	0.12647	0.42673	0.00869
NA20769								3/6,3/6	0.995		1.0	0.0224	0.0384	0.23359	0.0232	3.59663	2.24389	0.0616	0.084	0.30959	0.0	0.028	0.0	0.016	0.0008	0.0656	0.0312	0.0008	0.13279	0.0424	0.0032
NA20770								3/6,4	0.966, 0.949		1.0	0.02521	0.04391	0.37646	0.02764	1.52373	0.75942	1.07653	0.61632	0.58461	0.00163	0.01789	0.0	0.0122	0.0	0.07724	0.0309	0.0	0.16262	0.03008	0.00976
NA20771								2,3/6	0.974, 0.968		1.0	0.02207	0.03005	6.23843	4.79502	1.089	0.3538	0.18334	0.04108	0.31517	0.00981	0.01226	0.0	0.0141	0.0	0.04844	0.03066	0.00123	0.0791	0.01656	0.04047
NA20772								3/6,3/6	0.987		1.0	0.044	0.03772	0.34952	0.02892	2.05311	1.41568	0.1383	0.01509	0.34826	0.00503	0.00754	0.00251	0.01383	0.0	0.14836	0.00503	0.0	0.13201	0.05532	0.0088
NA20773								3/6,5	0.992, 0.963		1.0	0.02022	0.03893	0.21937	0.04717	0.71127	0.45746	0.09808	0.00824	8.62957	3.48522	0.93738	0.00674	0.0861	0.0	0.14824	0.00524	0.0	0.03519	0.17744	0.00225
NA20774								2,3/6	0.995, 0.95		1.0	0.01301	0.01986	14.05496	9.11456	0.60052	0.42522	0.13626	0.00822	0.24377	0.0	0.00274	0.0	0.01027	0.00068	0.0493	0.0226	0.00137	0.12394	0.02465	0.0178
NA20775								3/6,5	0.964, 0.964		1.0	0.03286	0.03186	0.29474	0.01593	1.96262	0.97583	0.06771	0.06373	4.7079	1.46972	0.78963	0.00199	0.12248	0.001	0.22803	0.00498	0.001	0.06572	0.03286	0.00199
NA20778								2,3/6	0.946, 0.965		1.0	0.02581	0.03129	8.52939	5.58458	0.75087	0.46929	0.19476	0.02972	0.28001	0.00391	0.00469	0.0	0.01408	0.00078	0.07118	0.03285	0.0	0.10168	0.09308	0.03363
NA20783								3/6,4	0.861, 0.975		1.0	0.03113	0.02508	0.39429	0.00951	0.98227	1.02723	1.10764	0.6779	0.56895	0.00865	0.00346	0.01816	0.01124	0.0	0.05102	0.00692	0.00173	0.1591	0.08474	0.00605
NA20785								1,3/6	0.961, 0.982		1.0	3.89388	3.69044	0.22821	0.01276	1.31598	0.57128	0.06531	0.03979	0.54576	0.003	0.01501	0.00075	0.00826	0.0	0.07282	0.03378	0.0	0.12987	0.04054	0.00225
NA20786								3/6,3/6	0.996		1.0	0.05113	0.03449	0.25567	0.02616	1.80041	0.5934	0.13675	0.0773	0.3294	0.00357	0.01546	0.0	0.01665	0.0	0.08919	0.0333	0.0	0.07254	0.08205	0.00714
NA20787								3/6,3/6	0.992		1.0	0.01708	0.02867	0.26112	0.01525	2.99246	1.34645	0.07138	0.10676	0.33128	0.00305	0.01525	0.00061	0.01098	0.0	0.06284	0.03599	0.00244	0.14093	0.02867	0.00671
NA20790								3/6,3/6	0.986		1.0	0.03786	0.03786	0.25481	0.01228	2.74355	1.27405	0.10745	0.06856	0.62116	0.00614	0.01637	0.00307	0.01842	0.0	0.09517	0.03786	0.0	0.1095	0.06038	0.0
NA20792								2,4	0.98, 0.925		1.0	0.0174	0.02204	11.85678	7.46087	0.14614	0.0	1.09782	0.58979	0.48657	0.00174	0.0058	0.0	0.01044	0.00058	0.0348	0.03364	0.00116	0.13628	0.02552	0.01682
NA20795								3/6,3/6	0.996		1.0	0.04172	0.0219	0.29832	0.01773	2.4752	1.29549	0.1502	0.00626	0.31918	0.00313	0.0073	0.00104	0.01043	0.00104	0.09805	0.00209	0.0	0.11474	0.2034	0.0073
NA20796								3/6,3/6	0.997		1.0	0.0356	0.03841	0.23048	0.04216	1.66117	0.94442	0.10494	0.01499	0.23892	0.00187	0.00562	0.0	0.01031	0.0	0.08994	0.0075	0.00094	0.11149	0.10212	0.00468
NA20797								3/6,4	0.869, 0.937		1.0	0.02446	0.02277	0.5533	0.02783	2.56408	1.58737	1.01551	0.5727	0.62078	0.00506	0.02109	0.0	0.01603	0.0	0.06663	0.02362	0.00084	0.25388	0.02699	0.01096
NA20798								3/6,4	0.884, 0.959		1.0	0.03028	0.0381	0.61642	0.06252	0.87237	0.48943	2.15406	1.05798	0.423	0.00391	0.01075	0.00293	0.05178	0.00098	0.06252	0.01075	0.0	0.24911	0.06057	0.0127
NA20799								3/6,4	0.975, 0.973		1.0	0.03354	0.04855	0.34868	0.0203	1.10784	0.49875	2.22452	0.96043	0.49169	0.00265	0.00618	0.00088	0.01324	0.0	0.12182	0.00618	0.00088	0.143	0.06091	0.00794
NA20800								1,5	0.965, 0.961		1.0	2.24543	2.17936	0.18658	0.04792	0.1219	0.0121	0.09166	0.01349	9.53961	3.87065	0.94452	0.01256	0.0777	0.00047	0.15261	0.01582	0.0	0.04978	0.14982	0.01024
NA20801								3/6,3/6	0.994		1.0	0.03632	0.04064	0.30782	0.02767	2.85942	1.52352	0.09944	0.0588	0.26199	0.00519	0.01816	0.01211	0.00865	0.00086	0.08128	0.01902	0.00173	0.12797	0.03026	0.00259
NA20802								3/6,3/6	0.987		1.0	0.02708	0.02872	0.60322	0.0197	2.99476	1.56591	0.14527	0.07058	0.3291	0.00246	0.03201	0.00082	0.01806	0.0	0.05499	0.04596	0.00246	0.26509	0.03283	0.01231
NA20803								3/6,5	0.929, 0.949		1.0	0.03081	0.02718	0.16583	0.0435	1.10643	0.63341	0.10602	0.00906	8.33129	3.41806	0.9696	0.00362	0.05618	0.0	0.17398	0.0145	0.0	0.03806	0.14408	0.00362
NA20804								1,1	0.979		1.0	6.52917	6.29534	0.44475	0.04493	0.29895	0.02568	0.1724	0.011	0.30904	0.00459	0.00642	0.00183	0.02476	0.0	0.0972	0.0321	0.0	0.23567	0.06419	0.0055
NA20805								2,3/6	0.994, 0.973		1.0	0.02018	0.02864	13.18104	8.48594	0.74866	0.43878	0.14518	0.00716	0.21679	0.00065	0.01042	0.00065	0.00911	0.0	0.04817	0.02539	0.0013	0.10026	0.03906	0.00977
NA20806								3/6,3/6	0.996		1.0	0.02881	0.02586	0.35241	0.03842	2.67008	1.29145	0.09087	0.04802	0.3236	0.00222	0.03546	0.0	0.01108	0.0	0.04728	0.03768	0.0	0.13299	0.04359	0.00739
NA20807								2,5	0.945, 0.96		1.0	0.01653	0.01493	5.49721	3.87166	0.16581	0.0	0.14555	0.00693	5.7094	2.18961	0.63017	0.0032	0.10929	0.0	0.0853	0.01333	0.0	0.04905	0.05811	0.01813
NA20808								1,5	0.966, 0.991		1.0	4.84763	4.63789	0.2389	0.03077	0.10204	0.00081	0.06641	0.05183	3.79	1.15481	0.52153	0.00243	0.12309	0.0	0.1652	0.02106	0.0	0.06884	0.04697	0.00891
NA20809								1,2	0.959, 0.969		1.0	3.20975	3.07981	7.85327	5.26746	0.10227	0.00129	0.13572	0.00965	0.39302	0.00129	0.00579	0.00965	0.01351	0.0	0.07526	0.0238	0.00193	0.11836	0.05789	0.02509
NA20810								3/6,3/6	0.997		1.0	0.0448	0.03606	0.26878	0.0448	2.57525	1.60175	0.13548	0.01311	0.31685	0.00219	0.00328	0.00219	0.01311	0.00219	0.11472	0.00874	0.00109	0.14859	0.08413	0.00328
NA20811								3/6,4	0.981, 0.991		1.0	0.03101	0.04209	0.33227	0.0144	0.79965	0.26581	1.80199	0.73652	0.60029	0.00111	0.00665	0.0	0.01329	0.0	0.0875	0.00554	0.0	0.16503	0.06535	0.00554
NA20812								3/6,3/6	0.997		1.0	0.03375	0.02463	0.31011	0.03192	2.68158	1.16019	0.09121	0.0757	0.29005	0.00182	0.01915	0.0	0.01551	0.00091	0.09759	0.0073	0.00091	0.12587	0.02736	0.00638
NA20813								2,3/6	0.994, 0.986		1.0	0.01793	0.02391	6.81895	4.52139	1.10195	0.39455	0.17403	0.05779	0.26503	0.00399	0.01395	0.00066	0.01196	0.00066	0.06709	0.02391	0.00066	0.08901	0.01727	0.04716
NA20814								3/6,4	0.974, 0.981		1.0	0.02861	0.04061	0.39688	0.02031	1.43429	0.7836	1.68626	0.89436	0.64054	0.01384	0.00923	0.00185	0.01384	0.0	0.1126	0.01754	0.0	0.14768	0.05169	0.00461
NA20815								3/6,4	0.865, 0.99		1.0	0.02547	0.03024	0.4154	0.01751	2.28947	1.59157	2.09849	0.89287	0.55785	0.00239	0.00875	0.01671	0.01273	0.0008	0.08515	0.01751	0.0008	0.14404	0.0374	0.00318
NA20818								3/6,3/6	0.991		1.0	0.02143	0.02909	0.28399	0.0222	2.87663	1.41841	0.09645	0.13549	0.32915	0.00153	0.02756	0.0	0.01301	0.0	0.08191	0.0398	0.00077	0.13549	0.0398	0.00459
NA20819								3/6,3/6	0.996		1.0	0.03369	0.03282	0.26257	0.01727	3.71573	2.04702	0.03973	0.07687	0.28244	0.00086	0.02678	0.00086	0.01036	0.0	0.08378	0.01727	0.00086	0.14251	0.01814	0.00518
NA20821								1,2	0.952, 0.993		1.0	2.7274	2.65596	6.46848	4.57748	0.10325	0.0026	0.13637	0.01169	0.18637	0.0	0.0052	0.0	0.01623	0.0	0.04351	0.02403	0.0	0.11559	0.01559	0.02468
NA20822								2,3/6	0.994, 0.972		1.0	0.02083	0.01641	7.20025	4.82394	1.2762	0.52765	0.11487	0.02651	0.2026	0.00126	0.01452	0.0	0.01199	0.0	0.05617	0.04797	0.00189	0.12623	0.01957	0.05554
NA20826								1,2	0.962, 0.967		1.0	3.94101	3.77316	5.86512	3.95102	0.05186	0.00182	0.09734	0.01046	0.22562	0.00045	0.00728	0.00091	0.00864	0.00045	0.06095	0.04094	0.00091	0.10735	0.03639	0.04003
NA20827								5,5	0.963		1.0	0.02213	0.03635	0.25132	0.02292	0.1794	0.0	0.16991	0.02845	10.22492	4.06215	0.91359	0.00948	0.31059	0.0	0.12961	0.00553	0.0	0.00079	0.07271	0.0079
NA20828								2,2	0.997		1.0	0.02335	0.02245	7.26706	4.9938	0.06916	0.0	0.24071	0.01527	0.22364	0.0018	0.0018	0.0009	0.01078	0.0	0.0467	0.03952	0.0009	0.06108	0.0018	0.0512
NA20832								3/6,5	0.949, 0.986		1.0	0.0237	0.0316	0.26411	0.03273	0.69188	0.80023	0.13657	0.0079	3.55534	1.00001	0.64222	0.02483	0.14786	0.0	0.0982	0.00226	0.00113	0.06772	0.06772	0.00226
NA20845								3/6,5	0.959, 0.972		1.0	0.03706	0.03304	0.20627	0.03626	1.0233	0.74693	0.10555	0.0145	5.46057	2.2287	0.44236	0.00081	0.1676	0.0	0.12892	0.00242	0.00081	0.08138	0.14745	0.00403
NA20846								1,1	0.987		1.0	6.35172	6.10535	0.29304	0.07746	0.06999	0.00187	0.08306	0.00933	0.66261	0.00187	0.01027	0.00093	0.014	0.0	0.17079	0.042	0.00187	0.14185	0.13719	0.00933
NA20847								2,3/6	0.992, 0.989		1.0	0.02638	0.02189	8.02831	5.31872	0.86709	0.53036	0.11168	0.00505	0.15378	0.00112	0.02357	0.00056	0.01291	0.00112	0.0376	0.04097	0.00112	0.11954	0.06622	0.03367
NA20849								2,2	0.997		1.0	0.01176	0.01583	13.20166	9.008	0.1045	0.00045	0.19634	0.0086	0.1416	0.00136	0.0095	0.0	0.01583	0.0	0.02895	0.03891	0.0009	0.11988	0.02307	0.03574
NA20850								3/6,3/6	0.996		1.0	0.02672	0.04218	0.2995	0.01547	1.99035	1.14739	0.07734	0.0696	0.28544	0.00352	0.02812	0.0	0.01266	0.00141	0.06609	0.03586	0.0	0.11319	0.08718	0.00352
NA20851								2,3/6	0.93, 0.983		1.0	0.0198	0.0243	2.76713	2.25673	1.0658	0.58691	0.19894	0.0072	0.21424	0.0018	0.0081	0.0018	0.0108	0.0018	0.09272	0.0036	0.0	0.05581	0.05581	0.0081
NA20852								1,2	0.954, 0.983		1.0	3.32582	3.23609	9.58984	6.44557	0.06573	0.0	0.13564	0.02243	0.21911	0.00157	0.01982	0.00104	0.01826	0.00052	0.03704	0.03182	0.00104	0.15703	0.03339	0.03861
NA20853								2,3/6,5	0.885, 0.969, 0.912		1.0	0.02636	0.02563	4.48018	3.05587	0.62025	0.18966	0.18307	0.01098	8.20903	4.10158	0.38445	0.00146	0.10838	0.0	0.06444	0.00806	0.00073	0.04394	0.12083	0.00366
NA20854								1,3/6	0.992, 0.953		1.0	3.98842	3.82776	0.26959	0.07534	0.76973	0.57729	0.09712	0.02723	0.37397	0.00182	0.00272	0.0	0.00635	0.0	0.15068	0.02088	0.0	0.11346	0.06898	0.02088
NA20856								2,3/6	0.973, 0.966		1.0	0.0302	0.01607	9.01251	5.80656	1.56859	0.7165	0.14137	0.01864	0.32516	0.00064	0.01607	0.00064	0.01221	0.0	0.05398	0.03277	0.00064	0.10217	0.009	0.05462
NA20858								2,3/6	0.949, 0.99		1.0	0.0209	0.02554	4.99365	3.81549	1.05354	0.45362	0.16798	0.00774	0.18191	0.00542	0.01161	0.0	0.01161	0.0	0.08747	0.00387	0.0	0.06502	0.01935	0.00697
NA20859								2,2	0.983		1.0	0.01357	0.01497	16.24792	10.79951	0.09825	0.0	0.13428	0.01263	0.15674	0.00094	0.02901	0.00094	0.00702	0.00047	0.06457	0.04398	0.0	0.07112	0.0248	0.00702
NA20861								2,2	0.997		1.0	0.01182	0.02423	11.82219	7.95493	0.09986	0.0	0.13531	0.01241	0.17313	0.00177	0.02423	0.0	0.01123	0.00059	0.0325	0.0455	0.0	0.08213	0.05259	0.03132
NA20862								3/6,5	1.0, 0.955		1.0	0.01635	0.01522	0.25031	0.03326	0.96121	0.50231	0.13361	0.01973	7.77314	2.88589	0.64607	0.0062	0.13869	0.0	0.0902	0.00564	0.00056	0.04454	0.10937	0.00282
NA20863								3/6,4	0.804, 0.974		1.0	0.02457	0.02781	0.32267	0.01681	1.69999	1.11026	1.1982	0.56063	0.37311	0.00129	0.01229	0.0	0.01164	0.00065	0.08018	0.00776	0.0	0.15584	0.01681	0.00776
NA20864								3/6,3/6	0.996		1.0	0.03253	0.02698	0.24833	0.01428	2.82133	1.67963	0.11108	0.04046	0.25627	0.00238	0.0246	0.00159	0.00952	0.0	0.09045	0.00714	0.00079	0.11742	0.04919	0.01983
NA20866								1,1	0.977		1.0	6.49021	6.22338	0.22372	0.08771	0.03716	0.0	0.09885	0.01115	0.39022	0.00223	0.00372	0.00223	0.0052	0.00074	0.10926	0.02527	0.0	0.12561	0.04683	0.00297
NA20867								3/6,4,5	0.99, 0.911, 0.818		1.0	0.01432	0.02565	0.32814	0.02327	0.69267	0.09963	0.8275	0.50354	6.10454	2.31784	0.72369	0.00418	0.07159	0.0	0.10083	0.01134	0.0	0.08472	0.09546	0.00418
NA20868								3/6,5	0.996, 0.979		1.0	0.03157	0.02447	0.22889	0.01894	0.96605	0.50828	0.0734	0.01973	5.20596	1.88238	0.61247	0.00395	0.11286	0.0	0.11997	0.00789	0.0	0.04736	0.10418	0.00237
NA20869								1,3/6	0.972, 0.986		1.0	3.51939	3.37882	0.30911	0.03606	1.60072	0.8758	0.12438	0.03238	0.30469	0.0	0.02208	0.00074	0.00883	0.00074	0.10156	0.01619	0.0	0.15308	0.04637	0.00589
NA20870								1,3/6	0.984, 0.952		1.0	4.11301	4.00747	0.30121	0.05602	0.69173	0.41731	0.15832	0.01786	0.47577	0.00162	0.01543	0.0	0.02273	0.0	0.13315	0.01867	0.00325	0.13883	0.21353	0.02354
NA20872								1,3/6	0.995, 0.733		1.0	4.292	4.0765	0.23458	0.05387	0.40743	0.1706	0.10101	0.01235	0.5915	0.00449	0.00224	0.0	0.00673	0.0	0.16948	0.02133	0.0	0.09765	0.08867	0.0202
NA20874								2,3/6	0.978, 0.978		1.0	0.01867	0.01992	8.18681	5.62633	0.623	0.38588	0.15746	0.00747	0.178	0.00373	0.01431	0.0	0.01183	0.0	0.06348	0.03361	0.0	0.09771	0.12136	0.00685
NA20875								3/6,4	0.884, 0.935		1.0	0.03745	0.02831	0.5425	0.02923	0.95166	0.51967	1.77089	0.58451	0.4393	0.00183	0.00365	0.01553	0.01827	0.00091	0.08676	0.01279	0.0	0.17079	0.17809	0.01553
NA20876								2,2	0.986		1.0	0.01664	0.01276	11.07147	7.19124	0.06436	0.0	0.16422	0.00666	0.15701	0.00222	0.03384	0.00055	0.00999	0.00055	0.02996	0.02108	0.0	0.081	0.01664	0.06103
NA20877								3/6,3/6	0.994		1.0	0.03318	0.0341	0.58247	0.02396	2.81925	2.18517	0.14838	0.03779	0.3198	0.00092	0.03318	0.0	0.02488	0.0	0.05714	0.02212	0.00369	0.18064	0.00553	0.01014
NA20878								3/6,3/6	0.997		1.0	0.03335	0.02585	0.37854	0.02335	2.12864	1.72425	0.14091	0.01001	0.22262	0.00167	0.01167	0.0	0.01584	0.00083	0.08838	0.00834	0.0	0.12257	0.08838	0.00584
NA20881								1,2	0.96, 0.967		1.0	2.71617	2.541	5.68949	4.1321	0.05024	0.00066	0.11766	0.02446	0.31399	0.00132	0.00331	0.00132	0.01983	0.00066	0.06412	0.02578	0.00132	0.09651	0.05354	0.03768
NA20882								1,2	0.963, 0.959		1.0	2.70967	2.55691	5.87818	4.21348	0.10509	0.00054	0.1143	0.02113	0.40412	0.00163	0.00867	0.0	0.01517	0.00054	0.11214	0.03846	0.00054	0.1766	0.04171	0.04225
NA20884								2,3/6	0.992, 0.933		1.0	0.02485	0.01657	7.41827	4.75681	0.72698	0.41562	0.2589	0.01174	0.17122	0.00276	0.01519	0.00069	0.02209	0.0	0.0718	0.00414	0.0	0.14774	0.04004	0.0428
NA20885								3/6,3/6	0.995		1.0	0.03741	0.04875	0.27098	0.02608	1.96599	1.30839	0.08617	0.00794	0.2585	0.00454	0.0034	0.00227	0.01814	0.0	0.10317	0.02268	0.0	0.14059	0.0737	0.00454
NA20886								1,2	0.941, 0.972		1.0	3.24678	3.15328	9.54098	5.80681	0.12198	0.0	0.115	0.01612	0.36702	0.00537	0.00537	0.00054	0.0129	0.0	0.08275	0.04299	0.0	0.16605	0.05965	0.03009
NA20887								2,3/6	0.965, 0.988		1.0	0.02361	0.02766	9.24459	6.3027	0.78927	0.49178	0.11333	0.00607	0.2813	0.0027	0.03845	0.0	0.01282	0.0	0.04385	0.03171	0.00202	0.08297	0.02159	0.00607
NA20888								3/6,3/6	0.997		1.0	0.02977	0.02977	0.27238	0.01563	2.62036	1.75856	0.06623	0.03795	0.36317	0.00074	0.0253	0.00074	0.02009	0.0	0.0841	0.0067	0.00149	0.16149	0.0573	0.00223
NA20889								2,2	0.997		1.0	0.02599	0.02155	9.93325	6.91987	0.0748	0.0	0.20854	0.00761	0.19713	0.0019	0.02345	0.0	0.00887	0.0	0.00951	0.04564	0.00063	0.06465	0.03296	0.01394
NA20890								2,3/6	0.963, 0.992		1.0	0.02297	0.02169	3.98165	2.61254	1.49543	0.53463	0.10463	0.0268	0.22585	0.00064	0.01723	0.00064	0.01531	0.0	0.05295	0.02424	0.00064	0.09889	0.01276	0.03828
NA20891								3/6,3/6	0.996		1.0	0.05536	0.05757	0.34655	0.01882	2.23206	1.34522	0.11072	0.00775	0.25797	0.00332	0.00775	0.0	0.00443	0.0	0.10407	0.00554	0.0	0.1085	0.08636	0.0
NA20892								2,3/6	0.854, 0.993		1.0	0.02961	0.03723	3.64498	2.49767	1.44344	0.71495	0.18191	0.01269	0.36128	0.00338	0.02115	0.00085	0.01015	0.00254	0.10915	0.00254	0.0	0.09815	0.01946	0.00761
NA20894								2,3/6	0.968, 0.989		1.0	0.01938	0.02153	9.91358	6.63968	1.11977	0.46298	0.10193	0.01148	0.27133	0.00072	0.02584	0.00144	0.0122	0.0	0.04235	0.03589	0.00144	0.09762	0.0445	0.00431
NA20895								1,3/6	0.981, 0.928		1.0	4.16043	3.98831	0.29493	0.03586	0.52622	0.20618	0.12371	0.02331	0.36575	0.00359	0.0242	0.0	0.02151	0.0	0.13536	0.01972	0.0009	0.14702	0.1013	0.01614
NA20896								3/6,3/6	0.997		1.0	0.04395	0.02897	0.39955	0.03396	2.15057	1.31352	0.12286	0.01199	0.27669	0.003	0.00899	0.001	0.02797	0.0	0.09889	0.00899	0.001	0.18579	0.0859	0.00599
NA20897								2,3/6	0.884, 0.994		1.0	0.02723	0.02723	2.3925	1.57248	1.84279	0.90576	0.14323	0.0232	0.30259	0.00101	0.01614	0.00101	0.01816	0.0	0.04035	0.00403	0.00202	0.10792	0.04035	0.00605
NA20899								1,2	0.964, 0.954		1.0	3.14405	3.03315	4.43671	2.62981	0.09395	0.0	0.14622	0.01201	0.22392	0.00141	0.05298	0.0	0.00636	0.0	0.10949	0.02755	0.0	0.11514	0.10454	0.01625
NA20900								1,3/6	0.984, 0.945		1.0	3.52268	3.33359	0.26338	0.03968	0.8602	0.65591	0.09033	0.01773	0.41364	0.00084	0.00591	0.00084	0.01773	0.0	0.12662	0.01519	0.00084	0.1224	0.07007	0.03377
NA20901								2,3/6	0.968, 0.938		1.0	0.02358	0.01207	7.50658	4.71424	1.47159	0.93572	0.13932	0.01536	0.2523	0.00055	0.01316	0.0	0.01262	0.00055	0.02962	0.00713	0.00165	0.1459	0.01316	0.01316
NA20902								2,2	0.994		1.0	0.01373	0.0206	12.60759	8.82504	0.06867	0.0	0.13643	0.01007	0.14925	0.00046	0.01694	0.00046	0.01099	0.00137	0.05173	0.03479	0.00137	0.08424	0.01511	0.05769
NA20903								2,2	0.993		1.0	0.01092	0.01248	9.17063	6.68279	0.11599	0.00052	0.10715	0.0104	0.17529	0.00156	0.00988	0.0	0.01144	0.00052	0.04265	0.01716	0.00676	0.06866	0.01508	0.02237
NA20904								1,3/6	0.984, 0.957		1.0	4.29987	4.19587	0.26131	0.05593	1.04875	0.54622	0.07079	0.02097	0.6109	0.0035	0.02097	0.0	0.02622	0.0	0.11798	0.01486	0.0	0.13109	0.05506	0.01486
NA20905								3/6,4	0.978, 0.949		1.0	0.02351	0.01881	0.42212	0.02037	1.51764	0.73557	1.52338	0.58041	0.53026	0.00209	0.01567	0.0	0.02037	0.0	0.06739	0.00784	0.00052	0.20427	0.02664	0.00784
NA20906								1,2	0.912, 0.959		1.0	2.23992	2.18374	12.45844	8.36215	0.07814	0.00204	0.11389	0.04698	0.44788	0.00051	0.01787	0.0	0.00919	0.00102	0.05873	0.05413	0.00051	0.11082	0.05464	0.04494
NA20908								2,3/6	0.91, 0.96		1.0	0.01978	0.01598	6.9835	4.87887	1.62756	0.74035	0.12174	0.01674	0.30664	0.00076	0.00609	0.0	0.00533	0.0	0.06315	0.01826	0.00076	0.0875	0.01446	0.06772
NA20910								2,3/6	0.982, 0.988		1.0	0.02304	0.01872	6.66508	4.44963	0.77544	0.34776	0.10368	0.00648	0.29232	0.00216	0.01728	0.00072	0.01728	0.00144	0.06624	0.0288	0.0	0.08208	0.05184	0.0144
NA20911								2,3/6	0.908, 0.977		1.0	0.03174	0.01653	8.63922	5.68389	1.47899	1.01949	0.08463	0.01785	0.17983	0.00331	0.03967	0.00066	0.03107	0.0	0.03702	0.03901	0.0	0.14545	0.02314	0.01653
NA21086								2,4	0.932, 0.953		1.0	0.02645	0.04575	5.55691	3.21234	0.19371	0.00071	0.78629	0.49322	0.54254	0.00357	0.02359	0.00071	0.03002	0.0	0.05718	0.01787	0.0	0.16012	0.04789	0.0336
NA21087								2,3/6	0.96, 0.979		1.0	0.01414	0.02565	6.21692	3.9092	1.13292	0.87901	0.09738	0.02042	0.19999	0.00157	0.00524	0.00052	0.01571	0.00052	0.06492	0.01466	0.00052	0.13664	0.03979	0.00576
NA21088								2,2	0.994		1.0	0.01809	0.01414	7.6168	5.69818	0.21035	0.0	0.23523	0.01187	0.18773	0.00226	0.01809	0.0	0.02149	0.0017	0.03958	0.01187	0.0	0.10857	0.00905	0.02658
NA21089								1,3/6	0.968, 0.975		1.0	3.99981	3.94571	0.27209	0.01725	1.27185	0.53242	0.10664	0.02823	0.40931	0.00078	0.0149	0.0	0.01882	0.00078	0.08312	0.01725	0.00157	0.18192	0.05803	0.01803
NA21090								2,4	0.995, 0.893		1.0	0.01759	0.01704	10.68009	7.15872	0.17917	0.00055	0.94973	0.46223	0.36934	0.0	0.03078	0.0011	0.01924	0.00055	0.02858	0.05936	0.0	0.17313	0.03572	0.04232
NA21091								1,3/6	0.937, 0.981		1.0	3.76505	3.67589	0.25878	0.04567	1.45919	0.89306	0.09496	0.03987	0.38129	0.00145	0.01522	0.0	0.01232	0.0	0.10293	0.00797	0.0	0.11671	0.04567	0.01377
NA21092								2,3/6	0.994, 0.989		1.0	0.02304	0.02676	7.18251	4.83095	0.69268	0.4608	0.15459	0.01338	0.22074	0.00223	0.00669	0.00074	0.01709	0.00074	0.04757	0.00372	0.00074	0.1531	0.01041	0.04905
NA21093								2,2	0.997		1.0	0.01526	0.01865	15.19454	10.17504	0.10935	0.0	0.16233	0.01441	0.13393	0.00254	0.01695	0.00085	0.01017	0.0	0.03264	0.02924	0.00127	0.14538	0.03348	0.03179
NA21094								2,3/6	0.988, 0.987		1.0	0.0205	0.02438	8.79112	6.48571	0.62829	0.21719	0.17176	0.00499	0.21885	0.00609	0.00942	0.0	0.00831	0.00111	0.06704	0.02272	0.00055	0.09031	0.04599	0.01828
NA21095								2,3/6	0.942, 0.962		1.0	0.03253	0.03336	7.72022	5.04617	0.72481	0.38701	0.22854	0.00751	0.26273	0.00167	0.00751	0.00083	0.01835	0.0	0.05922	0.00334	0.00167	0.13095	0.01918	0.04337
NA21097								2,3/6	0.976, 0.972		1.0	0.02012	0.01596	7.21165	4.65673	1.1477	0.33723	0.12213	0.04927	0.34348	0.00139	0.02429	0.0	0.02082	0.0	0.04163	0.04094	0.00069	0.12004	0.0451	0.02082
NA21098								1,1	0.955		1.0	7.04923	6.84295	0.27287	0.06659	0.10314	0.00244	0.1072	0.03979	0.37276	0.00325	0.0065	0.00081	0.01705	0.0	0.10233	0.01137	0.00162	0.11776	0.06335	0.02599
NA21099								3/6,3/6	0.994		1.0	0.01974	0.02211	0.33879	0.01579	3.12727	1.68525	0.09398	0.08529	0.28193	0.00079	0.02527	0.0	0.01343	0.0	0.06713	0.00632	0.00158	0.16031	0.0229	0.00395
NA21100								1,3/6	0.983, 0.944		1.0	3.31875	3.20101	0.45297	0.05887	1.47827	0.92474	0.16434	0.02453	0.39982	0.00409	0.02616	0.00245	0.02862	0.0	0.10956	0.01799	0.00245	0.29108	0.03516	0.02044
NA21101								2,3/6	0.977, 0.972		1.0	0.01657	0.01506	9.94683	6.8558	1.29224	0.7636	0.16617	0.02309	0.21889	0.00452	0.01707	0.0	0.01406	0.0	0.0482	0.00703	0.001	0.10041	0.01506	0.00653
NA21102								2,2	0.984		1.0	0.01595	0.01984	15.9608	10.89886	0.15523	0.00078	0.2167	0.00545	0.15912	0.00156	0.02957	0.00117	0.01439	0.0	0.0498	0.05174	0.00117	0.11749	0.00739	0.00778
NA21103								2,3/6	0.979, 0.993		1.0	0.02695	0.02378	6.45391	4.65614	1.14858	0.65316	0.14189	0.01744	0.22433	0.00238	0.01665	0.00079	0.01823	0.0	0.07055	0.01665	0.00238	0.11969	0.065	0.03963
NA21104								3/6,3/6	0.997		1.0	0.04122	0.03864	0.30998	0.02662	2.45237	1.80922	0.09188	0.01975	0.26189	0.00258	0.00515	0.00172	0.01288	0.00172	0.09188	0.00515	0.0	0.10304	0.11077	0.00258
NA21105								2,3/6	0.974, 0.985		1.0	0.02463	0.02597	3.45275	2.39482	1.35953	0.57257	0.18043	0.03063	0.23369	0.00266	0.01265	0.0	0.01332	0.0	0.07324	0.00932	0.00133	0.08988	0.01598	0.00866
NA21106								4,5	0.973, 0.938		1.0	0.01267	0.02455	0.39471	0.02217	0.19439	0.0	1.14455	0.4149	8.56216	3.48552	0.80606	0.00633	0.0962	0.00079	0.10491	0.01544	0.0004	0.07245	0.06295	0.02019
NA21107								2,2	0.997		1.0	0.00944	0.01304	12.04847	8.2528	0.10972	0.00045	0.13715	0.00854	0.17582	0.0036	0.02608	0.0009	0.01844	0.0	0.04497	0.04722	0.0009	0.09668	0.01394	0.01889
NA21108								1,2	0.876, 0.991		1.0	3.20435	3.08764	9.38557	6.0909	0.12857	0.00066	0.20967	0.01187	0.25055	0.00132	0.00725	0.00132	0.0178	0.0	0.05209	0.01582	0.0	0.1734	0.05209	0.01451
NA21109								2,3/6	0.874, 0.989		1.0	0.01847	0.02375	1.20119	0.86148	0.88786	0.88259	0.13456	0.01451	0.23087	0.00132	0.00264	0.00066	0.01385	0.0	0.04617	0.01781	0.00132	0.09828	0.0343	0.00264
NA21110								1,1	0.997		1.0	5.97418	5.68136	0.2672	0.06161	0.1214	0.00122	0.08785	0.02867	0.63384	0.00244	0.00488	0.0	0.01403	0.0	0.17569	0.02623	0.00061	0.12567	0.10249	0.0244
NA21111								1,2	0.956, 0.984		1.0	2.79111	2.69509	4.30212	3.18299	0.12144	0.00071	0.13627	0.0233	0.30432	0.00141	0.01977	0.00071	0.01836	0.0	0.05437	0.02683	0.00212	0.11085	0.02824	0.02048
NA21112								1,2	0.944, 0.983		1.0	3.06599	2.95962	5.0545	3.42827	0.1095	0.00188	0.1727	0.00626	0.20273	0.00313	0.01189	0.00063	0.01251	0.0	0.04443	0.01689	0.0025	0.11013	0.04255	0.04755
NA21113								2,3/6	0.992, 0.969		1.0	0.01825	0.02619	11.64431	7.55734	1.1507	0.71264	0.08729	0.01428	0.20713	0.0	0.04127	0.0	0.02936	0.0	0.04762	0.04365	0.00476	0.13332	0.06984	0.02778
NA21114								2,3/6	0.95, 0.992		1.0	0.03157	0.02671	5.10629	3.63706	0.9382	0.51808	0.16595	0.0089	0.20561	0.00324	0.00324	0.0	0.00809	0.0	0.05181	0.0089	0.00081	0.07609	0.02428	0.00648
NA21115								3/6,4	0.962, 0.99		1.0	0.0173	0.03598	0.46287	0.04566	0.77836	0.48155	1.60931	0.97762	0.4767	0.00554	0.00346	0.0	0.01799	0.0	0.08164	0.00969	0.00138	0.1702	0.11485	0.00761
NA21116								2,2	0.996		1.0	0.01287	0.01962	14.78178	9.53292	0.14589	0.0	0.1796	0.00797	0.20718	0.00184	0.05455	0.00123	0.03126	0.00123	0.04413	0.0521	0.0	0.17347	0.05272	0.04659
NA21117								2,3/6	0.97, 0.992		1.0	0.0244	0.03474	4.51162	3.24381	1.32916	0.59657	0.12567	0.01922	0.26687	0.00444	0.03031	0.00074	0.01109	0.0	0.03622	0.01478	0.00074	0.09462	0.02587	0.01626
NA21118								2,3/6,4	0.968, 0.842, 0.73		1.0	0.01308	0.01046	8.70568	5.92849	0.5703	0.08319	0.71837	0.45153	0.24539	0.00157	0.03296	0.00052	0.01203	0.0	0.05965	0.03087	0.00105	0.1397	0.0136	0.00732
NA21119								2,2	0.997		1.0	0.01357	0.01408	16.03698	10.56883	0.1317	0.0005	0.1503	0.01005	0.15583	0.00251	0.0382	0.00151	0.01508	0.0	0.04675	0.04072	0.00101	0.1322	0.03016	0.01759
NA21120								2,3/6	0.98, 0.992		1.0	0.01946	0.01882	5.41289	4.3573	1.44097	0.83305	0.16415	0.03763	0.23811	0.0013	0.02271	0.0	0.01103	0.0013	0.04477	0.01557	0.00065	0.1064	0.01817	0.04087
NA21122								1,3/6	0.979, 0.785		1.0	3.65418	3.48967	0.23851	0.05136	0.45003	0.22371	0.12622	0.02002	0.38213	0.00174	0.00348	0.0	0.01306	0.0	0.10881	0.01393	0.0	0.13492	0.06615	0.02873
NA21123								1,2,3/6	0.923, 0.878, 0.79		1.0	2.70516	2.62104	5.84072	3.6628	0.47197	0.28954	0.1164	0.00978	0.23525	0.00196	0.00783	0.0	0.01761	0.0	0.06847	0.01956	0.00196	0.14233	0.03815	0.00636
NA21124								2,3/6	0.911, 0.993		1.0	0.03357	0.03491	7.07135	4.47834	1.414	0.61703	0.12085	0.0235	0.24171	0.00201	0.01544	0.00134	0.01813	0.0	0.06714	0.02619	0.00134	0.14167	0.03626	0.0188
NA21125								1,3/6	0.974, 0.972		1.0	3.58109	3.43921	0.26093	0.02699	1.52823	0.8008	0.11628	0.02492	0.38759	0.00761	0.01453	0.00069	0.01453	0.0	0.08444	0.01453	0.00138	0.10451	0.02907	0.01315
NA21126								2,3/6	0.994, 0.973		1.0	0.02018	0.01581	9.34055	6.34317	1.12545	0.58453	0.14941	0.02999	0.23447	0.00327	0.0409	0.0	0.02617	0.0	0.04689	0.02944	0.00109	0.21211	0.00654	0.01145
NA21127								1,3/6	0.982, 0.981		1.0	3.76446	3.66115	0.3179	0.051	1.03317	0.76892	0.12186	0.01656	0.32518	0.00265	0.00265	0.0	0.01788	0.0	0.15365	0.02252	0.00132	0.12848	0.06292	0.00066
NA21128								3/6,3/6	0.986		1.0	0.02701	0.02191	0.33076	0.01733	3.01963	1.78935	0.08664	0.05861	0.39905	0.00204	0.02497	0.00051	0.01274	0.0	0.03262	0.02701	0.00102	0.13098	0.04281	0.00408
NA21129								2,2	0.997		1.0	0.01565	0.0163	10.01506	6.87883	0.11476	0.0	0.1278	0.01239	0.20734	0.00196	0.01304	0.0013	0.01434	0.00065	0.03847	0.03325	0.00065	0.08541	0.0163	0.02152
NA21130								2,2	0.986		1.0	0.01356	0.01068	13.93475	9.60817	0.10392	0.0	0.12446	0.00575	0.16677	0.00123	0.02629	0.0	0.02341	0.00041	0.04806	0.04724	0.00041	0.12118	0.00575	0.00863
NA21133								1,3/6	0.962, 0.987		1.0	4.32684	4.1332	0.3674	0.0743	1.28237	0.53998	0.12286	0.04037	0.31065	0.00293	0.0117	0.00176	0.01346	0.0	0.06962	0.01989	0.00117	0.1369	0.05792	0.00468
NA21135								1,2	0.961, 0.962		1.0	2.825	2.73022	9.88323	6.25387	0.11908	0.00122	0.10146	0.01701	0.27946	0.00243	0.02673	0.0	0.02005	0.00061	0.0887	0.04374	0.00122	0.09599	0.05893	0.02552
NA21137								3/6,5	0.976, 0.963		1.0	0.02075	0.02537	0.31592	0.04535	1.02155	0.72177	0.12913	0.02075	4.82486	1.72487	0.57419	0.00615	0.10146	0.00077	0.12299	0.00307	0.00077	0.06226	0.11607	0.00384
NA21141								1,5	0.971, 0.992		1.0	3.51517	3.40481	0.32263	0.0404	0.15619	0.0006	0.15137	0.01809	4.44507	1.61798	0.53913	0.00663	0.08865	0.0	0.13508	0.02171	0.0	0.1393	0.08744	0.01447
NA21142								2,2	0.997		1.0	0.01569	0.01806	12.2214	8.09611	0.14355	0.00048	0.16256	0.00951	0.21817	0.00048	0.03375	0.0	0.01996	0.00095	0.05704	0.04135	0.00095	0.12453	0.02947	0.01378
NA21143								1,3/6	0.956, 0.964		1.0	3.28539	3.1646	0.30236	0.03676	1.03311	0.79153	0.12379	0.00975	0.24158	0.003	0.00525	0.01651	0.01876	0.0	0.09978	0.01801	0.0	0.15005	0.07803	0.00825
NA21144								2,3/6	0.886, 0.981		1.0	0.02565	0.03568	9.00089	6.13849	1.43399	1.02029	0.13492	0.00669	0.35125	0.00558	0.01338	0.00112	0.02119	0.0	0.08698	0.07248	0.00112	0.11262	0.0446	0.0
