id	cen11_hor	ch1-1	ch1-2	ch2-1	ch2-2	ch3,6-1	ch3,6-2	ch4-1	ch4-2	ch5-1	ch5-2	ch7-1	ch7-2	ch9-1	ch9-2	ch10-1	ch10-2	ch11-1	ch11-2	ch12-1	ch12-2	cen11#67nea
HG00096	121597	33	34	359	21	1990	1247	1470	1140	537	2	9	2	13	1	78	41	2	152	26	2	0
HG00097	100339	32	35	352	19	2270	1204	72	94	317	1	20	1	13	0	73	17	2	125	105	21	1
HG00099	170728	62	30	9154	7007	160	0	305	19	8456	3468	592	21	200	0	130	23	4	74	153	57	77
HG00100	105921	35	34	592	39	259	0	2731	1411	833	1	9	1	16	1	72	8	2	232	37	12	1
HG00101	111338	34	29	2633	1801	206	1	1984	803	555	8	11	0	20	1	44	4	0	188	34	5	1
HG00102	97256	26	40	246	23	2490	1435	94	42	362	0	13	0	12	0	94	39	0	158	96	5	3
HG00103	86641	32	28	238	13	1633	1156	91	6	339	5	3	0	16	0	111	9	0	86	72	4	0
HG00105	111583	34	21	7108	5634	1256	435	270	4	209	6	13	0	14	0	72	24	0	182	133	41	0
HG00106	158868	37	37	10912	7081	1987	827	217	134	461	4	36	1	21	1	112	78	2	156	79	51	2
HG00107	139654	3507	3314	324	151	1850	1545	79	37	506	1	23	0	18	2	166	35	0	166	55	7	0
HG00108	127729	2678	2578	11238	7348	157	0	173	30	603	3	8	1	11	0	120	40	2	104	105	40	0
HG00109	149091	41	32	10811	7155	1650	784	225	102	377	2	22	12	27	0	107	72	3	204	60	59	3
HG00110	152162	8071	7761	297	38	1792	909	139	55	500	0	12	1	17	0	159	59	2	178	43	5	0
HG00111	111304	36	32	495	29	3296	1291	196	69	342	7	17	2	19	0	112	3	1	231	49	16	2
HG00112	90249	36	40	237	16	2292	1190	112	8	239	5	6	0	19	0	110	5	1	116	134	4	0
HG00113	90556	29	67	421	10	1376	591	1556	827	653	5	17	1	6	0	52	38	2	117	26	4	1
HG00114	80657	42	31	171	29	1941	972	106	12	219	1	3	1	9	1	59	2	0	88	87	2	1
HG00115	106502	34	29	261	46	129	1	100	3	12130	5386	783	11	213	0	171	4	0	1	221	5	160
HG00116	135314	40	45	374	60	3422	1864	143	50	452	2	26	2	19	1	178	84	0	231	97	13	2
HG00117	127541	32	46	593	21	268	1	3456	1679	1134	5	6	2	19	0	87	14	0	225	18	4	1
HG00118	161809	62	43	17831	11642	2027	1087	223	51	409	2	29	0	20	0	47	48	0	142	65	33	1
HG00119	128030	36	51	399	23	2902	1419	2523	1011	555	6	6	1	12	0	92	32	3	201	38	14	2
HG00120	98780	45	44	220	14	2449	1340	122	11	438	2	2	0	12	0	77	9	1	91	179	3	1
HG00121	122210	37	38	516	30	3383	2033	97	99	404	5	34	0	17	0	111	35	0	137	44	6	0
HG00122	127841	4479	4265	431	91	1830	705	119	86	417	1	20	9	28	1	132	39	3	172	44	12	0
HG00123	86032	2403	2266	215	31	1033	704	91	24	563	1	1	0	7	0	217	17	0	83	112	20	1
HG00125	128985	6923	6636	384	67	155	0	158	12	5701	2395	444	3	180	0	156	21	1	138	109	8	50
HG00126	151351	35	56	9271	7290	465	590	330	22	297	3	9	1	31	0	125	47	2	179	70	71	0
HG00127	91004	45	41	322	17	2784	1322	76	90	332	4	20	0	16	2	97	18	1	125	51	4	1
HG00128	130713	42	39	271	47	3421	1818	141	10	376	9	6	1	19	0	192	9	1	188	210	6	2
HG00129	95783	5115	4953	262	76	155	2	120	35	519	3	2	0	13	1	197	35	0	119	103	16	1
HG00130	86433	30	42	256	34	1551	726	101	35	3912	1300	671	4	151	0	99	29	1	110	17	4	36
HG00131	88992	42	43	292	50	1340	973	135	7	330	3	2	17	11	0	69	9	0	115	117	4	0
HG00132	102280	33	26	394	18	1745	764	1827	767	583	5	21	0	10	1	60	24	1	162	59	2	0
HG00133	152303	46	55	557	19	1571	884	1762	1465	741	3	3	0	23	0	114	17	0	200	62	6	2
HG00136	84688	33	32	218	22	1441	1361	70	11	311	3	2	0	9	1	122	6	0	80	87	2	0
HG00137	98565	29	39	438	198	1836	895	121	56	322	4	26	1	16	0	57	15	2	151	96	26	0
HG00138	116505	5452	5306	243	54	782	487	114	13	381	6	2	1	19	0	145	29	0	131	49	3	1
HG00139	133536	3759	3445	346	112	1658	693	98	15	581	6	25	0	19	0	185	44	1	176	28	5	0
HG00140	110324	41	33	356	29	932	592	2349	966	627	1	4	0	13	0	67	9	0	121	64	2	0
HG00141	124719	3178	2652	648	25	2806	1691	188	79	380	3	30	2	28	0	309	32	0	267	28	31	3
HG00142	128429	42	32	345	17	3681	1603	96	75	371	2	15	0	18	0	100	9	0	160	76	6	0
HG00143	96897	31	37	442	102	2100	1521	145	27	326	6	9	10	42	0	122	7	0	235	97	16	2
HG00145	100960	4349	4151	198	16	1041	519	77	6	469	5	8	0	11	0	136	16	0	131	28	1	0
HG00146	191933	26	43	545	26	2528	1132	1743	1079	1001	2	41	0	27	2	122	43	1	321	41	4	0
HG00148	92370	26	36	365	18	953	457	1027	806	450	2	5	23	20	1	29	7	0	70	19	5	0
HG00149	90929	35	40	397	16	759	363	1812	741	518	3	6	1	8	0	89	3	0	169	59	5	0
HG00150	143990	3724	3412	304	179	124	2	114	12	7843	3190	590	4	214	0	236	35	1	89	146	1	81
HG00151	101726	1346	1220	370	60	152	0	2394	938	942	1	5	2	11	0	150	44	1	147	43	9	1
HG00154	110074	3097	2978	237	17	1918	873	102	17	450	4	21	0	14	0	121	47	0	165	16	8	0
HG00155	62233	30	29	333	14	510	209	79	80	480	2	8	12	5	0	79	5	1	77	23	7	0
HG00157	78272	39	25	230	22	1661	1007	49	60	359	0	16	0	14	0	126	12	1	66	59	2	0
HG00158	114838	39	45	327	23	2852	1409	84	105	328	2	25	1	9	0	77	23	0	146	48	5	2
HG00159	108952	39	42	287	23	3225	1460	94	28	434	2	44	0	15	0	90	23	0	147	125	4	0
HG00160	94351	40	24	198	32	1999	1777	114	8	288	5	6	1	8	0	102	10	1	96	127	2	1
HG00171	66327	33	47	278	63	1768	1330	91	19	229	3	6	3	24	2	99	5	1	100	56	9	1
HG00173	105111	3051	2883	309	52	1654	667	91	92	359	0	45	0	13	0	100	39	0	113	69	3	2
HG00174	115339	4354	4011	372	30	1867	814	137	66	441	8	33	0	19	0	90	16	0	172	51	17	2
HG00176	110063	16	53	375	28	1239	1845	842	547	514	8	2	0	17	1	73	18	1	169	109	4	0
HG00177	110261	4448	4296	312	92	938	730	122	33	476	1	5	0	22	0	138	23	1	176	78	6	1
HG00178	144743	8425	8049	361	54	1722	701	118	27	520	3	19	0	14	0	129	31	1	177	41	1	1
HG00179	77363	1719	1496	204	30	295	0	103	65	3464	1167	528	3	82	0	242	30	2	64	38	7	21
HG00180	133832	5502	5333	563	69	1598	607	136	74	525	4	27	1	28	0	192	47	2	245	40	5	0
HG00181	167685	5226	5068	369	37	1963	960	129	160	446	4	20	1	12	0	194	64	1	178	49	22	1
HG00182	100469	40	44	275	32	763	508	130	9	7254	2886	339	26	124	0	112	6	0	44	124	8	130
HG00183	87105	24	32	281	31	1881	1245	58	53	299	2	17	0	11	1	55	15	0	87	92	0	1
HG00185	135961	9328	8755	312	71	140	3	117	21	544	3	20	0	9	0	143	42	0	155	55	23	4
HG00186	89436	4090	3904	234	51	763	488	112	24	504	8	5	0	16	1	179	20	0	118	56	19	0
HG00187	101940	34	39	248	31	1189	633	163	7	6743	2685	315	3	100	0	82	2	0	71	79	11	104
HG00188	93651	33	26	296	13	2479	1147	72	31	360	2	14	0	10	0	95	41	0	93	53	3	1
HG00189	95866	18	46	226	24	2043	922	40	25	287	2	18	0	19	1	55	16	0	134	63	3	0
HG00190	120460	34	48	332	21	2593	1703	127	48	312	4	6	2	20	0	61	24	0	163	122	9	1
HG00231	79083	35	26	206	44	1752	986	42	89	356	5	16	11	13	0	68	14	0	63	118	4	1
HG00232	251757	43	54	29280	21048	189	0	293	61	579	3	12	0	24	0	130	114	2	212	91	123	0
HG00233	163356	6215	6009	529	90	1372	585	192	9	689	3	8	1	24	2	171	23	2	222	147	5	3
HG00234	117754	41	43	374	26	3076	1396	156	40	477	3	26	0	22	1	79	31	0	154	66	8	3
HG00235	123001	26	50	447	29	2065	1033	1736	981	668	3	16	0	18	0	80	30	1	191	70	3	0
HG00236	157311	5027	4827	607	76	1125	490	4820	1505	848	5	9	1	29	0	128	25	0	357	52	8	0
HG00237	105121	32	35	335	18	1673	739	1060	420	591	2	24	0	14	0	95	33	0	149	21	11	0
HG00238	127534	25	27	14001	10288	159	0	224	20	275	5	9	2	17	2	56	40	3	132	47	89	0
HG00239	103152	33	36	431	25	2497	1484	113	14	233	3	9	1	33	2	108	7	0	186	124	3	0
HG00240	93604	3953	3807	253	11	975	515	82	10	415	7	8	0	5	0	144	30	0	138	49	3	3
HG00242	196292	8158	8042	11876	8004	174	0	338	44	756	5	16	4	34	0	165	107	0	293	63	66	2
HG00243	190398	34	39	10914	7732	2175	904	201	140	562	2	44	2	25	0	147	82	3	182	151	53	1
HG00244	93420	2558	2131	436	26	703	427	155	69	285	5	8	1	18	0	292	22	2	138	73	23	2
HG00245	176241	7316	7036	789	88	341	3	1658	1326	1080	8	9	2	36	0	135	51	0	362	32	18	1
HG00246	126869	3882	3736	441	33	1591	730	128	103	606	4	27	0	21	0	106	50	0	239	57	11	0
HG00250	108568	3002	2538	346	15	1102	504	115	118	269	3	6	0	15	0	299	19	1	133	68	15	0
HG00251	190965	50	41	15543	10439	2095	1271	369	58	415	6	23	14	21	2	143	129	1	230	57	75	2
HG00252	97010	36	55	354	19	2425	1296	109	54	318	7	31	14	19	0	91	6	0	94	61	5	0
HG00253	132439	3351	2831	412	44	354	3	1299	1346	561	5	6	0	18	1	338	24	0	178	3	17	0
HG00254	113281	33	42	277	27	3677	1489	80	47	390	3	32	2	13	0	54	46	2	142	34	6	0
HG00255	128410	4458	4355	340	60	1771	694	75	75	612	4	19	16	11	1	183	65	1	160	67	22	0
HG00256	116786	4191	4081	302	84	1047	553	80	9	600	4	24	0	15	0	81	36	0	147	132	17	0
HG00257	126135	35	47	490	24	1884	903	1275	789	710	5	30	0	12	0	87	25	1	189	68	8	1
HG00258	103224	42	51	412	26	2160	976	111	10	388	5	44	1	17	0	99	8	2	170	62	2	1
HG00259	145767	30	28	381	40	283	2	1303	716	10292	4281	1016	3	176	0	144	7	0	95	153	2	54
HG00260	101699	3412	3216	273	45	1069	518	98	13	386	6	7	1	22	0	104	25	1	115	54	5	0
HG00261	86777	3720	3548	359	45	155	1	76	70	610	3	4	0	12	1	62	16	0	136	53	15	0
HG00262	119223	34	42	9807	7049	127	0	198	19	6055	2554	483	1	122	2	80	24	0	78	96	23	68
HG00263	90792	27	31	394	25	1300	590	1832	766	562	0	5	0	19	0	56	9	1	158	42	6	0
HG00264	122916	3704	3560	356	70	1785	829	159	53	467	8	22	0	16	0	110	24	0	166	55	9	0
HG00265	131231	24	37	336	21	1852	651	1393	746	733	2	12	0	21	0	92	9	0	196	66	7	1
HG00266	66925	24	22	175	41	1911	1114	78	10	292	3	4	0	12	0	92	9	0	59	29	5	0
HG00267	88467	34	41	228	12	2440	1539	80	8	338	7	20	1	9	1	74	32	2	77	56	4	1
HG00268	95830	29	21	315	19	1497	648	100	32	2805	980	104	6	144	0	40	31	0	62	62	5	13
HG00269	76478	31	35	290	24	1758	924	125	7	225	2	4	1	19	0	84	5	0	110	93	7	1
HG00271	106506	2499	2170	378	21	1513	565	162	72	231	1	10	0	9	0	325	26	2	106	48	17	1
HG00272	122421	45	42	259	26	1992	1270	115	13	224	4	7	17	24	1	56	10	1	192	102	3	0
HG00273	86514	44	40	182	79	1012	602	85	5	7329	3072	533	3	163	0	147	5	0	25	114	1	89
HG00274	93261	24	35	197	36	993	1428	89	7	5470	2262	458	2	100	1	86	9	0	51	158	2	47
HG00275	110413	18	45	238	48	2619	1620	79	65	301	3	19	2	24	0	78	17	2	112	67	4	1
HG00276	77231	30	28	243	87	1241	895	69	47	232	2	3	1	43	0	101	9	0	122	101	6	0
HG00277	102857	29	33	355	14	1623	496	1166	955	447	2	7	1	5	0	73	8	1	157	112	5	2
HG00278	112934	42	28	403	33	2660	2054	102	90	420	7	33	20	18	0	59	48	0	106	103	3	0
HG00280	120261	40	36	312	49	3018	1231	119	9	316	2	6	3	16	0	117	8	0	113	249	5	0
HG00281	154303	32	49	424	73	2707	1360	145	126	365	6	20	0	15	0	100	40	1	185	76	5	2
HG00282	119008	3019	2591	471	35	351	2	1219	981	448	6	5	9	13	0	312	18	0	113	21	16	1
HG00284	73363	24	34	153	19	1828	1254	76	6	258	5	2	0	7	0	103	3	0	57	61	4	0
HG00285	111913	3215	3086	365	51	1555	644	115	88	527	2	12	2	6	2	107	48	0	108	53	10	2
HG00288	120069	4709	4536	541	63	1546	663	166	24	430	7	31	0	27	0	178	35	0	260	41	10	3
HG00290	159235	5531	5322	393	107	154	0	142	49	8914	3638	629	5	174	1	205	37	1	100	245	26	77
HG00304	85167	26	27	346	16	757	431	2038	746	584	3	4	0	10	0	98	5	1	126	18	8	0
HG00306	94646	2127	1869	307	29	1115	620	100	80	331	2	5	0	10	0	301	34	1	100	70	3	1
HG00308	116989	12	34	8741	5788	632	528	176	37	323	1	7	1	17	0	54	33	1	164	71	39	0
HG00309	110476	5007	4695	245	18	1467	1083	109	12	422	3	15	0	10	0	119	47	2	141	45	21	0
HG00310	81516	28	34	213	23	774	483	89	4	2937	805	423	3	108	1	127	4	1	41	14	1	18
HG00311	114705	3324	3153	337	58	1874	1155	114	25	364	3	72	0	16	0	120	43	0	160	54	7	2
HG00313	132391	41	50	432	33	4956	3127	133	100	391	8	38	0	23	1	56	37	1	255	39	12	1
HG00315	94201	3166	2674	371	25	314	4	191	91	2765	897	209	4	84	0	263	14	0	108	32	18	24
HG00318	99543	4969	4393	274	28	235	1	88	87	558	1	2	21	19	1	379	28	1	124	85	22	0
HG00319	169314	3035	2579	8142	6275	305	0	280	121	234	3	12	1	13	1	328	39	1	200	22	87	0
HG00320	126105	6958	6622	377	132	202	2	191	13	540	1	8	1	21	1	136	31	1	154	63	6	1
HG00321	180980	39	50	649	61	5309	3127	89	137	746	6	80	28	23	0	189	84	0	227	66	4	0
HG00323	89350	26	36	475	36	933	554	358	343	416	2	9	1	22	2	58	4	0	131	189	10	1
HG00324	133280	28	30	7103	5447	159	0	1300	955	458	6	5	0	18	0	49	22	0	132	9	26	0
HG00325	77080	23	29	248	12	1438	1824	79	8	230	1	3	0	8	0	29	5	1	92	124	3	0
HG00326	130928	43	55	437	51	3275	3200	106	75	421	2	44	1	14	2	80	42	2	218	144	9	0
HG00327	89118	29	57	204	17	1635	2138	79	7	366	3	4	0	8	0	72	6	0	86	131	5	1
HG00328	88301	33	25	363	25	1733	964	155	17	223	5	13	19	25	0	73	8	0	122	106	5	2
HG00329	107689	31	33	356	21	2951	1941	78	83	413	7	13	0	20	0	59	57	0	168	67	7	2
HG00330	96526	2944	2762	336	36	147	0	488	358	502	3	1	0	7	0	93	17	1	125	56	4	0
HG00331	91560	5040	4800	203	46	272	61	115	9	514	7	6	1	9	0	113	21	0	87	39	2	2
HG00332	174371	33	23	16190	11233	398	0	1420	1176	570	3	7	1	33	0	72	43	1	202	23	18	0
HG00334	104687	3543	3386	284	78	1164	523	132	10	285	4	18	1	21	0	98	24	0	137	76	7	0
HG00335	138225	35	36	794	26	3363	2048	190	141	399	8	46	3	31	0	108	46	0	369	45	14	1
HG00336	129746	29	31	578	18	3807	1396	205	79	486	6	21	19	16	0	113	75	1	141	63	14	0
HG00337	98338	34	32	274	32	2345	1094	71	36	381	4	4	2	17	0	88	47	1	108	86	2	1
HG00338	133522	2878	2438	580	55	1398	500	231	75	327	1	11	1	19	1	301	25	1	223	111	15	2
HG00339	120573	36	48	442	55	923	603	196	11	7797	3360	602	8	135	0	137	11	3	81	213	10	76
HG00341	124356	8173	7672	328	34	144	4	102	16	491	2	2	0	5	1	139	43	0	149	61	28	1
HG00342	135673	2714	2574	459	78	114	1	153	15	12004	5285	845	5	178	1	199	22	0	58	253	3	132
HG00343	123039	35	39	400	33	1853	892	145	22	6675	2785	511	3	142	0	112	21	1	96	132	3	48
HG00344	99583	2293	1958	256	23	933	353	138	60	310	3	3	1	17	1	265	50	0	106	85	1	1
HG00345	136961	5202	4957	482	65	1740	701	147	80	528	5	23	10	20	1	234	21	2	196	35	4	0
HG00346	109451	2806	2336	431	42	1212	422	158	107	221	6	4	1	17	0	274	22	2	173	36	20	1
HG00349	121762	37	40	403	42	3597	2086	81	107	566	4	46	2	28	0	76	74	2	183	77	5	1
HG00350	152313	4280	3638	752	45	414	1	254	274	632	1	6	2	22	0	419	23	1	248	73	27	1
HG00351	79001	29	29	280	10	758	449	1052	823	409	1	6	1	16	0	56	4	0	96	21	4	0
HG00353	105353	32	39	345	26	1114	538	1143	698	560	4	1	1	18	0	79	11	0	168	54	7	2
HG00355	135088	70	39	289	24	3009	1488	184	14	556	6	7	1	17	1	199	46	1	93	133	1	0
HG00356	122427	7499	6896	404	22	328	3	142	116	440	3	8	0	24	1	411	34	1	159	30	18	1
HG00357	153518	12052	11587	342	62	180	3	142	9	617	3	6	0	17	0	244	30	0	205	33	5	2
HG00358	140903	5568	5338	382	43	1051	1832	155	13	395	3	4	1	14	0	185	13	1	157	130	7	2
HG00360	78433	2340	2224	265	28	1385	921	50	20	635	2	15	1	17	2	136	25	0	83	98	22	1
HG00361	94533	2488	2408	311	77	1267	518	56	55	640	3	7	0	11	1	171	60	2	112	79	8	0
HG00362	137311	37	18	416	20	2076	871	1247	679	782	1	10	1	30	0	86	40	1	191	44	4	0
HG00364	128345	8754	8384	381	73	197	1	134	43	722	3	16	0	23	0	151	25	0	216	52	26	2
HG00365	81504	34	28	238	56	1674	1266	86	22	206	0	7	0	14	0	54	2	1	88	81	0	0
HG00366	114876	4694	4536	425	43	553	701	125	18	363	4	10	0	18	0	153	22	0	134	144	4	1
HG00367	117319	7285	7137	663	46	1270	926	215	13	426	9	41	0	22	0	103	48	2	257	47	14	2
HG00368	126603	4830	4590	470	53	1073	460	228	10	418	2	6	0	25	2	222	33	3	262	85	14	1
HG00369	157192	4394	4199	586	64	2429	926	141	109	554	10	27	0	23	0	143	74	2	284	68	7	1
HG00371	118230	30	28	345	53	2710	1314	106	58	312	6	26	1	11	1	100	40	0	136	20	6	2
HG00372	106350	25	45	323	19	1617	509	1966	1135	549	3	6	10	9	0	119	8	1	122	89	7	1
HG00373	122081	5184	4972	295	54	1056	652	126	6	416	5	9	1	15	0	190	26	0	123	28	4	0
HG00375	137720	5840	5545	522	67	1636	547	213	22	460	10	16	0	27	2	237	32	0	290	158	8	0
HG00376	117503	3288	2735	434	26	1321	534	179	141	288	3	11	0	14	0	347	27	1	140	71	18	0
HG00378	134401	4662	4469	7100	4194	124	0	180	12	350	1	16	1	24	1	178	38	1	203	67	33	1
HG00379	115475	7804	7561	292	72	140	5	94	13	487	2	3	0	10	0	148	47	0	176	69	2	1
HG00380	111191	3342	2760	370	25	271	2	114	106	4503	1485	620	2	84	0	332	14	0	76	53	23	19
HG00381	152528	10108	9550	476	44	226	0	151	62	419	2	10	0	19	0	312	66	0	182	78	4	1
HG00382	97129	31	32	315	11	2052	980	122	69	382	1	24	0	17	1	98	21	0	100	251	3	1
HG00383	131979	8144	7888	339	62	95	2	105	33	685	1	6	1	10	1	296	32	2	110	104	13	0
HG00384	145315	36	45	9540	7104	1795	728	228	101	566	4	22	0	18	0	98	42	2	146	20	54	1
HG00403	190465	12329	11558	419	314	146	4	141	58	676	0	7	0	24	0	133	49	2	233	145	7	0
HG00404	146075	26	26	9071	5928	1675	789	124	58	346	6	42	0	39	0	156	36	2	120	36	41	3
HG00405	141301	5832	5521	355	154	1481	878	118	58	504	3	35	0	28	0	146	28	0	271	92	2	0
HG00406	126297	27	30	12531	8419	999	489	125	10	345	3	8	0	14	0	56	83	0	135	5	24	0
HG00407	113748	48	42	321	15	3216	1701	88	31	453	1	4	0	11	0	125	17	1	119	45	3	14
HG00408	160341	32	34	13850	9450	2182	1119	119	33	441	7	7	1	27	0	97	91	2	226	23	22	1
HG00409	85485	42	38	332	34	2421	1141	98	20	392	3	12	1	17	0	70	2	1	146	31	5	1
HG00410	121526	3911	3687	370	24	2058	1205	93	16	437	2	41	1	10	1	104	21	0	182	52	21	1
HG00418	171947	65	45	11737	8142	2316	1311	185	77	489	0	69	0	31	0	127	18	2	142	95	18	0
HG00419	184903	29	43	18173	13091	258	0	382	35	387	1	17	2	31	0	49	88	5	138	14	26	1
HG00420	179308	41	30	18413	12435	170	0	308	19	359	5	14	1	26	0	47	53	3	156	39	21	1
HG00421	189491	38	35	24700	17173	186	1	247	23	449	4	19	0	22	0	94	75	1	202	23	72	1
HG00422	145365	43	46	10664	7497	1715	1149	284	15	374	3	9	1	27	0	79	8	0	198	24	28	1
HG00423	156047	37	25	11620	7998	1556	1139	188	22	386	3	7	1	27	1	51	55	3	183	25	20	1
HG00427	180555	39	43	11803	7845	2632	1127	192	78	432	10	37	0	38	1	115	14	2	176	87	22	0
HG00428	117422	40	65	511	29	3459	1752	150	23	517	9	47	1	31	1	131	7	3	290	45	7	0
HG00429	150461	34	32	10817	7157	1771	809	191	16	465	7	14	0	22	0	70	15	2	159	62	18	1
HG00436	98551	39	40	214	51	2703	1512	46	38	383	4	33	1	8	1	160	9	0	102	17	5	2
HG00437	129501	38	28	9982	7007	2131	1260	130	45	479	8	19	0	12	0	67	41	0	179	42	51	3
HG00438	117826	68	66	284	9	3536	2127	57	74	582	4	53	0	14	0	129	18	2	160	38	2	0
HG00442	121370	3150	2883	381	113	1770	857	107	31	427	6	24	1	20	0	176	24	1	122	41	5	1
HG00443	225510	38	35	29980	20931	295	2	359	24	378	4	39	2	44	0	86	167	2	175	6	28	1
HG00444	170479	3330	3095	12067	8153	147	3	167	13	434	1	27	1	34	0	135	33	3	170	40	16	1
HG00445	141836	34	36	478	54	3398	2078	146	70	351	4	35	2	24	0	122	30	1	215	70	7	3
HG00446	171200	5106	4898	13276	9153	235	1	242	15	450	4	19	2	14	0	41	113	0	157	37	48	0
HG00447	147907	27	36	11761	8259	1121	586	191	12	387	3	6	2	28	1	51	79	2	201	47	35	1
HG00448	152390	40	54	11324	7767	2188	724	255	16	357	4	12	0	31	2	122	27	1	365	86	57	0
HG00449	91177	32	30	269	28	2434	929	99	12	366	0	7	0	10	1	107	6	0	76	24	6	0
HG00450	122893	34	29	10662	7313	1217	506	137	19	428	2	15	0	22	0	117	36	0	142	46	23	1
HG00451	94245	47	32	272	59	2028	1030	121	9	305	7	3	0	18	0	76	6	0	139	20	6	1
HG00452	152913	6486	5995	417	158	1977	991	152	60	654	4	22	3	17	0	116	26	0	158	104	7	4
HG00453	111372	40	32	283	40	3039	1643	73	29	532	0	22	1	15	1	103	16	1	142	35	3	0
HG00457	175895	43	28	12939	9162	1864	1051	226	57	475	2	79	2	21	0	85	51	0	220	29	31	0
HG00458	92210	38	25	325	15	2554	1258	86	11	265	2	3	0	12	1	101	8	0	100	14	4	2
HG00459	137422	33	36	11964	8570	974	601	181	15	302	1	27	1	16	1	72	63	0	153	2	42	0
HG00463	129957	36	42	355	25	3470	1739	92	89	421	2	23	0	15	1	125	12	0	132	67	4	1
HG00464	176622	20	53	14500	10355	2136	963	255	46	465	9	30	0	25	0	69	73	3	199	23	28	1
HG00465	116728	35	27	293	24	3138	1624	66	31	465	8	18	0	19	0	107	4	0	188	65	3	0
HG00472	93703	30	43	296	29	2778	1394	80	55	372	7	26	0	17	1	118	10	1	112	35	2	1
HG00473	150517	41	40	9708	6475	2023	997	158	49	390	7	104	0	21	1	87	42	1	155	47	31	1
HG00474	96327	34	38	175	42	2958	1627	71	65	388	2	14	0	12	0	105	16	0	123	26	2	0
HG00475	148919	27	33	11746	8396	1513	502	205	20	367	4	7	1	23	0	58	70	0	94	41	47	0
HG00476	162540	3172	2898	13792	9299	171	1	214	14	524	1	22	0	26	0	118	62	0	215	40	49	0
HG00477	175606	3422	3126	12350	9046	167	0	216	19	494	3	12	0	18	0	127	92	3	243	35	35	1
HG00478	118233	39	53	469	34	3660	1981	134	31	566	4	47	1	25	1	121	10	2	185	40	7	1
HG00479	101495	20	19	379	42	2627	1426	138	40	305	3	20	0	13	0	105	31	1	173	59	10	1
HG00480	120560	39	20	347	21	3725	1882	56	58	492	3	45	0	17	1	142	44	0	165	50	3	1
HG00500	176593	11389	10731	641	246	223	0	201	43	793	12	12	3	33	0	187	52	1	328	98	12	2
HG00501	137815	3196	2938	12762	9231	182	0	182	15	430	3	48	1	20	0	110	91	1	141	28	25	0
HG00502	113144	7556	7203	245	77	119	4	62	10	551	1	10	0	10	0	129	35	0	185	67	16	0
HG00512	147095	9690	9139	292	133	160	4	114	41	722	7	13	1	21	0	135	61	1	195	126	24	0
HG00513	274647	10079	9657	19688	13890	221	0	258	114	772	5	12	0	34	2	251	69	1	400	108	89	1
HG00514	146188	4971	4665	9562	6615	121	5	177	30	578	5	13	0	21	0	99	49	0	231	98	33	2
HG00524	134552	5623	5344	341	127	818	761	172	30	485	3	7	0	14	0	146	42	0	147	92	5	0
HG00525	145395	4192	4029	9661	6235	269	4	232	12	282	6	18	0	36	3	138	33	3	319	58	87	0
HG00526	109958	4653	4503	284	22	892	869	105	23	346	3	7	0	13	0	118	33	0	134	50	3	1
HG00530	113160	39	32	286	30	2378	1582	134	29	471	2	19	1	16	0	95	6	2	160	59	3	3
HG00531	157254	5834	5494	422	142	1131	873	202	58	553	8	7	0	27	0	92	45	0	242	126	10	0
HG00532	120437	27	33	228	28	1892	1568	126	39	281	7	9	1	24	0	102	16	1	171	135	3	1
HG00533	111514	4560	4200	348	26	1614	809	75	39	518	5	17	0	11	0	53	30	1	120	31	16	0
HG00534	127463	4293	4146	331	80	1843	896	93	67	535	5	25	0	11	1	77	28	0	143	56	4	1
HG00535	131598	8981	8509	281	88	156	2	77	21	449	8	22	0	13	0	55	37	2	201	48	22	0
HG00536	85658	29	28	197	48	1560	976	62	5	281	2	5	0	45	0	76	5	1	103	24	5	15
HG00537	141829	28	37	13819	8555	328	1	1616	771	486	2	16	1	24	0	57	36	3	302	25	45	1
HG00538	102022	40	40	274	56	750	493	1409	826	509	1	12	0	20	0	93	19	0	153	31	1	0
HG00542	186888	34	80	24019	16387	302	0	435	19	277	5	36	0	43	1	84	58	1	279	62	61	1
HG00543	110768	42	55	307	24	2981	1737	97	68	375	8	27	0	18	0	99	8	1	130	25	3	14
HG00544	150598	34	107	13272	8732	1212	685	201	15	299	8	10	3	20	1	85	25	2	189	6	39	15
HG00551	207182	38	37	20045	13184	232	0	300	16	7896	3309	561	3	168	0	168	44	2	192	109	90	95
HG00552	165643	38	31	15725	10137	219	0	1362	848	585	2	6	0	16	1	70	55	2	372	25	46	3
HG00553	136011	42	37	11588	8625	4907	2451	253	24	389	5	9	0	19	0	65	38	0	168	1	27	0
HG00554	117805	36	33	421	32	1588	1538	1720	1113	502	3	18	2	19	1	74	21	0	192	22	6	1
HG00555	86371	26	46	228	40	5778	3719	77	46	347	2	39	0	28	1	78	62	1	148	31	4	1
HG00556	105053	4971	4711	209	160	755	323	55	32	509	4	10	0	18	0	78	38	0	173	71	3	0
HG00557	121193	31	32	7027	4992	1333	709	218	14	300	1	8	0	23	0	82	50	0	112	1	6	1
HG00558	119392	5242	4941	233	140	1170	576	86	28	459	5	6	0	24	1	108	35	1	183	85	0	0
HG00559	92379	31	49	191	30	1953	898	42	14	316	1	2	0	7	0	119	4	1	85	79	4	0
HG00560	123798	4201	4048	9650	6579	115	1	146	14	473	5	19	0	12	0	57	42	1	119	29	32	2
HG00561	128377	5006	4834	296	99	1405	582	75	17	368	3	28	0	16	0	130	27	1	190	41	5	0
HG00565	120314	26	31	10707	7630	763	394	210	10	250	3	44	0	22	0	57	80	1	163	26	40	1
HG00566	193733	38	43	13222	8711	1193	1054	252	9	389	3	14	2	22	1	145	36	1	210	131	75	2
HG00567	177851	43	27	19611	13501	181	1	245	15	337	0	29	0	18	0	78	84	1	174	36	56	1
HG00577	73131	1144	1070	111	78	1245	644	65	18	326	2	17	2	28	1	67	39	1	84	63	3	0
HG00578	146580	5504	5054	360	88	1784	875	91	56	631	4	20	1	21	0	175	28	1	229	67	5	1
HG00579	94536	1272	1213	201	68	1788	948	67	31	548	4	25	0	17	1	125	29	1	147	44	4	0
HG00580	128456	4707	4463	330	24	1476	921	88	18	402	1	6	1	19	1	158	20	0	150	100	18	0
HG00581	97153	29	63	359	15	2695	1490	60	35	481	3	36	0	17	0	136	8	2	131	21	4	1
HG00582	103104	31	56	284	24	2624	1612	71	22	418	5	20	0	17	1	141	10	3	99	82	1	0
HG00583	126358	37	29	9792	6836	1089	814	244	15	397	9	8	4	17	0	111	22	0	257	72	44	2
HG00584	158514	7960	7507	545	115	1496	677	189	65	751	2	24	0	21	0	147	33	0	241	88	8	2
HG00585	102525	34	41	262	49	2107	1444	76	58	339	3	42	0	34	0	132	41	2	176	86	2	0
HG00589	115234	28	40	501	44	3473	1733	115	95	448	4	42	1	13	1	109	17	0	152	50	10	0
HG00590	165602	33	33	19922	13386	88	0	141	19	403	2	9	0	12	2	121	20	2	164	26	94	0
HG00591	139258	39	30	10853	7598	1653	997	149	56	479	7	41	1	18	0	118	53	0	159	75	33	1
HG00592	125168	68	63	706	35	2340	1036	1310	570	481	1	32	1	21	0	107	7	0	234	49	4	2
HG00593	153348	5864	5458	447	149	1488	950	186	54	494	2	7	21	19	0	114	27	3	207	96	6	1
HG00594	176428	5853	5400	603	188	1153	251	1333	612	743	4	59	23	34	0	113	40	5	279	137	3	2
HG00595	161302	3717	3457	12003	8540	136	1	211	21	512	1	8	1	19	0	75	120	2	176	76	25	2
HG00596	187432	32	48	25296	17457	93	0	267	17	769	5	9	0	13	0	137	46	3	207	34	83	1
HG00597	164869	29	35	22448	15822	144	0	274	25	416	2	14	1	21	0	73	104	2	175	17	42	0
HG00598	116046	30	43	11044	7609	962	340	186	8	260	1	18	0	20	0	71	40	13	103	67	27	1
HG00599	135268	4846	4604	412	78	233	0	1710	1188	555	1	12	0	21	2	65	7	0	206	51	11	1
HG00607	156965	27	32	13285	9001	1371	663	135	18	486	5	6	0	14	2	95	26	4	123	15	44	0
HG00608	175871	9536	8950	440	250	157	8	141	20	512	3	5	0	35	0	169	59	1	282	138	3	1
HG00609	167892	3157	2956	12124	8048	156	1	130	25	371	1	23	0	42	0	114	34	0	218	64	23	0
HG00610	186380	25	34	23756	16848	310	0	387	13	315	8	16	2	22	1	63	115	3	236	26	42	0
HG00611	115189	4244	4013	369	30	158	1	1674	697	613	7	5	1	10	0	98	23	0	144	54	26	2
HG00612	161618	4109	3904	11929	8229	182	6	238	24	377	3	11	0	28	0	97	97	1	219	53	30	1
HG00613	90315	32	43	269	14	2338	1208	57	14	348	4	18	0	7	0	123	2	1	114	23	1	0
HG00614	192506	6049	5611	16284	10454	223	0	297	30	447	2	11	0	28	1	71	72	2	264	73	38	0
HG00615	138037	5654	5335	315	154	1425	732	127	47	534	1	22	1	23	1	123	43	0	213	98	1	0
HG00619	148944	46	62	917	53	2025	1111	2120	1364	858	3	53	1	13	1	132	12	2	172	44	11	4
HG00620	107723	33	39	318	18	3017	1846	58	31	423	5	25	0	10	0	94	22	1	93	21	5	2
HG00621	116421	33	37	424	16	1928	879	1577	1124	727	4	19	1	13	0	91	11	1	162	29	7	0
HG00622	100195	26	23	416	16	2073	817	1772	871	618	1	22	0	18	0	61	3	3	188	35	6	2
HG00623	155648	5298	4961	352	140	2196	703	109	66	797	4	46	0	20	0	151	51	0	175	108	3	0
HG00625	137258	4924	4629	440	47	2315	960	103	36	659	1	27	0	20	0	156	18	1	186	87	18	1
HG00626	114089	29	25	12750	9072	595	419	169	24	476	4	5	0	49	2	107	20	4	69	36	37	27
HG00627	135590	4381	4146	11459	8348	168	4	168	45	559	0	34	0	40	0	158	66	1	184	95	51	2
HG00628	127226	40	30	11644	8116	1139	552	170	17	506	4	11	0	10	2	79	22	0	127	36	48	0
HG00629	174779	30	30	12659	8787	1470	1138	153	42	322	4	8	0	18	0	128	135	0	160	20	84	3
HG00630	115598	34	40	10502	7199	1112	886	115	40	379	1	9	0	14	0	94	68	2	161	18	22	1
HG00631	82754	28	29	206	15	1475	953	73	4	208	7	3	1	11	0	46	9	0	93	17	2	0
HG00632	138125	4912	4466	454	82	227	1	1833	842	876	2	8	1	20	0	108	20	0	189	71	6	0
HG00634	146804	28	23	9671	6722	863	758	165	13	308	5	9	1	21	0	186	7	0	113	73	77	3
HG00635	121880	3207	3000	251	98	1524	845	59	26	516	4	23	3	24	0	175	25	0	151	49	4	0
HG00636	163701	31	44	10060	6799	1799	971	138	53	467	5	42	1	29	0	216	20	1	181	54	63	1
HG00637	130350	30	41	325	22	4035	2123	141	11	463	1	24	0	38	1	128	128	0	137	146	4	0
HG00638	103300	38	26	296	33	2380	1455	67	51	377	1	19	0	17	0	102	9	1	153	64	4	0
HG00639	83048	38	31	176	29	1720	1094	99	53	239	5	19	1	32	0	121	27	0	110	127	0	1
HG00640	135053	32	36	9143	6464	166	5	722	535	505	0	13	2	11	0	108	23	1	126	47	44	0
HG00641	89611	28	32	433	21	1077	505	1686	623	504	2	4	0	12	0	69	14	1	157	27	7	1
HG00642	106257	27	33	512	23	228	2	2691	1545	951	1	10	0	19	0	139	5	0	150	58	3	0
HG00650	209705	7766	7137	571	274	2338	1305	122	123	790	1	61	0	28	0	183	35	1	287	110	6	0
HG00651	174507	32	34	13119	9167	217	2	1375	612	704	2	20	0	16	1	63	221	2	184	4	9	0
HG00652	121372	42	37	403	28	2004	1146	1126	581	711	3	43	0	12	0	90	9	2	147	16	7	1
HG00653	189265	52	62	474	24	5297	2207	73	120	862	2	76	1	17	0	272	15	2	222	63	6	0
HG00654	204602	32	32	27675	19265	209	0	253	17	421	2	61	0	12	1	52	169	1	195	5	33	1
HG00655	172733	41	38	12994	8786	2290	910	174	51	470	1	59	0	33	0	115	99	1	214	23	18	0
HG00656	97437	4600	4425	219	93	857	342	64	49	194	1	3	1	14	0	68	33	0	156	76	3	0
HG00657	123790	20	37	11690	7871	1744	938	134	25	358	0	35	2	22	1	106	124	0	216	23	8	1
HG00658	103309	32	27	259	16	2753	1429	54	36	334	1	24	0	11	0	96	11	2	129	16	1	1
HG00662	196409	84	86	1000	103	5521	2769	294	93	819	15	120	1	51	3	217	17	4	451	59	26	0
HG00663	169147	30	31	14046	9768	2654	1770	215	39	502	2	62	1	27	0	112	120	0	144	26	12	0
HG00664	131254	30	50	275	52	4208	2434	63	99	537	5	94	1	29	0	146	20	0	140	51	5	0
HG00671	155212	32	34	14659	10043	971	576	181	10	321	1	14	0	22	0	95	138	2	161	20	6	0
HG00672	102349	3531	3382	350	55	1674	814	98	26	418	4	19	1	15	0	124	44	1	238	49	4	1
HG00673	107921	30	60	234	23	2417	1423	71	34	433	6	14	0	17	1	136	43	2	146	23	2	0
HG00674	175781	5317	5044	10646	7736	165	0	235	16	442	2	10	1	27	0	106	93	0	197	12	35	1
HG00675	152227	9806	9391	416	208	206	1	169	50	540	5	8	0	13	1	113	32	1	178	169	5	1
HG00683	117914	35	32	11305	7359	948	337	161	6	249	2	9	1	29	0	63	12	2	257	37	60	0
HG00684	82305	25	41	259	44	2101	1187	75	8	411	2	6	1	19	0	100	5	0	123	66	4	1
HG00685	134664	39	31	11967	7792	1199	620	141	20	347	0	15	1	17	1	112	31	2	147	97	44	0
HG00689	266058	40	42	34722	23224	426	0	544	35	409	4	28	1	63	1	84	52	8	509	78	152	2
HG00690	110410	3021	2864	496	105	1148	699	208	20	334	2	32	4	25	0	122	27	1	260	43	10	1
HG00691	150095	3404	3229	11948	7235	127	2	162	17	314	2	17	3	16	0	131	59	2	238	81	34	2
HG00692	137575	4848	4720	286	143	1125	586	85	13	412	5	4	0	23	0	186	25	0	164	30	3	0
HG00693	149511	5750	5439	370	232	1451	813	167	38	500	5	11	1	30	1	116	33	0	235	97	5	1
HG00694	123084	4460	4256	244	109	1369	876	71	29	373	6	6	0	13	0	179	39	0	137	27	6	1
HG00698	159482	25	28	361	263	1167	985	154	42	412	2	28	0	10	1	141	7	2	117	7	82	1
HG00699	122353	3843	3526	338	161	1431	725	88	11	336	4	7	1	18	0	175	40	0	123	29	6	1
HG00700	166054	3496	3191	290	356	119	0	157	29	362	7	10	1	15	1	157	51	1	152	45	79	0
HG00701	192591	6448	6025	13204	9003	93	4	187	42	679	8	14	0	30	3	144	47	0	243	111	41	1
HG00702	112790	26	33	12518	8510	862	345	109	8	184	0	18	0	19	0	55	126	5	142	4	5	0
HG00703	128241	5474	5106	294	186	870	347	100	35	468	9	9	0	24	1	92	29	2	172	92	2	0
HG00704	105798	47	42	9686	6692	1023	543	97	39	401	2	25	0	18	0	117	35	0	123	25	33	0
HG00705	110747	25	28	10284	6975	1105	548	116	10	446	1	9	0	10	0	90	31	1	118	16	38	0
HG00706	146093	37	24	21037	14692	95	0	165	13	605	0	21	0	23	0	117	46	1	175	48	57	0
HG00707	115870	47	55	377	31	3323	1820	89	56	513	5	20	2	22	1	118	30	0	131	56	6	1
HG00708	160225	21	36	12577	8393	1851	915	195	30	392	1	38	1	22	0	74	28	2	203	20	36	0
HG00709	125059	27	73	335	26	3418	1822	91	48	542	1	37	1	17	1	152	9	1	148	61	3	0
HG00717	159892	21	28	16369	11570	280	0	240	17	417	6	29	1	21	1	29	94	1	137	4	50	0
HG00728	125277	28	32	357	22	3786	2234	92	46	412	0	20	0	9	0	73	28	2	123	48	4	0
HG00729	197210	33	42	24570	16419	173	1	329	22	453	4	13	1	26	1	166	43	3	277	38	115	1
HG00731	153094	39	43	14876	10031	1155	554	176	20	320	0	14	1	19	0	77	25	1	152	49	31	0
HG00732	106877	6709	6366	335	43	338	1	115	11	456	3	3	2	19	0	368	27	2	146	38	19	0
HG00733	163124	4663	4571	14886	10019	194	2	160	22	416	3	3	0	21	0	111	31	2	246	5	39	0
HG00734	96631	35	31	241	37	2653	1361	116	15	345	4	5	2	9	0	109	2	0	107	170	5	1
HG00735	87260	43	33	195	57	2276	1127	121	27	279	3	22	0	37	1	125	30	1	129	143	3	0
HG00736	100853	34	33	575	26	2507	1404	211	108	344	5	28	3	36	1	106	19	1	228	70	12	3
HG00737	111027	29	39	364	35	905	421	1743	954	550	2	7	0	16	1	91	8	0	154	92	3	0
HG00738	99009	33	29	300	24	1048	586	1692	970	529	3	19	1	19	0	110	14	1	155	76	3	0
HG00739	99410	43	41	535	53	2746	1470	154	68	319	7	9	1	28	2	106	22	2	242	61	27	0
HG00740	85100	25	30	176	11	1937	1064	78	13	254	2	3	0	5	0	77	7	0	83	118	2	0
HG00741	92735	30	27	242	27	2364	1231	93	10	232	3	7	0	18	0	132	9	2	118	161	17	0
HG00742	129817	43	44	9714	7017	259	0	1969	718	522	6	7	1	32	0	54	20	0	241	36	21	0
HG00743	113871	31	51	7896	5544	975	641	169	13	217	2	10	2	14	1	99	15	0	122	77	30	0
HG00759	137175	43	31	10233	7242	1720	867	201	55	436	1	29	1	13	0	143	28	0	146	77	11	1
HG00766	128456	4656	4399	349	76	255	0	1544	668	552	6	4	0	22	0	151	24	1	207	55	7	0
HG00844	122184	4127	3957	411	67	1643	910	115	16	505	3	28	2	24	0	167	28	0	184	37	5	0
HG00851	170821	5992	5508	568	205	333	21	2785	1092	943	1	6	1	22	0	77	16	2	316	126	11	2
HG00864	179412	10860	10189	443	334	174	7	195	35	786	8	11	3	26	1	106	67	1	199	165	6	1
HG00867	140069	4441	4221	659	85	266	2	1548	731	979	8	10	0	21	2	104	39	1	239	109	23	2
HG00879	120593	4936	4563	551	158	150	3	1194	605	547	2	4	2	17	0	114	18	0	188	95	10	0
HG00881	121420	38	40	465	43	1978	986	2168	986	674	5	21	0	16	0	102	7	1	191	46	9	2
HG00956	168536	27	40	15627	11226	1368	579	249	12	349	4	14	0	34	1	74	104	3	163	29	39	0
HG00978	200176	37	43	29171	19750	201	2	204	22	371	6	22	2	24	1	40	169	0	185	36	50	2
HG00982	199210	7965	7319	853	212	210	2	1725	1044	889	5	7	2	24	4	110	54	0	270	104	14	1
HG01028	249000	55	72	974	59	8077	3520	211	78	1111	16	83	3	33	0	186	11	0	389	128	19	5
HG01029	174850	6748	6276	421	200	1998	632	216	56	826	1	25	0	26	0	175	46	0	189	144	8	4
HG01031	128793	6192	5860	461	162	889	329	127	31	494	2	10	1	26	0	155	34	1	284	71	8	0
HG01046	117010	38	34	429	36	1516	966	1536	630	505	8	4	1	18	0	103	24	0	177	46	5	2
HG01047	81719	38	32	192	20	1760	1052	96	7	321	1	4	1	12	1	82	4	0	88	29	4	0
HG01048	169488	42	53	18997	13849	1388	593	251	16	307	1	12	3	16	0	78	72	2	208	88	24	0
HG01049	178239	5310	5176	14653	10094	204	2	184	27	437	2	15	1	16	0	127	48	1	185	30	5	1
HG01050	168059	16	33	24767	17786	220	2	239	45	273	3	55	1	61	0	90	112	0	205	71	28	0
HG01051	90660	1635	1443	195	41	1084	522	84	98	242	2	1	0	11	0	119	74	0	96	57	32	2
HG01052	105376	1378	1328	430	29	1645	1550	160	72	405	4	21	2	18	1	117	41	0	171	114	5	2
HG01053	95657	30	22	215	16	2207	2010	52	21	276	5	17	1	23	1	74	24	0	114	40	2	1
HG01054	182027	29	31	23684	15946	189	0	323	71	330	5	8	1	30	0	49	24	0	214	54	97	1
HG01055	106198	27	49	328	35	2636	1293	67	78	304	3	5	1	18	2	115	24	0	105	75	7	0
HG01056	162340	35	47	11160	7515	1759	733	161	164	406	4	8	2	18	0	119	53	2	138	59	33	0
HG01058	103127	33	49	228	23	1490	590	75	13	6673	2850	347	0	47	0	119	2	0	54	82	5	99
HG01060	147154	35	33	2371	1750	259	1	176	18	7445	3278	660	1	111	1	139	5	0	28	117	32	81
HG01061	164823	33	68	14811	10225	1699	635	193	28	426	3	33	1	28	0	58	38	0	208	16	36	0
HG01062	151491	29	30	13226	9171	183	1	148	19	6369	2726	592	5	104	0	86	30	1	96	109	36	70
HG01063	111542	1492	1476	191	26	2425	1088	107	34	477	1	17	1	36	0	78	69	1	129	136	5	0
HG01064	98457	28	41	187	23	2482	1181	94	7	336	1	7	1	10	0	81	8	0	122	99	1	1
HG01066	117785	4842	4735	404	63	1150	497	114	21	662	7	3	1	18	0	167	24	2	157	78	22	4
HG01067	134872	48	27	519	31	314	1	3156	1798	864	2	7	1	36	0	105	6	1	261	77	32	3
HG01068	135871	4543	4425	348	50	234	4	1669	909	910	3	16	0	31	1	219	45	1	190	88	35	2
HG01069	264501	46	44	26450	18368	171	0	605	56	481	7	11	5	30	0	151	70	1	211	88	176	0
HG01070	125730	20	36	9657	6813	1262	434	192	18	221	2	8	0	21	0	71	11	2	159	94	19	1
HG01071	172346	33	39	17772	13048	127	0	377	18	254	1	24	0	29	0	61	41	3	160	32	77	0
HG01072	107005	30	35	412	32	2269	1423	121	26	377	1	31	1	17	1	88	39	1	123	60	13	0
HG01073	93485	28	38	484	16	1065	548	1777	803	509	4	5	0	16	0	111	6	1	119	48	2	2
HG01074	111133	27	35	203	34	1898	1252	103	8	239	3	6	1	23	1	105	16	1	194	80	3	0
HG01075	111079	43	29	550	11	173	1	2192	1397	1021	1	9	0	17	0	82	11	0	307	17	8	1
HG01077	119730	4588	4492	326	40	2270	1494	103	41	366	1	24	0	10	0	109	33	1	171	54	32	1
HG01079	104981	42	34	281	46	1343	506	122	30	223	10	8916	4248	34	1	58	8	0	42	91	4	55
HG01080	115975	4324	4102	365	42	1069	282	182	9	319	3	6	1	14	0	168	7	1	121	69	5	3
HG01081	110096	4085	3866	224	62	1419	544	103	21	350	3	14	2	17	1	138	14	0	139	128	2	2
HG01082	139634	30	35	12305	8279	157	3	2443	916	527	3	11	0	10	1	59	34	2	130	39	11	0
HG01083	147105	43	41	17072	11159	1298	777	261	6	315	1	14	26	15	1	75	25	1	158	51	21	0
HG01084	84679	30	30	243	42	1079	600	2238	790	579	4	13	0	22	1	97	12	0	87	83	0	1
HG01085	71516	34	32	311	42	1693	752	81	93	326	1	24	0	18	1	88	32	1	110	37	7	2
HG01086	93829	36	41	295	19	2260	1494	85	10	270	2	8	0	12	0	99	7	0	90	51	3	3
HG01087	69214	24	31	129	58	1244	729	62	22	197	4	19	0	21	0	111	18	1	95	45	4	0
HG01088	111358	43	33	280	71	146	0	91	20	6133	2680	9244	3286	89	0	99	6	0	2	119	5	107
HG01089	136454	5656	4849	430	35	478	1	174	56	309	2	5	2	12	0	624	56	0	154	15	28	1
HG01092	54347	1152	997	165	18	331	90	151	13	289	5	5	0	5	0	215	31	0	65	30	50	0
HG01094	97601	23	31	199	46	882	542	106	6	6524	2872	629	5	112	0	139	6	0	60	165	3	89
HG01095	82814	26	34	247	15	2445	1025	79	14	298	2	5	0	11	0	88	8	0	108	110	3	0
HG01096	93209	26	27	135	48	1249	440	82	17	6215	2620	572	3	116	2	121	19	0	38	198	0	61
HG01097	183139	24	31	24512	15993	1370	552	291	22	325	3	8	1	31	0	58	30	1	189	86	44	1
HG01098	78217	32	33	276	74	1374	650	155	7	324	2	9	1	13	1	94	2	2	95	68	11	0
HG01099	78678	41	31	193	31	1421	641	99	8	329	5	1	2	11	1	97	9	4	48	100	1	1
HG01100	143929	26	36	8980	7328	1548	614	224	57	356	2	34	0	38	0	117	70	4	191	36	37	0
HG01101	136225	37	38	455	31	2260	1209	148	17	275	6	14	20	24	0	125	10	1	157	133	6	2
HG01102	137377	5204	5031	290	111	1508	720	114	27	647	5	4	1	16	1	171	34	1	138	97	21	1
HG01103	112005	27	43	254	62	2278	1188	122	23	284	5	6	1	21	0	112	12	1	140	120	4	0
HG01104	81040	27	24	245	17	1201	620	982	307	388	4	3	2	15	0	107	6	3	93	40	4	0
HG01105	120767	48	45	408	110	2938	1466	133	13	294	0	8	0	17	2	122	48	1	162	90	8	3
HG01106	84921	37	36	169	30	2067	1053	45	20	231	4	11	0	13	2	136	41	0	77	117	2	0
HG01107	133657	31	42	9696	7114	1664	1340	59	28	361	1	19	0	185	0	230	33	1	142	4	3	0
HG01108	112467	1774	1572	592	48	2259	541	223	17	305	2	7	1	20	1	135	73	2	190	29	23	2
HG01109	129214	1891	1703	9860	7095	195	0	130	13	300	2	6	1	188	0	324	80	0	148	24	20	0
HG01110	105125	2466	2119	413	32	1223	678	178	33	290	2	7	1	16	1	309	19	3	182	55	10	1
HG01111	143473	42	39	14298	9262	1055	669	266	15	339	4	9	2	30	0	93	34	0	187	56	62	0
HG01112	106344	4376	4180	269	51	484	524	97	7	486	1	4	0	17	0	92	22	1	127	85	6	0
HG01113	90867	46	50	319	15	1152	701	115	47	376	2	4	1	11	1	71	2	0	108	89	1	1
HG01114	109412	43	45	257	19	1737	1330	93	14	262	0	9	2	12	0	65	5	0	105	136	1	0
HG01119	88370	27	65	227	18	2747	1439	68	147	330	2	33	0	11	1	58	42	1	111	46	1	0
HG01121	106749	41	40	233	13	2123	1284	104	4	282	5	5	1	10	1	96	5	0	116	113	4	0
HG01122	139070	43	44	434	36	3841	1761	106	100	503	5	49	1	26	0	55	47	3	202	75	9	1
HG01124	73615	887	881	298	22	232	1	86	43	510	2	1	0	13	0	49	19	2	91	91	3	0
HG01125	116475	34	38	11567	7828	190	0	188	49	435	3	8	1	19	1	34	37	1	149	44	7	0
HG01126	121231	973	927	11277	7881	193	0	111	10	441	1	2	1	17	1	71	51	0	129	92	3	0
HG01130	90046	42	27	248	22	1972	1050	114	7	314	4	6	2	12	0	86	5	1	80	88	2	0
HG01131	110336	30	32	283	32	2231	1509	167	13	297	3	2	0	9	0	112	12	0	120	93	7	0
HG01133	105524	34	40	343	18	2771	1453	114	91	352	2	24	0	20	0	158	20	0	91	57	6	0
HG01134	131805	51	59	533	39	2043	1101	2647	1101	766	4	46	1	14	0	86	12	1	150	53	18	0
HG01135	115910	34	45	440	21	1811	781	2288	934	642	1	22	1	16	0	101	33	1	185	36	3	0
HG01136	130596	37	27	322	14	3980	2448	118	56	305	6	26	0	11	0	74	31	2	124	88	7	1
HG01137	157308	28	32	372	44	1966	892	109	39	11331	4515	1231	10	103	2	155	69	2	102	140	4	102
HG01138	124356	32	38	240	22	2923	1498	94	30	314	3	23	1	27	1	94	60	0	171	77	0	0
HG01139	156797	36	37	10251	7349	2110	918	206	42	368	1	16	1	19	0	90	36	0	133	38	39	0
HG01140	181401	5055	4784	11567	8386	229	4	254	17	521	7	37	0	19	2	227	28	2	203	75	64	1
HG01141	143301	3913	3740	9303	6847	171	6	181	48	377	1	52	1	51	0	271	60	1	177	109	30	1
HG01142	134751	25	40	16170	10682	239	1	189	57	577	3	6	0	18	1	69	31	1	131	30	68	1
HG01148	96319	4237	3930	223	74	646	136	110	11	403	4	4	2	10	0	170	11	1	119	32	6	1
HG01149	236159	53	58	10694	6164	2235	1501	389	18	432	10	103	2	42	1	136	47	4	267	264	26	0
HG01150	99839	35	26	200	37	1790	1022	74	17	278	4	18	0	21	0	115	11	0	104	127	3	1
HG01161	113629	8325	7965	278	51	105	2	128	11	575	6	4	1	13	0	130	8	0	140	21	5	0
HG01162	145380	4208	4008	9750	6226	108	0	183	44	527	0	14	3	38	0	97	50	1	183	154	42	3
HG01164	103807	40	32	501	49	3185	1379	105	90	494	3	30	4	22	0	80	73	4	212	31	7	1
HG01167	143314	52	42	350	27	3955	2006	106	28	545	0	46	1	21	0	144	52	1	189	78	3	0
HG01168	98129	28	30	235	20	2748	1549	71	30	412	6	25	0	10	0	69	40	0	104	37	4	0
HG01169	80789	36	38	198	42	2097	1154	94	33	266	6	24	2	34	0	127	34	0	139	86	4	1
HG01170	112697	7335	7008	288	98	114	3	141	39	524	2	11	0	12	1	176	3	1	121	58	3	1
HG01171	85743	549	537	231	29	1256	520	140	149	224	3	4	12	9	1	292	70	1	57	18	2	1
HG01172	92371	3760	3552	185	65	131	2	114	163	435	2	7	8	19	0	275	62	0	136	65	7	1
HG01173	98283	26	33	230	12	2395	1387	82	25	381	8	15	0	10	0	64	4	1	139	32	6	1
HG01174	136086	40	34	322	20	3794	1789	106	33	408	1	28	0	45	0	125	37	1	215	152	1	0
HG01175	116210	30	23	297	17	2128	1333	86	19	236	6	8	0	19	1	82	13	1	165	110	2	2
HG01176	175468	42	49	481	36	2936	1791	266	16	308	3	12	0	22	0	130	11	2	181	159	4	2
HG01177	98463	34	38	296	68	2100	1304	133	8	255	3	4	0	27	2	89	12	2	105	121	3	1
HG01178	95424	41	42	234	58	1781	1019	77	14	252	2	7	1	24	1	94	5	0	124	106	5	0
HG01182	105859	1932	1615	285	26	1771	613	139	75	497	4	19	0	9	2	344	135	2	104	38	66	2
HG01183	157657	40	37	12425	8669	1335	653	264	15	283	0	11	0	19	1	93	30	2	172	26	49	1
HG01184	143459	30	26	10330	7302	1596	608	217	89	388	6	39	1	29	0	78	80	3	148	52	38	0
HG01187	162668	3367	3197	15100	9557	288	3	287	21	434	10	13	14	34	2	123	39	0	311	54	58	0
HG01188	98614	4056	3979	276	19	887	471	93	11	340	6	5	1	10	1	123	5	1	95	51	0	1
HG01189	153336	24	40	14477	9382	924	445	168	18	323	0	9	1	24	0	75	46	0	158	56	46	0
HG01190	125927	5615	4817	468	20	427	2	161	144	262	4	7	0	15	0	544	36	1	112	28	20	0
HG01191	198030	37	34	26503	17604	1545	719	399	19	435	9	12	16	23	0	82	34	4	306	87	60	3
HG01192	88701	2188	1834	207	49	1167	630	118	47	253	1	23	0	26	1	240	47	1	128	54	6	1
HG01197	110403	34	30	338	58	2151	1340	144	8	276	8	4	2	15	0	75	5	0	129	142	4	2
HG01198	112068	28	42	239	16	2319	1206	139	8	293	5	5	0	14	0	82	4	1	153	38	4	0
HG01199	101695	39	40	204	70	2031	1229	71	30	285	0	19	0	13	2	83	19	0	92	79	6	1
HG01200	103410	35	30	243	25	3447	2231	83	41	300	3	22	0	11	1	86	49	0	139	76	9	0
HG01204	94548	33	55	243	17	2730	1012	90	12	195	0	5	2	16	0	96	7	0	102	106	2	0
HG01205	148423	3467	3317	274	90	1426	944	120	55	498	3	4	0	15	0	261	29	0	159	225	37	0
HG01206	104875	2868	2761	234	104	1465	542	107	84	428	4	22	2	37	4	181	51	3	143	140	32	1
HG01241	102342	56	43	616	106	3170	1463	105	34	386	4	32	1	35	1	98	5	2	177	51	26	3
HG01242	134311	7494	6841	331	71	208	1	171	81	708	1	9	1	13	0	444	68	0	197	39	11	0
HG01243	93158	1674	1355	190	54	1576	782	123	103	415	1	32	0	45	1	422	56	2	166	45	23	0
HG01247	96998	29	40	382	33	2685	1070	87	61	318	2	23	0	18	0	77	21	4	104	39	2	1
HG01248	207240	44	61	12814	10486	119	1	351	16	8851	3658	651	0	223	0	130	72	2	154	127	70	108
HG01249	82291	2020	1760	202	55	1016	591	118	40	232	6	30	0	32	0	282	27	2	103	98	2	0
HG01250	88648	31	40	226	32	2318	1179	68	116	430	4	24	0	15	0	99	34	0	90	50	3	0
HG01251	109507	4048	3931	291	13	1591	621	94	43	507	2	14	0	15	0	97	23	1	112	20	6	1
HG01252	103809	31	29	203	18	2589	1196	73	53	352	3	30	1	23	0	77	34	0	115	40	2	0
HG01253	122808	27	37	291	30	1933	783	116	74	7051	2924	605	1	197	0	126	10	0	65	151	3	79
HG01254	171214	32	18	17125	11115	1113	821	241	12	366	2	10	4	25	2	91	62	1	241	72	52	2
HG01255	102923	30	38	351	32	2630	1497	80	90	405	3	24	0	18	0	94	24	2	235	81	6	2
HG01256	135679	32	50	303	24	3812	1883	71	71	434	1	44	0	9	2	84	62	2	198	25	4	0
HG01257	108747	1883	1654	235	16	1869	599	111	58	362	8	18	2	13	0	259	48	0	87	29	7	3
HG01258	114167	31	27	237	32	3543	1368	48	116	415	3	38	0	23	0	85	52	2	133	40	2	1
HG01259	114470	29	28	384	28	3556	1594	116	169	467	8	33	0	14	0	81	22	3	185	39	6	2
HG01260	97209	676	627	212	19	1399	584	187	59	418	2	8	12	11	1	281	55	0	52	85	31	4
HG01261	103842	624	612	168	29	1998	929	138	120	433	2	29	0	12	0	236	81	3	130	47	44	0
HG01269	160388	35	28	14036	9074	209	0	233	16	6810	3054	560	6	149	0	98	21	0	92	66	59	77
HG01271	126051	19	40	256	42	897	420	142	12	7689	2819	1074	4	103	1	183	6	0	47	168	6	76
HG01272	92407	4240	4159	184	21	1090	626	97	7	382	4	2	0	3	0	133	7	0	101	53	2	3
HG01273	122576	21	29	238	59	1087	591	130	24	7377	2786	1077	12	116	0	154	14	0	42	125	3	65
HG01274	153490	5232	5036	9244	6739	91	3	201	20	579	4	22	0	20	0	128	48	1	163	56	23	1
HG01275	131359	24	36	368	21	2695	1434	124	146	325	4	19	2	21	0	139	53	1	162	225	6	0
HG01276	149976	35	28	9025	6559	1606	660	182	163	322	4	55	0	48	0	130	90	2	217	75	42	0
HG01277	120101	5802	5522	268	48	1168	580	141	14	431	2	3	1	12	1	131	24	1	134	86	7	0
HG01278	133765	28	34	10328	7326	1235	622	163	21	299	0	36	0	21	2	81	29	1	142	64	37	0
HG01279	162243	5689	5450	9728	7064	278	3	231	43	448	2	44	1	52	1	153	71	1	201	100	43	1
HG01280	114949	39	40	270	18	2522	1360	129	10	351	4	5	2	16	0	111	6	0	123	201	5	0
HG01281	109259	28	33	264	40	2359	1257	167	38	290	6	9	2	13	0	112	6	0	141	125	7	2
HG01284	151689	37	39	6074	3499	2097	1184	168	46	357	4	122	2	7	0	30	46	1	140	114	17	1
HG01286	104071	37	47	295	19	2582	1433	153	5	306	5	4	2	5	0	159	8	0	114	93	7	4
HG01302	125802	24	27	10579	7203	572	289	245	14	291	5	11	0	24	2	86	26	1	140	39	51	0
HG01303	101753	30	30	441	19	3603	1412	193	26	419	3	20	1	40	2	102	30	1	204	129	13	1
HG01305	162029	26	42	11149	7675	2216	940	172	77	312	3	25	0	32	0	62	75	4	269	60	83	0
HG01308	104096	3808	3583	476	52	1295	554	184	8	375	2	15	1	22	0	149	7	2	194	64	14	0
HG01311	111468	4154	4044	312	17	181	1	114	18	417	3	139	0	9	1	101	6	1493	1937	35	21	0
HG01312	89871	30	35	265	34	2480	1281	104	10	204	2	23	2	15	2	99	1	0	121	64	6	0
HG01323	150481	29	33	14496	9867	1199	595	173	10	280	16	7	1	21	0	107	23	1	121	64	31	0
HG01325	114336	4026	3721	299	70	2038	928	92	28	492	4	24	0	14	0	117	33	2	210	72	19	0
HG01326	98721	30	46	216	39	1225	694	121	8	3991	1300	596	0	118	0	135	6	0	61	73	2	38
HG01334	132552	31	19	7605	6128	1243	574	231	13	228	2	4	1	11	0	141	36	0	77	70	47	2
HG01341	126279	36	45	381	27	1254	782	140	13	2535	763	637	4	153	0	127	36	1	67	162	11	15
HG01342	129444	4252	4074	10420	7117	126	2	153	23	550	3	9	0	36	0	181	32	1	134	66	29	0
HG01343	118087	31	29	9850	6712	128	0	137	26	2624	793	617	1	152	0	138	35	0	62	117	4	17
HG01344	131563	55	30	257	35	1216	933	151	10	7712	3280	602	5	140	1	109	7	0	65	233	2	74
HG01345	126702	5468	5230	290	57	840	450	121	10	607	5	3	1	19	0	110	39	1	114	109	7	1
HG01346	125383	5145	4914	192	51	140	1	136	22	6591	2528	519	3	121	1	142	45	0	100	132	4	49
HG01347	121411	30	56	6984	4182	1072	508	143	31	231	3	40	0	25	1	89	20	0	224	124	24	0
HG01348	130066	28	37	358	35	3214	1928	142	87	426	7	27	1	24	2	114	8	2	147	115	4	0
HG01349	110022	35	35	282	39	2723	1327	64	86	289	2	22	0	16	0	92	10	0	162	131	0	1
HG01350	119457	34	29	289	14	2810	1571	109	85	362	1	20	1	11	0	81	11	2	121	99	2	0
HG01351	120991	5629	5355	510	75	1255	546	216	8	415	3	8	2	34	0	138	30	0	322	84	11	2
HG01352	101913	38	24	274	20	2834	1273	88	79	380	5	21	0	22	0	76	7	1	211	72	8	0
HG01353	159770	43	53	10096	5850	1879	711	229	36	410	15	37	1	17	1	90	27	0	181	204	37	1
HG01354	125613	29	28	10250	6689	816	472	286	32	408	3	11	0	21	0	82	42	0	172	54	45	0
HG01355	142100	29	27	15652	10138	140	1	239	48	310	2	50	0	32	1	47	58	2	156	95	40	0
HG01356	161646	58	39	455	29	3842	1923	133	154	436	3	70	0	26	0	131	68	0	238	54	11	2
HG01357	120845	4816	4575	634	52	995	635	224	17	501	7	14	2	25	0	124	43	0	249	89	14	3
HG01358	162654	5874	5612	394	51	2054	1130	99	42	745	6	36	0	22	1	155	59	1	225	60	3	0
HG01359	105478	4171	3981	259	48	1416	590	79	37	562	3	10	0	26	1	139	38	0	149	79	3	1
HG01360	135473	30	33	8406	6506	1427	649	166	13	289	4	8	1	13	1	79	10	1	102	46	12	0
HG01361	143728	29	37	8688	6511	1649	708	124	28	245	3	13	0	25	0	76	15	1	146	48	5	0
HG01362	108626	29	32	334	22	2595	1294	80	64	349	5	7	1	27	0	69	27	2	199	47	4	0
HG01363	96206	31	28	299	70	768	386	2052	990	541	2	3	0	20	0	81	5	0	157	66	4	1
HG01365	165556	935	899	15315	10350	240	2	303	100	433	1	37	0	35	0	270	68	0	145	22	77	0
HG01366	95582	2135	1833	168	18	1947	810	82	157	396	2	20	0	12	0	113	48	0	98	59	23	1
HG01367	138487	2003	1725	12683	8837	401	3	238	149	305	6	46	1	70	0	152	93	4	216	79	68	2
HG01369	195380	47	36	17563	11666	262	1	1362	784	803	2	7	0	23	3	59	24	2	300	33	58	1
HG01372	152805	28	41	10300	7122	166	0	2500	1132	559	5	33	1	26	1	72	24	2	187	35	35	3
HG01374	75198	38	41	299	16	1032	420	79	72	478	1	5	0	8	0	77	7	1	81	137	4	0
HG01375	115828	2336	1979	301	22	1793	543	220	33	426	5	17	1	18	0	370	81	1	126	20	30	1
HG01376	85422	25	41	236	15	2504	959	67	22	413	4	23	0	7	0	94	20	0	84	97	5	0
HG01377	135993	1837	1601	367	36	3078	524	327	49	705	3	6	3	18	0	285	44	2	124	50	75	0
HG01378	186552	61	32	14202	9764	352	1	2720	1055	670	1	14	1	26	0	88	55	0	256	44	16	1
HG01379	182342	1753	1482	11835	8250	2381	3	389	67	713	3	11	0	27	0	248	89	0	173	76	71	0
HG01383	98845	38	26	261	26	2288	1207	81	43	378	3	23	4	11	0	82	40	0	100	40	6	0
HG01384	102576	25	46	5323	3031	1160	512	210	5	284	4	99	16	16	2	69	18	1	174	136	13	0
HG01385	109227	27	39	5412	3155	833	503	172	29	260	4	112	2	28	0	82	24	3	145	118	8	1
HG01389	129775	4674	4399	390	88	2168	1200	155	30	479	3	25	0	16	0	208	42	1	240	29	10	0
HG01390	91697	2481	2094	215	26	228	3	214	64	340	3	2	1	12	0	692	106	0	111	40	53	0
HG01391	118390	6677	6054	244	79	186	4	158	33	501	2	3	0	16	0	529	106	1	170	54	33	0
HG01392	158464	4270	4047	10676	7387	191	2	315	18	425	2	10	0	25	0	156	31	2	142	41	35	1
HG01393	133412	8826	8444	277	47	108	6	114	42	575	1	17	0	26	0	137	40	0	152	148	25	0
HG01395	123717	32	44	351	30	3554	2527	100	6	396	5	40	2	41	2	103	134	1	141	131	5	1
HG01396	98373	35	31	271	22	1724	1020	128	6	247	1	9	1	17	0	83	6	2	97	191	7	0
HG01398	102283	31	57	302	39	1098	376	1193	378	573	2	3	1	11	0	99	5	0	119	88	10	0
HG01402	96632	24	32	272	24	2696	1329	78	23	361	1	31	0	7	1	72	33	2	88	21	8	0
HG01403	145233	3935	3803	10955	7161	239	2	218	18	374	2	12	3	28	0	88	49	4	308	18	73	0
HG01405	128708	37	20	352	33	3054	1468	110	94	381	9	20	0	26	0	84	38	4	173	99	3	1
HG01412	95804	26	35	230	28	2159	1153	129	19	276	3	3	0	19	0	106	5	1	98	122	3	0
HG01413	149139	10365	10024	330	55	178	2	157	16	527	4	7	0	24	0	178	30	0	206	72	36	0
HG01414	138765	1450	1261	14184	9072	170	2	195	30	401	1	14	3	17	0	237	54	1	132	19	69	1
HG01431	96420	37	21	233	23	2391	1152	80	56	334	0	16	2	7	0	51	12	0	111	82	2	1
HG01432	123133	26	26	5975	4607	110	0	106	8	6389	2714	459	5	205	0	115	138	0	69	141	104	68
HG01433	116181	36	27	253	54	1934	749	105	83	6943	2948	534	4	232	2	112	22	3	64	143	5	72
HG01435	132013	32	28	10299	7130	1021	452	128	12	297	1	50	1	12	0	54	61	0	110	52	7	1
HG01437	157153	41	43	12369	8800	2083	1800	253	36	314	2	23	1	15	0	90	36	4	193	15	20	0
HG01438	107286	3474	3173	276	118	558	337	83	7	336	5	3	0	13	1	161	14	2	133	113	4	2
HG01439	123238	32	35	10740	7756	504	287	172	22	278	3	18	1	12	0	72	36	1	95	85	15	1
HG01440	114550	8136	7857	228	73	101	2	140	37	611	3	2	1	9	0	134	38	1	124	39	29	3
HG01441	137136	24	33	349	29	1624	578	102	67	10714	4226	1078	13	120	0	151	32	1	75	121	5	89
HG01443	157672	24	29	15625	10396	1190	776	213	17	332	1	14	0	30	0	71	32	2	193	88	51	0
HG01444	90878	38	24	347	16	1065	297	1810	706	654	3	4	0	7	0	81	4	0	141	95	3	0
HG01447	93542	32	35	254	25	2265	1295	134	7	289	4	5	0	13	1	97	5	0	86	154	2	2
HG01455	93055	35	31	366	18	967	512	1739	903	504	2	5	0	18	1	78	7	1	182	34	4	2
HG01456	57747	2577	2489	117	19	153	60	89	6	379	2	6	0	14	2	90	1	0	72	17	4	0
HG01457	78181	2269	2234	163	47	919	450	99	14	328	2	22	1	26	0	108	36	1	120	74	5	1
HG01459	92925	1647	1461	195	17	1565	529	123	33	292	2	6	1	13	0	123	70	1	96	52	22	0
HG01461	156887	54	62	11622	7884	1674	945	160	13	484	3	21	0	13	17	64	50	0	134	40	9	1
HG01462	87469	28	20	246	22	2296	1056	166	13	306	2	5	1	12	0	105	7	0	98	37	1	0
HG01463	126570	36	35	10819	7444	1006	425	183	32	278	3	10	0	21	0	97	57	2	105	48	7	0
HG01464	134856	33	30	304	9	4050	2020	127	9	391	1	0	0	44	0	89	168	0	133	150	2	1
HG01465	73782	28	25	181	12	2090	1067	79	5	263	3	1	29	6	0	90	5	0	86	113	2	1
HG01466	111860	50	44	253	59	4018	1628	103	32	401	2	18	18	79	0	123	190	2	157	193	5	0
HG01468	82993	37	52	278	30	1744	1073	95	83	226	5	14	0	17	0	91	38	2	192	57	11	0
HG01474	93084	30	62	262	17	2435	1284	90	16	287	5	17	1	12	3	101	25	0	127	73	6	0
HG01479	122089	4874	4585	443	86	204	2	1838	851	761	2	7	1	18	0	156	23	0	190	67	4	1
HG01485	134346	4035	3837	311	128	2342	1193	110	72	427	2	4	0	17	0	131	25	0	174	43	5	1
HG01486	101014	43	29	249	23	1970	1163	132	4	255	3	10	0	17	2	89	5	1	135	148	5	0
HG01488	164233	4335	4166	14930	9939	200	0	216	31	627	4	9	1	26	0	139	42	1	227	121	71	1
HG01489	128168	17	26	8183	5750	1188	671	241	36	249	1	8	2	16	1	64	53	0	99	108	39	1
HG01490	131532	4166	3975	236	85	1402	797	144	51	467	8	26	1	48	1	174	76	1	148	194	24	0
HG01491	129283	49	36	234	32	2870	1919	138	101	480	0	31	0	11	0	128	54	0	104	58	7	3
HG01492	104033	31	31	242	22	3058	1154	94	13	479	2	23	16	18	0	88	18	0	114	41	7	0
HG01493	84353	30	35	184	43	2290	996	57	88	454	4	46	7	36	1	110	72	0	127	48	2	1
HG01494	92187	23	38	438	22	699	475	1914	835	587	2	6	0	17	0	68	4	0	207	99	9	12
HG01495	80815	3486	3355	269	69	89	1	60	37	354	4	5179	1406	16	3	90	19	0	76	47	21	4
HG01496	97086	3873	3741	222	112	649	487	88	46	445	0	19	0	36	1	90	38	2	164	144	28	1
HG01497	77301	33	32	222	20	2134	1215	48	77	367	3	16	0	7	0	79	78	0	86	16	10	0
HG01498	157628	42	47	16078	11851	126	0	215	14	381	5	23	0	18	1	49	135	2	115	50	134	1
HG01499	76852	25	45	4888	3808	572	526	58	11	340	1	3	1	10	0	71	125	0	80	43	70	1
HG01500	136576	22	35	8732	5751	1787	1009	160	34	416	2	5	1	11	1	81	32	1	109	37	34	0
HG01501	103498	3538	3398	218	66	1444	683	66	73	442	3	25	0	13	0	92	47	0	164	45	20	0
HG01502	123136	4203	4107	213	82	1988	1116	56	55	542	0	10	0	20	0	135	41	1	157	57	18	2
HG01503	100289	34	29	5340	3116	921	431	106	9	253	1	70	0	18	0	57	22	0	125	96	12	0
HG01504	165968	27	26	20741	14435	120	1	319	21	289	1	13	1	23	1	53	75	2	206	59	81	0
HG01505	118895	38	49	10097	7296	901	429	188	17	229	4	4	0	9	0	46	44	1	125	35	21	1
HG01506	118199	2825	2394	312	24	1272	661	154	107	288	0	8	0	14	1	379	19	1	147	85	24	1
HG01507	83409	27	43	211	41	1978	1110	86	7	311	1	1	0	9	0	178	5	0	97	65	4	0
HG01508	101717	36	41	214	36	2305	1570	95	9	359	2	4	0	6	0	131	9	0	64	66	1	0
HG01509	110523	4018	3934	257	53	1592	761	71	18	584	3	47	0	36	0	96	49	3	208	79	24	1
HG01510	92598	34	30	283	48	2255	1031	71	81	351	0	23	0	25	0	100	17	0	141	51	9	0
HG01511	131392	34	102	258	14	3584	1726	56	108	445	2	51	0	28	0	99	57	0	121	30	6	1
HG01512	103796	2365	2227	293	31	1960	768	74	71	632	0	5	0	17	1	132	31	2	122	31	4	2
HG01513	127164	23	38	8762	6367	1433	648	195	68	290	3	20	25	24	0	49	45	1	182	53	12	0
HG01514	101887	2655	2526	182	13	1643	714	49	48	667	4	21	16	6	0	105	56	0	87	34	4	1
HG01515	125270	3438	2905	464	25	320	1	1918	954	454	2	13	0	13	1	332	23	1	167	15	17	1
HG01516	128701	39	36	5713	3332	1682	812	153	24	328	2	85	1	13	0	52	43	1	204	105	10	1
HG01517	116521	38	29	5604	3220	195	0	1903	781	524	5	75	1	24	1	75	26	0	139	74	6	1
HG01518	131162	29	50	337	30	3749	1718	74	221	381	1	28	1	19	0	78	43	1	198	31	5	0
HG01519	100790	2731	2300	387	22	262	4	117	152	449	3	3	1	7	1	285	27	2	95	25	20	0
HG01520	110453	35	55	389	14	2065	1062	97	136	460	2	19	1	22	0	62	27	0	203	43	9	0
HG01521	116920	34	36	6680	5346	1530	654	171	83	292	8	21	0	18	0	76	19	0	126	21	65	0
HG01522	144148	8560	8129	350	97	121	4	90	45	627	2	34	1	46	0	175	30	2	193	232	5	1
HG01523	150081	4005	3815	7144	6025	118	4	191	63	507	1	31	0	51	0	116	68	1	124	110	52	0
HG01524	84743	18	59	181	17	1749	1057	122	7	273	3	4	3	16	0	72	5	1	105	187	7	0
HG01525	116129	31	33	428	24	1439	576	2330	964	552	6	6	0	19	0	119	6	1	147	57	8	1
HG01526	124605	23	81	271	23	2620	1650	189	16	369	3	5	2	15	0	146	9	0	160	234	8	0
HG01527	95168	33	23	233	30	2195	998	90	69	326	1	21	0	13	1	84	37	0	86	87	6	0
HG01528	71204	31	31	167	23	1601	801	78	8	246	4	5	0	12	0	104	5	0	83	54	6	0
HG01529	97659	54	27	277	37	2773	1186	95	67	359	1	16	0	9	1	77	36	2	147	43	6	0
HG01530	137325	2855	2741	9636	7053	114	1	121	51	559	0	46	1	20	1	128	54	2	150	96	57	0
HG01531	121749	4013	3839	361	99	144	2	1424	724	698	3	20	0	33	1	96	29	0	217	160	8	2
HG01532	120002	6944	6599	208	78	73	0	71	40	742	2	19	0	24	0	188	35	2	113	198	14	0
HG01536	141256	24	39	9930	6913	955	653	255	31	358	6	13	1	23	0	129	39	0	118	262	68	0
HG01537	135123	31	37	354	29	170	1	1064	777	9879	3655	916	8	192	1	116	5	0	68	77	7	121
HG01538	156406	46	31	264	20	1046	627	188	19	11057	4034	1084	5	234	1	171	23	1	20	292	0	162
HG01550	83962	26	28	239	18	2186	1050	105	6	242	1	5	14	16	1	89	2	0	106	89	4	1
HG01551	76540	32	23	188	14	2241	1104	64	9	322	1	19	0	10	0	70	14	1	87	105	5	0
HG01552	87063	34	37	279	60	2416	1233	70	35	268	6	40	17	30	0	97	46	1	178	66	2	1
HG01556	118397	26	30	346	36	3163	1477	77	151	331	2	32	0	13	1	69	25	0	141	49	3	0
HG01565	210488	50	31	12076	8217	2071	1544	1839	891	558	8	8	0	26	0	57	57	0	276	47	54	0
HG01566	127166	4996	4735	309	83	1607	720	220	12	464	6	32	1	15	0	147	34	0	161	73	5	4
HG01567	148277	35	34	288	51	3090	2004	1453	679	364	4	3	0	18	1	74	12	0	158	86	2	0
HG01571	214256	39	39	28325	19063	328	0	309	32	384	2	16	1	26	1	54	40	0	225	23	59	0
HG01572	81540	28	41	278	23	2022	1023	134	14	288	0	14	2	20	0	107	13	0	92	132	3	2
HG01573	141965	16	28	12941	8716	1086	577	187	15	359	3	7	2	9	1	74	24	1	117	59	19	0
HG01577	124531	27	44	381	27	3544	1822	118	15	309	3	6	1	16	1	61	13	2	200	103	9	1
HG01578	117702	28	31	281	24	2660	1341	122	12	330	1	5	1	18	0	89	4	1	136	82	1	1
HG01579	130469	40	35	272	23	3234	1828	119	13	298	3	6	2	15	0	67	12	0	161	118	2	0
HG01583	190960	5466	5257	23891	15907	132	0	211	54	397	4	38	0	15	0	76	110	5	148	119	71	1
HG01586	125361	32	22	490	32	2133	977	1288	595	505	3	28	0	29	3	100	12	2	161	74	4	2
HG01589	66757	26	21	164	38	1162	817	114	4	206	2	5	0	14	0	58	5	2	81	31	1	0
HG01593	153106	25	37	12784	9093	1023	550	172	11	326	0	6	0	19	0	120	30	5	126	73	29	0
HG01595	143238	32	32	13196	9220	1751	728	164	78	371	8	46	0	30	0	81	144	0	246	26	26	0
HG01596	117975	53	41	279	21	3118	1694	62	37	446	1	24	1	19	1	106	9	1	167	38	9	1
HG01597	170834	5562	5252	11031	7391	172	3	181	58	630	2	17	0	13	0	56	49	0	165	108	17	1
HG01598	105877	33	27	444	19	1153	498	1306	683	675	3	2	1	10	1	99	4	0	204	64	7	1
HG01599	186131	36	42	19421	13108	106	0	203	13	345	6	39	2	17	1	105	71	4	123	60	92	0
HG01600	144200	35	29	13818	8968	1217	683	229	11	251	2	21	3	29	0	101	9	1	146	4	24	0
HG01601	109105	33	38	240	17	2777	1443	52	66	477	3	19	0	4	0	96	25	1	99	71	2	0
HG01602	108307	24	22	293	31	3087	1548	99	90	439	5	36	0	14	0	67	52	1	193	69	6	0
HG01603	88839	41	32	205	18	1844	1074	100	8	316	1	5	1	17	0	120	5	0	113	79	3	0
HG01604	126542	3156	2575	282	26	1189	612	101	85	318	0	3	0	6	0	362	25	0	116	37	16	0
HG01605	116420	2622	2175	5926	3692	315	3	143	75	300	2	40	1	17	0	295	36	1	147	56	35	0
HG01606	95100	39	35	353	25	951	497	749	572	444	4	11	0	22	2	66	8	0	158	20	5	2
HG01607	105053	31	31	311	23	2786	1083	111	24	416	0	15	11	14	1	79	33	1	144	83	4	2
HG01608	136089	37	26	6936	5257	1431	617	221	48	310	0	18	0	24	1	69	38	2	135	11	81	1
HG01609	182987	27	43	8760	6771	1847	773	199	38	356	3	26	16	15	0	99	39	1	114	16	67	1
HG01610	99036	2944	2671	215	46	1471	697	73	46	417	1	20	0	13	0	120	19	0	126	35	14	0
HG01611	126970	4199	4059	220	69	1557	740	112	65	451	0	23	0	11	0	147	43	1	134	29	43	1
HG01612	133087	7025	6364	456	76	337	1	198	145	440	3	7	1	18	1	348	38	2	200	44	52	0
HG01613	200393	26	34	12017	8170	159	1	190	21	11091	4469	903	8	159	0	115	88	2	120	141	88	136
HG01614	175165	52	25	12289	8369	1937	1181	149	17	275	4	4	0	12	0	73	104	2	152	47	64	0
HG01615	158560	39	50	535	82	2119	1186	244	13	11875	4747	995	15	182	0	111	15	1	73	185	7	120
HG01616	105924	57	49	168	52	2002	1204	68	14	270	3	4	0	8	0	84	21	0	80	132	0	1
HG01617	98166	28	31	224	37	2469	1375	52	26	339	2	29	0	9	0	98	19	1	150	73	4	1
HG01618	133511	36	54	281	57	1043	392	117	9	9317	3738	1122	6	122	1	123	16	0	58	187	1	65
HG01619	148485	4388	4212	7409	5757	98	0	230	35	582	1	8	0	23	0	87	45	2	142	53	56	0
HG01620	94774	34	30	200	13	2317	1171	98	42	303	0	15	0	14	1	105	26	0	178	30	1	0
HG01621	146367	48	43	7504	5922	1465	839	172	62	409	2	20	0	11	0	115	51	0	126	20	50	1
HG01622	94331	36	28	198	34	843	509	145	16	6718	2867	335	1	27	0	84	8	1	34	204	0	100
HG01623	93866	27	28	348	19	853	449	1972	871	428	5	3	2	13	0	75	12	1	137	147	6	1
HG01624	112296	32	33	350	26	144	2	1138	710	6798	2749	372	3	34	1	93	4	0	146	97	9	80
HG01625	121627	30	20	9440	6493	123	0	1062	833	428	0	9	1	19	0	36	16	0	161	16	32	0
HG01626	118785	18	82	475	30	1313	495	1430	821	768	2	11	1	19	0	126	10	0	199	88	6	0
HG01627	162112	42	41	12209	8361	124	1	1507	790	741	2	9	2	19	1	80	30	2	177	56	31	2
HG01628	113095	32	35	8277	5429	786	447	147	18	293	3	7	2	17	0	143	30	0	117	79	39	0
HG01629	129587	31	46	9242	6118	114	2	1283	601	546	5	4	0	14	0	98	37	1	138	55	35	0
HG01630	92784	34	39	304	45	680	537	1241	554	637	6	4	0	16	0	81	6	0	165	93	5	1
HG01631	84092	30	27	222	45	2287	1162	55	90	215	1	14	0	11	0	86	4	0	88	59	1	3
HG01632	115094	31	34	9229	6444	800	433	193	14	226	5	8	1	18	0	82	17	0	128	82	46	1
HG01633	96557	34	39	176	60	1832	1073	68	13	282	3	2	1	10	0	120	8	0	80	98	1	0
HG01667	113805	26	43	227	26	3257	1499	49	191	292	3	31	0	6	0	101	40	1	88	22	5	0
HG01668	101839	29	20	394	24	1259	674	1854	908	578	3	23	0	11	0	105	18	0	169	15	8	1
HG01669	100105	25	42	309	38	2986	1396	121	81	275	0	24	1	15	0	98	20	3	133	37	6	0
HG01670	114170	21	27	398	38	2645	1262	137	88	306	1	24	0	28	1	92	32	2	149	65	4	0
HG01671	153557	37	31	11964	7797	1246	507	132	21	246	1	4	1	7	2	74	83	2	179	60	60	1
HG01672	157709	33	34	11339	7477	1652	793	179	104	258	3	19	1	34	1	64	88	1	173	29	98	0
HG01673	144037	44	27	453	32	3113	1583	196	82	357	10	17	0	16	0	83	11	0	141	185	4	2
HG01674	142361	30	32	353	11	2437	915	1110	1008	494	5	20	0	14	1	41	17	0	191	39	2	1
HG01675	81619	35	32	268	31	1046	411	949	804	401	2	7	0	16	0	40	8	1	112	42	7	1
HG01676	80222	34	30	152	12	1945	950	128	9	291	1	5	1	13	0	142	4	1	98	77	5	0
HG01677	88814	26	38	134	24	2179	1128	100	6	297	3	6	0	6	0	149	6	0	78	92	2	0
HG01678	80540	28	49	144	24	1791	1101	78	7	254	2	4	1	11	0	120	4	0	78	84	4	1
HG01679	86678	37	57	191	19	1786	1032	115	7	218	2	3	0	6	0	89	7	1	84	125	4	0
HG01680	89542	18	31	277	48	3002	1954	58	28	292	3	18	0	14	1	72	21	0	100	51	6	1
HG01681	103767	45	51	203	45	2045	913	129	17	273	3	1	0	10	0	133	12	1	76	155	8	0
HG01682	137346	31	27	385	43	183	3	1135	858	9659	3927	993	7	167	1	142	6	1	88	141	8	90
HG01683	116583	88	90	390	26	1312	740	1241	835	628	4	19	1	18	1	77	37	0	214	38	6	1
HG01684	90837	36	46	206	33	1900	1175	68	30	325	1	24	0	11	1	90	18	0	116	86	6	0
HG01685	59349	37	34	138	43	909	582	61	6	237	0	2	0	10	2	111	5	1	83	111	3	2
HG01686	146496	3436	3362	10918	7275	87	0	121	25	355	5	8	1	16	1	90	86	0	155	53	85	1
HG01687	117697	4292	4137	211	103	1049	777	102	30	423	1	5	0	12	0	115	33	0	103	89	21	0
HG01694	108991	2758	2534	268	46	243	0	120	15	6203	2560	549	5	116	0	271	35	0	82	142	18	75
HG01695	104128	39	35	347	23	2772	1424	84	99	420	3	30	0	17	0	60	37	3	136	45	3	1
HG01696	112037	2851	2603	256	15	1527	685	73	44	476	1	22	1	7	1	264	67	1	111	64	17	0
HG01697	105537	32	34	288	29	3497	1511	108	106	355	0	50	0	19	0	89	64	1	150	34	5	0
HG01698	116272	45	29	245	10	3537	1658	55	136	421	2	44	2	30	0	90	65	0	122	10	7	1
HG01699	112464	38	34	274	21	2681	1132	83	89	311	1	14	3	14	0	86	27	0	177	29	1	0
HG01700	90669	22	34	282	58	686	374	1565	670	545	5	7	1	14	0	86	20	0	142	36	3	0
HG01701	119431	27	32	349	60	1656	690	1574	829	538	2	21	0	15	0	89	35	0	121	40	1	0
HG01702	86174	43	27	333	20	1487	628	86	113	475	3	15	0	12	0	64	17	0	143	10	8	2
HG01703	144768	26	29	228	21	1075	1086	108	16	11058	4461	1213	5	161	0	156	14	0	53	210	6	106
HG01704	106300	36	41	288	23	2883	1951	94	67	303	2	19	0	22	1	50	6	0	159	88	2	0
HG01705	121998	35	36	302	36	942	511	107	10	9909	3801	1015	5	117	0	162	8	1	42	179	4	98
HG01706	112945	24	34	370	15	1553	545	1184	1082	535	3	3	0	32	0	109	11	0	89	128	1	0
HG01707	97067	34	39	297	23	1357	489	1157	874	539	0	3	0	16	0	82	6	1	136	86	3	2
HG01708	125150	28	26	8737	5770	180	0	1073	970	530	2	8	0	27	0	62	34	0	176	30	40	0
HG01709	125113	5074	4854	510	46	253	5	1863	814	617	0	9	1	22	0	144	31	0	220	65	28	0
HG01710	93030	4336	4195	220	76	902	295	58	36	454	2	25	1	14	0	93	33	1	132	48	21	2
HG01711	115310	4395	4169	431	70	148	1	1933	921	687	3	4	0	10	0	127	51	0	156	30	18	0
HG01746	104687	20	24	527	24	1595	700	1418	607	513	5	6	0	15	2	80	10	1	143	86	4	1
HG01747	111347	33	28	488	56	1505	635	1650	713	648	1	21	1	17	0	105	39	0	119	35	4	1
HG01748	120159	26	32	437	15	1574	664	1448	741	656	1	14	0	13	0	54	31	0	131	24	4	0
HG01755	87355	3353	3118	218	22	892	425	85	14	358	4	3	0	12	0	105	26	0	164	63	16	0
HG01756	106776	3906	3642	347	22	1090	737	93	14	379	2	8	20	15	1	127	27	0	167	55	23	2
HG01757	100390	2194	1953	262	21	1168	515	112	85	300	1	10	0	16	0	202	71	0	130	34	5	0
HG01761	119335	22	54	5608	3978	1048	621	269	13	262	3	12	0	21	1	77	11	0	137	49	28	1
HG01762	108165	4462	4236	289	59	903	637	80	12	527	7	7	1	12	0	128	28	1	153	103	18	1
HG01763	152904	4505	4346	5933	4312	84	1	233	43	543	4	5	1	16	0	96	40	0	136	46	29	2
HG01765	76884	35	29	340	56	1045	580	103	59	413	0	12	2	11	0	44	7	1	125	30	18	0
HG01766	105507	37	28	463	33	1204	569	1144	666	579	6	8	0	21	1	84	5	1	138	51	5	0
HG01767	94243	26	47	323	14	2318	1102	127	12	294	1	4	1	17	0	132	3	1	104	69	1	0
HG01768	162741	23	49	12128	8125	1158	435	184	17	320	4	10	2	16	1	110	76	2	192	82	89	1
HG01770	160527	25	19	24454	15961	161	0	238	47	375	4	20	1	21	0	44	74	1	161	55	69	0
HG01771	154546	8933	8636	407	56	1546	536	150	12	509	3	16	22	22	0	146	23	2	208	173	3	1
HG01772	130250	40	38	9129	6147	1452	496	184	39	359	9	5	11	16	0	106	51	0	121	107	28	0
HG01773	138774	34	48	10731	7872	1442	478	298	18	309	5	14	0	28	1	96	23	1	154	123	79	1
HG01774	82280	49	41	248	22	1403	519	81	61	442	1	6	0	4	0	64	16	0	68	134	2	0
HG01775	83589	28	34	333	49	133	0	116	54	3085	754	449	7	129	1	98	8	1	45	23	6	17
HG01776	114576	2998	2762	289	144	1452	1174	93	21	378	1	22	0	14	0	126	12	2	168	47	5	0
HG01777	113841	30	35	444	27	1792	709	1858	904	596	4	15	1	19	1	106	25	3	188	28	4	1
HG01778	128376	3230	2958	272	144	1641	781	80	95	457	4	6	0	15	0	171	31	1	175	41	2	1
HG01779	115986	3602	3309	338	125	1005	668	109	12	405	2	0	0	14	1	197	29	1	166	70	3	2
HG01780	104113	44	34	211	48	2387	1648	125	15	331	2	8	0	7	0	108	15	2	83	80	1	0
HG01781	130458	43	43	627	47	1438	739	1653	1089	651	4	9	2	25	0	108	9	0	205	77	19	0
HG01782	99848	42	41	323	24	865	562	1566	659	617	2	4	0	8	0	85	6	0	96	62	1	0
HG01783	83694	25	23	252	25	2185	1071	112	25	231	4	5	0	14	1	88	5	1	120	143	5	1
HG01784	97217	28	38	423	57	889	558	1488	630	601	2	10	1	17	1	93	7	0	105	69	2	0
HG01785	188143	32	44	444	65	1273	778	220	18	14873	5949	1277	11	282	0	225	10	0	74	208	4	183
HG01786	150484	54	47	313	20	4139	1606	172	21	368	5	9	0	11	1	179	9	0	149	232	12	0
HG01789	103357	3476	3343	279	67	931	465	131	32	260	1	0	0	14	1	91	15	1	133	102	5	0
HG01790	90017	28	40	277	33	2664	783	87	51	391	4	17	0	17	0	60	26	1	90	109	6	0
HG01791	140670	38	37	652	29	3661	1665	199	214	461	5	40	1	24	3	111	53	2	292	49	9	2
HG01794	192412	25	27	24656	17810	284	0	344	21	383	2	31	0	38	1	119	113	2	210	79	57	0
HG01795	104561	34	33	267	16	2604	1315	73	12	411	8	5	1	10	0	133	8	0	120	42	5	0
HG01796	121541	39	52	409	39	3662	1854	114	47	516	5	51	0	35	1	131	6	1	187	32	8	3
HG01797	119900	18	48	354	23	3458	1818	96	47	495	4	50	1	22	1	105	6	0	130	42	6	1
HG01798	143320	46	63	456	29	4024	2214	146	33	547	2	28	0	15	1	172	4	1	170	31	8	2
HG01799	108295	38	52	442	32	2959	1922	107	23	484	3	40	1	15	1	127	10	1	140	27	7	1
HG01800	106102	63	49	348	43	2950	1701	71	24	352	2	24	1	21	0	95	13	2	143	62	6	1
HG01801	202379	6705	6347	12133	8536	182	2	310	39	624	0	18	0	33	0	116	21	4	247	122	22	1
HG01802	148900	45	54	12724	9207	1470	583	225	29	526	9	54	0	26	1	111	56	2	182	34	27	0
HG01804	126405	4879	4573	329	166	960	698	139	33	543	2	7	1	27	0	121	21	0	160	138	9	1
HG01805	112710	5197	4965	263	162	990	721	131	44	428	1	7	1	21	1	99	60	2	171	78	11	0
HG01806	97812	29	37	259	31	2455	1454	70	10	474	4	35	0	15	0	132	10	2	111	16	3	1
HG01807	139556	5658	5266	389	168	845	661	150	25	532	2	10	0	18	1	100	24	1	188	138	4	1
HG01808	135603	36	30	9470	6691	1612	781	199	22	429	5	17	0	16	0	68	44	1	156	23	24	2
HG01809	176740	6106	5655	15274	10287	260	2	227	24	646	5	34	2	23	0	80	154	1	235	90	11	1
HG01810	93759	36	27	292	33	2897	1480	107	24	449	9	24	0	16	0	115	8	1	133	32	5	0
HG01811	88399	33	37	259	38	2207	1208	81	24	372	2	21	1	17	0	118	10	0	104	112	8	1
HG01812	106398	38	42	298	64	2362	1685	108	48	449	3	32	0	18	1	106	6	1	133	110	8	0
HG01813	112871	41	31	510	48	1107	362	1701	863	773	4	11	2	15	5	128	6	2	194	67	13	1
HG01815	131975	27	24	14873	10018	223	0	200	12	299	2	20	1	21	1	36	35	0	126	36	42	0
HG01816	145450	33	36	402	26	4444	1943	77	36	587	3	69	0	13	0	129	19	2	163	28	7	0
HG01817	123737	31	56	347	25	3569	1701	73	17	614	9	27	0	10	0	133	9	1	126	41	2	2
HG01840	109207	33	32	10957	7226	903	710	102	9	229	2	21	0	18	1	87	33	2	137	80	11	0
HG01841	100345	62	57	284	28	2487	1625	91	15	412	2	13	1	9	1	86	7	0	137	16	2	0
HG01842	103413	34	34	1070	628	1213	530	147	15	271	1	10	1	15	0	118	9	1	65	66	5	0
HG01843	143513	6559	6108	365	153	1006	842	153	32	462	5	10	2	25	0	214	28	1	195	139	6	2
HG01844	98067	28	35	330	30	2715	1462	99	21	258	3	10	2	16	0	104	23	1	124	32	9	1
HG01845	116932	28	30	9152	6149	1749	1016	154	13	435	4	29	1	18	0	95	23	1	160	47	44	1
HG01846	98881	25	36	271	23	2271	1239	76	7	273	4	8	0	13	0	107	5	1	115	37	7	2
HG01847	104240	29	32	239	24	2674	1457	122	20	360	4	13	1	17	0	131	22	2	148	18	7	1
HG01848	194011	32	40	12460	8484	2861	1397	306	48	466	6	39	0	28	0	177	73	1	272	114	14	0
HG01849	113830	41	35	493	17	1868	832	1848	802	592	2	42	0	12	0	92	11	1	160	40	6	1
HG01850	138169	42	21	9794	6639	1808	798	142	19	424	4	38	0	13	0	141	21	0	125	48	54	0
HG01851	135770	29	33	11395	7914	1249	653	179	6	374	1	7	0	17	0	74	14	2	118	34	18	1
HG01852	117849	32	42	242	15	3380	1939	98	31	384	4	30	0	10	0	89	9	0	98	31	8	2
HG01853	171457	10975	10231	450	311	144	1	196	27	600	5	11	2	16	1	131	73	1	234	103	7	1
HG01855	100064	33	48	268	17	2411	1245	34	56	514	3	21	0	10	0	85	10	1	114	21	4	0
HG01857	110203	44	44	366	39	2754	1422	79	38	410	4	17	1	17	0	114	15	0	127	49	5	0
HG01858	196232	5694	5327	11737	7900	354	2	419	46	653	4	26	0	55	2	120	61	5	562	110	97	1
HG01859	100405	26	18	309	21	2570	1410	69	58	424	6	30	1	26	1	94	3	2	126	52	5	0
HG01860	90675	34	43	289	54	1328	516	1753	771	497	2	19	0	11	0	54	7	1	154	23	7	0
HG01861	135039	45	35	296	19	3831	2143	98	44	525	3	18	0	13	0	160	9	1	148	31	8	0
HG01862	107341	31	32	305	40	2713	1470	68	47	413	2	37	0	11	1	114	10	0	133	44	4	0
HG01863	103782	34	35	306	32	3102	1506	73	39	492	5	31	2	17	1	101	6	0	138	28	4	1
HG01864	189280	5885	5738	10398	7102	186	1	199	46	420	7	17	1	25	0	127	35	2	249	36	74	1
HG01865	101897	42	35	379	31	909	393	2357	1130	446	6	7	3	21	0	89	5	0	159	28	6	0
HG01866	128371	21	37	509	28	355	0	3321	1784	763	7	10	2	16	0	67	20	0	297	42	7	2
HG01867	105638	29	78	511	32	1818	735	1089	967	704	6	22	1	12	0	98	6	1	157	42	9	1
HG01868	129968	5729	5327	323	188	1249	593	150	31	677	4	8	2	19	0	120	17	1	197	88	6	24
HG01869	127945	29	38	13296	8800	220	2	1425	675	496	1	13	1	19	0	125	28	3	239	62	65	1
HG01870	109166	34	35	375	29	3427	1725	66	56	529	0	16	0	11	0	127	22	1	148	48	4	0
HG01871	126326	4575	4334	411	44	2175	895	126	25	495	6	15	0	19	1	126	31	3	162	66	26	1
HG01872	151140	30	27	10437	6235	171	0	1415	768	560	1	14	1	14	1	49	21	1	135	33	41	0
HG01873	82009	26	20	171	33	1762	767	46	14	257	3	1	2	12	1	69	9	3	106	33	6	1
HG01874	91324	50	100	225	22	2155	1314	91	10	303	5	4	0	12	0	92	4	1	87	46	5	0
HG01878	148541	29	22	10978	7516	1815	1317	125	18	427	4	28	1	21	0	114	37	2	129	47	9	0
HG01879	106232	565	571	329	60	4315	658	183	70	367	2	18	0	12	0	162	32	0	93	47	45	2
HG01880	126797	59	53	381	25	3805	2133	96	24	422	2	20	0	18	0	143	8	3	131	75	14	0
HG01881	132911	503	520	307	49	5122	1498	189	32	311	3	7	0	9	2	280	34	0	85	56	37	0
HG01882	166262	1960	1632	12602	8731	215	1	236	59	279	2	65	2	19	1	276	51	2	170	43	71	0
HG01883	88206	670	634	229	43	215	0	148	33	400	2	36	9	8926	4218	212	47	0	32	83	31	0
HG01884	110323	1258	1233	163	61	2228	1071	84	16	549	1	5	0	7	0	115	27	0	77	146	18	0
HG01885	136734	37	40	331	113	4495	2177	135	13	566	0	23	0	15	1	128	9	2	123	62	18	3
HG01886	122464	2176	1792	6568	4372	242	2	300	11	450	1	33	0	21	1	374	121	1	176	25	58	1
HG01887	127982	2120	1788	6078	4320	121	1	140	30	518	2	20	0	10	0	317	91	1	104	23	83	0
HG01888	175166	35	46	12681	8895	236	0	225	70	272	5	112	9	10735	4788	49	58	0	168	104	30	0
HG01889	94031	1864	1606	239	20	156	3	160	15	310	3	7	1	16	0	4509	3416	0	134	6	53	0
HG01890	123040	36	45	337	32	3351	1924	98	69	312	0	20	0	18	0	153	48	1	172	44	7	1
HG01891	109058	42	36	212	12	1821	1189	83	52	425	3	20	0	13	0	5034	4107	2	151	20	6	0
HG01892	147329	31	35	11277	7572	1900	740	148	64	348	5	23	0	15	0	72	46	0	113	29	14	1
HG01893	127100	3447	3398	11200	7181	147	2	161	7	367	2	6	1	25	1	82	32	0	152	1	44	0
HG01894	149128	5148	4995	344	164	2666	933	135	61	662	5	36	0	17	0	173	77	2	176	82	39	1
HG01895	114567	54	46	264	25	2399	761	59	39	340	0	61	5	10648	4643	70	13	0	39	79	6	0
HG01896	117515	1832	1586	269	32	2667	1039	154	119	449	0	22	0	16	0	114	55	0	186	52	15	0
HG01897	109288	5422	4892	208	81	213	2	138	93	548	2	4	0	14	1	179	74	0	104	29	41	0
HG01898	194061	34	44	25004	16195	157	1	214	28	365	1	8	0	34	0	67	89	1	129	19	45	0
HG01912	70192	1184	1039	255	20	158	2	37	9	310	6	35	3	8222	3534	212	53	1	23	51	2	0
HG01914	114487	24	32	2027	1388	166	0	1811	788	488	3	4	1	16	0	57	9	1	114	14	13	1
HG01915	99514	29	29	339	56	122	0	746	653	529	1	91	0	14	0	110	7	3113	787	52	33	0
HG01916	110208	28	19	1937	1509	165	0	746	694	646	4	3	0	21	1	68	5	0	120	13	27	2
HG01917	85793	3673	3500	294	14	1004	501	99	21	355	2	4	0	10	0	115	3	2	95	56	1	2
HG01918	149729	4456	4376	11653	7994	142	2	169	17	381	2	6	1	22	0	104	47	0	251	16	9	0
HG01919	101691	8138	7862	125	12	112	2	72	40	453	1	4	1	10	1	143	6	0	103	5	1	0
HG01920	125669	8790	8225	234	92	83	16	71	29	430	1	24	0	15	0	217	32	0	137	48	0	1
HG01921	173704	29	36	15915	9986	1429	722	222	29	326	2	20	0	27	0	65	44	3	186	99	68	0
HG01922	179674	4612	4433	15776	10257	241	16	240	54	403	3	43	1	45	0	163	70	0	223	64	89	0
HG01923	102600	4441	4179	235	36	1119	553	117	7	377	5	3	2	12	0	125	27	1	167	49	14	1
HG01924	96428	38	35	416	32	1668	806	169	38	473	3	5	0	21	0	69	5	2	128	137	8	0
HG01925	109107	35	30	224	17	2744	1562	145	14	333	2	3	0	13	0	90	9	0	70	159	2	3
HG01926	125103	28	30	319	23	2222	1503	135	7	352	3	4	1	19	1	97	8	1	145	190	6	0
HG01927	142525	35	38	13692	8835	1041	438	173	14	427	3	10	0	13	1	90	26	1	116	52	62	0
HG01928	112717	31	32	186	10	2117	1384	97	15	383	2	5	1	8	0	84	9	0	153	169	3	1
HG01932	91025	46	30	168	15	2081	1141	119	11	372	5	9	1	10	0	142	10	0	97	127	4	1
HG01933	94094	25	30	201	21	1861	1060	88	11	350	7	14	1	17	0	125	7	1	61	83	3	1
HG01934	97305	41	34	170	16	2398	1329	112	11	377	6	14	0	23	0	131	12	1	110	79	2	0
HG01935	153002	36	44	14624	10371	1280	594	223	19	275	3	8	2	17	0	96	59	0	143	71	16	0
HG01936	163459	26	29	19189	13491	126	0	240	16	219	1	10	1	14	0	46	42	1	129	22	27	1
HG01937	185455	21	28	23607	16902	190	0	330	38	288	5	24	2	34	0	56	83	2	204	44	22	0
HG01938	105230	50	38	288	15	2552	1412	128	10	436	1	4	1	7	0	125	8	0	87	107	6	0
HG01939	138602	38	37	328	29	3054	2038	138	13	254	1	5	1	15	1	121	21	1	156	372	6	3
HG01940	119416	21	32	190	16	2616	1654	114	13	291	3	1	1	10	0	149	7	0	78	366	0	0
HG01941	102485	40	23	241	23	3648	2475	117	70	355	1	35	1	8	0	102	10	1	56	82	3	0
HG01942	119345	4962	4787	291	16	1528	635	109	52	525	2	20	0	13	0	99	19	0	134	32	3	1
HG01943	89452	26	32	215	27	2187	1114	66	44	338	2	17	0	11	0	71	24	0	78	86	1	0
HG01944	211192	29	29	31008	20785	284	1	261	17	408	2	16	0	21	0	48	94	1	191	30	82	1
HG01945	126464	33	28	255	32	2252	1414	110	35	299	1	5	1	11	0	101	32	0	95	192	8	0
HG01946	167173	40	26	14543	9828	1311	804	197	15	374	1	8	0	13	0	81	100	2	132	155	6	1
HG01947	117335	43	64	8657	6004	1046	584	180	23	290	1	8	0	21	0	58	23	0	129	90	29	0
HG01948	167563	37	28	15186	9711	1618	898	201	92	373	1	32	0	8	0	65	42	2	169	16	56	0
HG01949	143908	56	69	9817	6784	1510	823	155	82	423	2	59	0	22	0	98	49	2	167	76	25	0
HG01950	84700	21	26	228	14	2163	1109	90	4	267	2	5	0	17	0	96	8	1	104	66	3	2
HG01951	187746	26	26	23761	16186	173	0	266	22	213	0	18	0	34	0	63	86	0	211	60	8	1
HG01952	141397	31	33	12186	8265	1218	599	220	25	256	5	17	1	25	0	111	39	2	137	99	7	0
HG01953	167423	36	38	16186	10309	1542	584	268	46	349	8	12	1	20	1	67	52	0	157	40	62	2
HG01954	172715	22	21	15519	10171	1185	700	214	28	324	1	12	0	31	1	71	48	3	172	97	44	1
HG01955	199033	39	31	16521	10656	1382	871	202	40	391	2	12	0	19	1	80	55	1	144	107	67	2
HG01956	101913	1055	1055	319	36	2362	951	114	16	382	4	15	4	12	0	75	17	1	88	92	4	1
HG01958	117199	57	26	10165	6595	2690	1334	67	7	416	3	67	0	25	0	107	157	1	121	93	8	0
HG01959	114009	29	39	9309	6112	2258	1504	62	52	354	2	30	0	19	1	131	28	0	113	42	6	0
HG01960	159182	8799	8559	427	46	169	3	1601	848	781	2	7	0	15	0	147	32	0	162	67	5	1
HG01961	85537	30	24	196	26	1796	1021	69	4	201	1	1	0	14	0	84	4	0	139	45	4	1
HG01965	100043	34	30	448	18	1320	601	1432	747	565	3	4	0	15	0	87	3	0	128	46	4	1
HG01967	89299	32	46	249	20	2226	1120	49	26	278	1	27	0	10	0	81	14	0	103	43	3	0
HG01968	121261	40	30	315	17	1940	1361	134	13	267	2	6	0	16	0	119	11	0	121	153	5	1
HG01969	116971	50	69	197	20	2608	1277	76	19	428	3	41	0	13	0	106	37	0	123	62	1	0
HG01970	88595	38	28	167	18	2131	1030	91	4	389	0	3	0	10	0	111	31	0	78	111	8	0
HG01971	163924	27	25	10030	7018	1116	804	184	17	350	3	11	2	16	0	96	29	0	119	100	43	0
HG01972	111609	26	22	198	23	2229	1210	104	21	390	0	5	0	14	1	129	27	0	107	119	3	1
HG01973	75695	29	41	229	23	1640	943	98	11	294	0	4	0	8	0	98	8	0	73	63	3	2
HG01974	84216	28	30	194	17	2026	1015	89	10	452	4	8	0	16	1	85	7	0	93	107	21	0
HG01975	95809	30	29	166	15	2242	1236	104	13	487	2	3	0	6	0	93	6	2	89	120	20	2
HG01976	158530	4292	4163	15731	10496	184	1	198	18	424	1	3	2	19	0	102	29	1	182	5	56	0
HG01977	126400	4204	4104	9303	6592	111	1	148	11	326	1	5	0	5	1	100	36	0	140	8	3	2
HG01978	175464	5821	5653	16504	11311	187	2	200	32	432	1	7	0	23	0	115	54	3	154	6	53	0
HG01979	131837	5166	5084	454	57	192	2	1276	761	895	3	12	0	15	1	95	38	0	229	80	9	0
HG01980	97769	31	22	211	37	2062	1156	74	7	229	2	6	0	13	0	89	11	0	112	108	4	0
HG01981	126355	27	33	350	41	1232	828	1210	653	626	1	3	0	29	1	97	9	1	259	149	3	0
HG01982	107606	39	39	262	28	1697	696	67	49	5985	2403	461	1	83	0	122	22	1	84	102	2	73
HG01983	119502	36	75	246	19	2707	1942	147	12	365	7	4	2	14	0	128	15	1	165	119	9	1
HG01984	114313	40	52	219	17	2978	1563	88	66	287	4	18	1	14	0	96	36	1	134	75	3	2
HG01985	101453	1580	1360	4899	3555	164	0	64	48	449	0	8	0	14	0	122	101	0	90	33	33	1
HG01986	114121	1649	1366	273	131	2278	1476	96	55	417	4	3	0	14	0	423	61	0	128	54	23	2
HG01987	141497	38	35	285	29	4137	2007	128	148	369	4	30	0	17	0	94	36	0	155	35	1	0
HG01988	86157	40	27	324	40	124	0	1379	815	575	0	24	3	5597	2509	72	9	0	73	24	4	1
HG01989	117350	8438	7922	371	50	112	2	122	8	446	1	9	1	8	0	436	66	0	123	59	26	0
HG01990	119869	21	37	485	27	2969	1402	88	154	415	0	24	1	21	0	53	35	1	137	52	4	0
HG01991	109910	25	34	336	41	2276	1289	116	17	285	3	6	0	22	1	88	12	1	127	153	3	1
HG01992	202197	28	33	28119	18671	180	0	303	25	312	1	9	0	19	0	49	54	2	220	18	26	0
HG01993	143148	31	41	11820	7974	1390	486	195	27	341	4	12	1	26	0	93	50	1	159	68	2	0
HG01997	149699	25	32	14424	9636	957	631	186	16	319	2	9	1	26	1	98	31	1	179	58	65	0
HG01998	149282	31	34	14906	9850	1260	583	180	27	426	3	21	0	41	1	84	43	3	201	89	54	0
HG02002	116547	37	40	323	27	2076	1420	193	13	307	2	4	0	16	1	79	10	1	87	283	5	0
HG02003	94959	29	26	2972	2298	1717	1740	133	30	214	1	2	0	24	0	70	41	0	79	4	5	1
HG02004	98503	35	29	233	36	2909	2882	111	35	212	3	11	0	29	0	118	28	0	112	166	2	2
HG02006	107898	36	37	275	24	1741	1351	117	11	269	4	4	0	10	0	113	6	1	81	126	1	3
HG02008	92906	35	26	207	20	2111	1152	88	12	316	5	8	0	13	0	101	7	0	126	143	1	0
HG02009	101528	21	31	495	106	3637	1015	65	44	427	3	18	1	53	0	32	6	1	123	74	5	0
HG02010	108245	1146	1123	1879	1379	199	0	83	14	424	1	2	0	18	0	86	21	0	56	74	23	0
HG02011	96215	1215	1209	331	29	1725	750	79	45	530	5	31	0	45	0	71	29	0	87	152	2	0
HG02012	137984	2267	2000	457	22	2961	1295	172	138	337	2	33	1	27	0	111	106	0	181	46	19	2
HG02013	137620	3709	3456	420	128	2391	1471	138	54	661	3	5	2	11	0	204	19	0	143	58	30	1
HG02014	136286	31	21	5444	3875	2293	1414	72	55	490	4	8	0	12	0	136	8	0	122	20	34	0
HG02015	154879	31	35	13125	8795	262	1	1409	891	623	6	35	1	38	0	79	25	1	209	37	17	0
HG02016	133629	2833	2685	11499	7600	98	1	177	18	289	1	26	1	30	1	110	51	2	105	25	23	0
HG02017	94695	22	34	279	11	1622	767	1046	657	556	3	22	0	14	0	113	10	0	151	22	3	0
HG02018	140896	47	26	551	51	303	5	5020	2348	917	6	22	0	26	0	98	13	0	287	35	7	0
HG02019	170219	29	32	6539	4049	179	1	1858	1039	459	1	11	1	24	0	157	27	1	219	79	122	0
HG02020	142494	37	28	14636	9741	142	0	2267	736	551	3	34	2	18	0	72	46	3	199	27	9	0
HG02023	169123	31	24	13381	9485	1866	911	211	34	387	6	37	1	15	0	93	57	0	163	54	19	3
HG02024	107542	33	23	380	42	1327	647	1287	627	747	5	10	0	24	0	111	19	0	195	78	3	0
HG02025	101855	3256	3083	273	80	1425	737	84	12	343	5	6	1	22	0	162	39	0	111	51	4	1
HG02026	122552	42	30	525	28	1615	1137	1268	593	759	5	23	1	14	0	169	14	2	213	70	3	1
HG02027	185581	30	36	456	41	5909	2749	108	120	544	4	85	0	38	2	171	33	3	233	83	1	2
HG02028	150997	4668	4442	382	154	2514	814	105	32	715	2	43	1	26	0	120	50	4	201	102	6	1
HG02029	208874	49	40	543	44	6174	3208	142	143	482	5	94	0	29	1	240	29	0	222	74	5	1
HG02030	109828	29	36	7360	5142	1460	727	155	17	264	2	6	1	16	0	115	20	1	152	28	24	0
HG02031	123341	29	40	332	25	3458	1978	135	34	361	3	20	0	13	0	119	11	0	155	26	2	1
HG02032	164870	5833	5429	9757	7045	130	3	211	32	548	3	8	0	25	0	154	28	0	249	102	49	0
HG02035	127759	48	26	440	34	3373	1869	92	36	424	3	22	1	15	0	160	6	1	146	45	1	0
HG02040	175660	5194	4895	9834	6686	104	0	135	25	684	5	12	0	29	0	96	33	1	159	100	37	1
HG02047	156942	6053	5707	482	130	180	2	1611	867	878	2	9	1	13	0	149	21	0	198	110	8	1
HG02048	126299	4948	4684	289	149	1552	704	91	31	522	3	18	0	13	0	105	25	1	128	86	3	0
HG02049	117738	36	32	549	13	1906	899	1207	663	710	2	9	0	13	0	94	7	0	172	63	2	0
HG02050	229264	38	39	25934	18007	189	0	348	20	319	4	33	2	28	2	85	111	3	209	110	76	0
HG02051	119829	1295	1271	5599	4116	182	1	102	80	529	2	8	1	21	0	132	23	4	91	107	39	0
HG02052	79229	2274	1794	202	20	211	9	103	70	403	0	4	0	7	0	630	87	0	79	29	22	1
HG02053	100504	1385	1345	390	18	240	1	1457	658	755	4	8	0	19	0	55	11	2	158	112	5	1
HG02054	118176	20	35	2901	2204	1544	774	73	44	247	2	15	0	18	0	60	18	0	81	16	11	1
HG02055	99053	1267	1238	212	12	1811	885	56	43	391	5	15	1	11	0	48	34	1	138	104	3	0
HG02056	86216	2425	2268	150	146	785	374	41	10	414	0	3	0	11	0	109	18	2	132	10	8	1
HG02057	83836	35	40	163	13	2469	1255	46	14	402	7	7	1	6	0	88	4	0	77	14	6	0
HG02058	178985	2644	2459	19579	11978	191	1	238	18	397	4	24	1	11	1	102	28	1	167	23	19	0
HG02059	139874	29	35	356	16	4501	1872	53	50	586	2	51	1	23	2	149	15	1	225	55	4	1
HG02060	162523	33	31	12701	8553	2682	1115	218	49	450	2	37	0	18	0	138	44	0	178	80	6	1
HG02061	134130	23	44	364	60	3805	1953	122	93	589	6	55	2	23	0	138	5	1	161	43	5	1
HG02064	134737	4713	4395	439	161	293	2	2355	1118	723	2	12	0	23	0	88	34	2	211	45	2	0
HG02067	112650	34	31	404	24	2829	1401	91	58	390	7	18	3	27	4	109	4	0	233	20	2	0
HG02068	175321	37	30	19129	12874	182	1	160	32	341	2	36	0	63	2	128	30	0	177	63	66	0
HG02069	124354	28	30	10116	6523	1150	594	135	10	355	8	13	0	64	0	67	8	1	152	27	23	0
HG02070	189197	20	19	21404	14947	126	1	231	15	333	1	14	0	18	1	125	97	3	186	38	89	0
HG02071	101271	32	40	302	40	2777	1367	83	32	370	7	17	0	17	8	98	7	0	150	33	2	0
HG02072	68911	31	25	158	21	1176	514	1183	628	448	2	5	1	7	0	55	3	0	69	18	2	1
HG02073	112154	32	29	326	23	2916	1427	94	36	318	3	20	1	20	1	92	7	0	117	53	3	1
HG02074	203288	40	49	12581	8390	2138	1125	156	46	568	8	27	1	26	0	125	48	3	325	62	70	0
HG02075	146214	37	41	8857	6320	1558	826	103	33	423	8	37	0	17	0	114	25	0	130	56	34	1
HG02076	127092	29	34	272	15	2616	1616	74	18	439	6	24	0	14	0	169	8	3	119	64	2	0
HG02077	114844	44	35	266	49	2911	1759	66	28	302	4	4	0	17	1	134	8	1	204	79	2	2
HG02078	148051	32	32	13459	9043	1235	786	177	29	323	2	24	0	36	0	72	10	1	150	17	20	0
HG02079	90581	29	40	244	26	2316	1197	35	5	235	1	5	1	12	2	92	13	0	104	70	1	1
HG02080	106611	41	35	257	24	2997	1887	62	25	502	1	39	0	21	0	129	11	0	235	41	3	0
HG02081	127350	5466	5199	360	74	1754	921	105	56	428	2	17	0	28	0	103	20	0	187	51	4	0
HG02082	102682	21	25	294	14	2870	1410	61	10	463	4	27	0	16	0	123	6	2	115	34	2	1
HG02083	131363	32	39	256	19	2028	1784	114	12	240	3	3	0	24	0	124	9	1	273	155	3	1
HG02084	142367	29	32	9016	6026	892	860	141	15	260	0	9	0	21	1	90	21	0	185	84	54	0
HG02085	95625	31	25	257	17	1951	1354	72	43	256	4	14	0	7	0	107	3	1	118	69	4	0
HG02086	116871	31	38	554	34	1139	675	1991	883	517	3	6	0	19	0	105	9	1	142	86	3	2
HG02087	151709	42	27	23081	16454	170	0	283	11	329	0	26	0	14	2	88	39	3	187	78	20	0
HG02088	101849	27	39	398	34	1804	816	1341	682	594	5	18	0	11	0	100	6	1	105	40	6	0
HG02089	142136	42	24	13341	8630	936	654	184	24	297	3	10	1	12	3	74	27	0	129	145	45	1
HG02090	137936	31	48	11361	7941	785	582	137	13	258	1	10	0	18	1	68	39	0	139	41	8	0
HG02091	202053	29	28	26643	18091	216	0	222	21	247	1	10	1	30	2	36	68	3	281	20	56	0
HG02095	130794	37	40	9442	6296	137	0	136	21	510	9	10	0	23	0	50	2	2	68	47	18	3
HG02102	77077	29	64	217	12	1741	997	78	9	218	1	3	0	14	0	71	3	0	91	37	3	1
HG02104	110935	4483	4278	253	76	1085	599	124	13	448	3	9	1	12	0	162	31	0	112	71	5	0
HG02105	118441	31	38	9249	6418	1106	477	106	13	243	2	7	0	19	0	63	1	0	132	26	2	1
HG02106	180525	32	53	13883	9682	1524	838	203	14	390	1	9	1	21	0	117	9	2	184	92	6	0
HG02107	118976	39	46	329	18	1872	671	70	49	592	1	74	0	23	0	41	8	0	146	2062	1112	1
HG02108	99479	2345	2258	350	38	257	0	1136	1068	759	7	6	1	12	0	113	21	1	123	88	23	2
HG02111	148954	25	33	400	73	540	0	189	20	6675	2935	552	38	28129	14822	136	8	0	9	138	7	111
HG02113	76107	34	41	165	23	1550	871	63	21	264	5	5	0	4	1	87	7	0	77	46	3	1
HG02116	142896	16	42	12767	8571	1744	792	166	39	327	1	66	1	20	1	79	134	4	134	18	12	0
HG02120	95656	28	46	206	53	2631	1369	57	24	356	6	18	1	14	0	77	5	1	147	41	4	0
HG02121	84300	35	36	242	20	2670	1220	62	21	374	2	23	2	13	1	84	4	1	96	30	6	10
HG02122	109931	30	43	313	40	2670	1657	89	19	408	3	20	1	15	0	95	7	0	103	58	4	0
HG02126	114282	35	31	225	29	2565	1380	64	11	371	0	6	1	13	0	115	10	0	151	72	5	0
HG02127	108365	42	37	254	19	2805	1365	66	17	398	6	17	0	13	0	126	4	0	121	56	5	0
HG02128	109134	30	35	321	28	2779	1493	82	33	424	1	23	0	9	1	120	20	1	128	62	6	0
HG02129	128680	32	35	363	27	1724	704	1407	744	792	3	3	0	12	1	76	12	0	294	69	6	0
HG02130	122173	31	46	317	42	3228	1554	100	58	387	3	31	3	20	0	85	4	2	157	51	7	3
HG02131	178783	35	41	578	72	195	1	1413	681	16610	6436	1188	12	135	0	196	9	0	147	194	6	152
HG02132	132757	39	66	441	31	3956	1791	84	40	504	3	54	3	47	0	111	12	1	359	72	9	1
HG02133	112811	45	35	434	14	3688	1748	73	40	529	2	47	0	15	1	131	15	3	175	48	1	2
HG02134	142244	36	23	10617	7099	1140	603	102	18	278	1	9	3	18	0	82	14	1	114	61	59	0
HG02135	148627	30	40	10007	6870	1614	808	104	60	344	5	22	1	31	0	82	44	2	233	28	50	0
HG02136	93717	24	47	286	11	2590	1102	66	105	421	6	50	0	15	0	106	7	1	114	34	3	0
HG02137	176060	41	40	9781	6722	2319	1551	124	34	370	2	19	0	20	0	156	62	0	171	36	51	0
HG02138	175220	10703	9923	501	311	121	4	222	43	782	3	10	0	20	0	119	37	0	246	126	5	1
HG02139	124197	4160	3904	517	118	142	1	1277	586	813	3	7	0	18	0	142	36	0	204	98	11	0
HG02140	151595	37	40	14282	9807	1289	609	166	19	283	1	26	0	28	0	91	4	0	108	28	22	0
HG02141	153480	28	32	13022	8657	2015	919	158	28	452	2	39	2	31	1	104	6	0	131	23	40	0
HG02142	92786	26	27	254	20	2367	1059	77	11	308	1	7	1	8	1	118	4	0	82	70	3	0
HG02143	144137	61	50	379	44	258	0	338	400	461	4	178	0	20	1	93	4	3583	2696	31	86	2
HG02144	88043	24	29	388	74	1441	610	894	617	515	2	13	1	33	0	30	3	2	119	66	7	1
HG02145	86433	24	31	287	79	1770	655	180	334	375	2	17	0	40	0	10	5	2	107	64	2	0
HG02146	84096	3307	3257	207	36	807	376	85	9	446	3	0	1	14	0	105	17	2	164	85	14	0
HG02147	159116	31	23	11160	8064	1051	476	143	18	311	1	13	1	25	0	60	11	1	166	106	7	0
HG02148	148469	40	36	11446	7954	1304	577	189	9	403	5	8	2	19	1	75	12	1	168	104	8	0
HG02150	153095	28	40	14248	9783	1184	530	188	17	344	2	8	2	15	1	53	11	0	136	71	48	1
HG02151	207239	33	49	20411	13676	2620	1302	414	42	510	6	75	1	23	0	101	62	27	184	90	49	1
HG02152	142528	5375	5049	355	187	1880	941	115	23	621	5	20	0	21	1	67	32	0	170	132	4	2
HG02153	119898	29	28	10995	7714	108	0	269	30	494	1	5	2	19	0	81	25	3	115	28	70	0
HG02154	95874	31	40	247	40	2934	1466	65	18	400	1	17	0	13	1	129	4	0	94	42	3	1
HG02155	125540	33	31	8614	5389	1645	931	155	21	404	7	22	0	21	0	101	9	3	169	37	26	0
HG02156	130138	30	38	319	28	4154	2452	98	31	612	1	51	1	17	1	129	9	0	188	24	5	0
HG02164	126765	43	66	475	77	3770	1455	113	50	492	2	89	2	17	2	178	9	2	156	54	3	0
HG02165	136708	20	33	11217	7306	1813	853	161	37	416	1	31	0	19	1	65	32	1	137	46	5	0
HG02166	151218	32	33	10436	6984	1912	832	142	10	415	4	13	4	19	0	96	21	2	185	47	50	2
HG02178	118304	3300	3073	461	71	195	1	1531	715	489	7	6	2	20	0	171	43	0	195	33	5	1
HG02179	146960	25	32	12881	8868	1925	929	122	40	334	0	16	2	20	0	100	68	0	102	59	7	0
HG02180	134403	25	35	465	12	1976	995	1302	715	763	2	30	0	9	1	119	6	1	175	93	5	1
HG02181	94079	4128	4035	208	67	1123	870	85	23	352	2	3	1	12	1	139	89	1	107	21	4	0
HG02182	138697	43	59	444	40	4246	2121	93	60	682	1	44	1	13	0	128	16	0	112	35	3	2
HG02184	175181	5276	4850	12684	8935	227	0	224	34	572	3	31	0	25	1	93	141	2	153	77	6	1
HG02185	119629	39	30	513	24	1977	993	1546	764	621	3	25	1	18	0	96	8	2	134	33	8	0
HG02186	123194	29	54	313	16	3617	1957	54	44	711	6	40	0	17	0	175	4	2	121	51	3	1
HG02187	137526	33	52	12369	8269	1574	690	284	30	342	7	34	0	21	1	71	55	10	172	58	38	1
HG02188	137468	6143	5868	392	172	146	3	673	492	731	2	23	0	25	0	83	30	1	170	71	2	4
HG02190	163545	25	29	12908	8957	1932	1036	215	30	519	4	50	1	14	0	99	36	0	138	85	8	1
HG02215	154683	38	32	16574	10739	2491	1082	165	28	437	5	8	1	19	0	52	58	4	188	41	19	1
HG02219	106740	46	26	374	34	1813	709	1788	866	554	1	19	0	22	1	84	35	1	170	12	3	0
HG02220	103459	44	26	333	15	1618	826	1171	720	702	2	25	0	13	0	71	17	0	137	65	5	0
HG02221	94224	21	46	7075	4668	687	366	133	31	291	1	10	23	7	0	80	30	0	100	61	32	0
HG02222	143602	21	32	7023	4886	216	1	1421	764	738	1	18	19	42	0	74	38	1	268	49	41	0
HG02223	95568	28	22	4710	2821	159	0	1695	668	472	2	63	1	8	0	58	22	0	94	54	8	0
HG02224	129092	32	32	411	22	1689	832	1780	817	572	2	24	0	21	0	92	29	1	160	45	3	1
HG02225	132360	38	31	492	18	1936	924	2061	937	615	5	24	1	24	1	99	30	0	247	17	1	2
HG02229	90279	3443	3274	153	73	118	0	55	30	3945	1339	564	1	104	0	138	26	0	90	61	5	19
HG02230	74259	34	38	162	24	1168	581	47	24	3768	1286	537	1	113	0	141	5	2	49	61	1	6
HG02231	105982	3340	3185	405	85	174	1	1028	937	614	1	5	1	18	1	69	16	1	117	34	4	1
HG02232	121762	37	19	11348	7356	930	541	121	9	237	2	9	16	13	0	61	75	0	148	52	82	1
HG02233	81934	40	27	194	26	2138	1010	88	6	279	5	3	0	13	0	95	9	0	84	119	1	1
HG02234	115191	33	26	10152	6713	856	543	115	8	243	4	6	16	17	0	85	78	2	231	39	80	0
HG02235	96588	36	32	361	269	171	1	980	592	632	1	26	0	8	0	40	3	0	125	23	6	0
HG02236	89172	23	41	372	18	1631	611	398	322	568	1	27	4	21	1	60	1	1	85	13	6	1
HG02237	95271	34	30	433	25	163	0	1192	778	762	2	6	0	16	0	56	12	1	153	21	3	0
HG02238	130455	26	36	7753	6272	1196	509	204	14	356	4	7	0	21	0	127	21	0	89	70	53	1
HG02239	113072	37	36	421	51	1077	660	3282	1116	524	4	7	0	14	2	134	3	0	153	57	3	3
HG02240	100613	32	30	214	54	2103	1192	98	12	306	1	3	0	15	2	157	9	1	130	91	2	0
HG02250	85511	45	38	262	25	2599	1670	66	29	439	5	6	0	15	1	94	6	2	135	28	5	11
HG02252	106240	39	34	240	26	2033	998	150	14	346	4	4	2	9	0	103	20	1	130	121	4	0
HG02253	135802	29	53	485	38	1451	601	2487	1058	525	4	10	0	15	1	104	5	0	114	80	3	0
HG02255	125293	82	45	433	11	2110	798	2485	944	494	2	13	1	12	0	132	21	0	168	22	5	0
HG02256	84463	27	26	343	14	2338	1083	63	35	301	3	16	0	38	1	66	5	0	67	105	4	0
HG02257	103711	58	46	259	17	3075	1384	107	30	330	2	4	1	12	0	102	6	2	205	48	5	1
HG02258	118552	4617	4030	284	21	297	1	165	212	338	3	22	0	35	0	520	42	1	206	24	35	0
HG02259	150572	29	35	14232	9442	1001	564	229	14	398	3	11	1	20	0	82	25	1	181	82	58	1
HG02260	102993	5425	5201	280	91	1985	1470	141	9	542	4	5	1	9	0	197	18	1	191	49	9	0
HG02261	47811	38	31	105	13	1795	1440	64	4	317	2	3	0	5	1	61	3	1	68	59	4	0
HG02262	107512	4710	4474	350	56	1157	534	160	15	384	1	5	1	27	0	153	22	0	212	113	6	1
HG02265	115881	9335	8909	280	63	108	2	95	12	438	2	1	1	16	0	180	16	1	173	35	7	1
HG02266	101056	3980	3785	240	28	1139	521	76	31	375	1	7	2	9	0	147	21	1	102	61	1	0
HG02271	82145	968	938	269	21	1265	618	125	4	356	3	10	0	11	1	120	44	1	112	155	6	1
HG02272	170758	4753	4600	16604	10261	332	0	332	22	460	5	12	1	29	1	107	45	1	232	43	56	3
HG02273	96059	4290	4181	174	14	1322	701	108	11	344	9	7	1	16	0	126	9	1	119	89	1	0
HG02274	150210	30	41	11481	8331	1078	653	154	13	390	2	8	1	23	0	88	36	1	112	73	9	0
HG02275	81929	22	39	216	27	2000	1095	89	13	290	4	6	0	13	0	93	7	0	83	68	2	0
HG02277	132443	40	19	14194	9393	801	486	154	10	288	0	4	0	12	0	62	33	2	114	61	51	1
HG02278	131522	3450	3341	9589	6453	175	4	144	14	303	3	9	0	20	1	116	28	0	111	38	6	0
HG02279	111704	4422	4240	193	60	885	577	80	10	409	3	3	0	11	0	177	5	1	170	97	3	0
HG02280	148066	28	29	316	93	2145	652	91	33	563	1	17	0	249	1	132	220	2	1747	1900	37	1
HG02281	87866	33	23	254	51	1863	811	83	12	342	4	37	9	6577	2933	41	2	1	63	43	3	0
HG02282	75112	2571	2427	250	62	138	2	130	72	556	2	11	2	31	1	252	51	0	101	68	43	1
HG02283	104042	26	28	491	18	92	2	70	11	401	1	56	0	22	1	248	6	1918	1859	1768	1016	0
HG02284	100972	3259	3116	312	90	1801	839	117	13	406	4	28	0	13	1	80	13	1	182	29	9	1
HG02285	100678	26	32	294	23	2201	1198	115	8	307	5	9	2	16	0	97	4	1	69	110	0	2
HG02286	110694	39	37	9283	6451	1119	462	152	17	334	1	23	0	10	0	70	39	0	93	74	49	0
HG02287	71296	37	39	233	22	2302	953	78	8	321	6	19	1	10	1	74	4	1	113	77	5	0
HG02291	124335	28	18	11208	7983	1024	455	143	12	292	5	9	1	19	1	66	31	0	77	82	5	0
HG02292	82696	30	50	333	23	1753	1035	99	14	306	1	18	1	55	0	78	6	0	138	54	11	0
HG02293	88147	34	33	169	11	1824	1107	87	12	373	2	5	1	12	1	108	5	2	158	72	3	0
HG02298	119064	35	23	361	21	1626	881	2029	1544	665	2	25	0	9	0	48	26	1	149	13	4	1
HG02299	100091	5065	4971	279	25	1201	602	105	12	347	6	1	0	8	0	167	9	0	141	34	2	1
HG02300	104131	33	35	217	22	2696	1563	71	48	419	5	25	1	18	0	79	14	2	185	24	2	0
HG02301	139004	31	34	15072	9349	1202	800	162	12	311	3	11	1	13	0	70	27	1	146	89	62	0
HG02302	121624	32	45	324	37	1231	329	2068	1567	601	6	14	1	20	0	68	9	0	195	68	7	0
HG02303	127297	37	29	267	31	2438	1240	116	18	283	2	7	0	22	0	92	8	1	194	135	2	0
HG02304	150894	40	36	15097	10255	1235	490	165	12	351	1	7	0	17	1	87	7	2	123	52	49	1
HG02307	156440	30	25	319	43	162	0	101	37	504	1	138	2	238	1	126	23	2610	3710	1888	90	1
HG02308	126868	34	35	333	121	4411	1724	84	12	615	2	41	1	15	0	108	195	3	97	123	1	0
HG02309	93899	1020	1026	280	25	162	0	103	30	396	5	8740	3599	15	1	70	16	0	32	93	3	14
HG02312	103846	4267	4041	250	51	980	532	102	12	355	1	6	0	15	1	160	16	2	121	59	4	4
HG02314	125149	5176	4237	358	40	398	3	153	149	280	4	8	0	16	1	541	32	1	118	41	34	0
HG02315	75669	1356	1262	6586	4347	93	0	117	77	328	0	14	1	7	1	211	46	2	88	10	16	0
HG02316	119754	41	37	448	26	2772	595	1619	868	636	3	8	1	23	0	90	4	3	254	44	4	0
HG02317	87764	23	14	3691	2570	127	1	964	493	615	3	7	0	17	1	74	9	1	84	19	24	1
HG02318	130291	31	37	455	41	4760	1964	86	55	367	2	3	2	22	0	142	11	0	145	55	5	3
HG02321	104717	2320	2218	183	84	2200	980	77	41	624	1	30	0	33	0	167	42	1	120	92	1	1
HG02322	144145	39	26	19810	13092	133	0	294	8	261	0	10	0	31	2	36	18	0	198	19	47	1
HG02323	92043	2641	2437	303	45	322	6	226	105	347	1	8	0	19	1	285	81	0	138	30	34	1
HG02325	143964	1811	1563	10252	7101	226	0	235	105	381	3	25	1	12	1	285	81	3	181	76	12	1
HG02330	85568	1031	882	419	37	2699	552	67	22	296	3	5	1	12	0	206	6	3	105	72	3	1
HG02332	100540	37	47	391	34	1963	797	117	26	322	1	13	21	10578	4788	37	9	1	125	34	12	1
HG02334	84541	1519	1343	248	68	982	569	142	83	264	9	10	1	23	0	135	17	0	125	66	4	0
HG02337	130075	31	42	2300	1659	119	1	155	11	535	3	54	1	29	0	105	31	0	124	1854	1037	2
HG02339	123125	29	39	475	85	113	1	88	18	337	9	8676	3431	12	1	109	3	1560	1555	101	41	56
HG02343	103438	4521	4103	276	117	211	2	79	85	531	0	5	2	14	0	216	100	1	155	28	19	2
HG02345	95477	49	36	327	24	2468	1349	159	35	318	1	22	3	26	0	87	14	1	197	73	3	2
HG02348	105734	40	37	7874	5393	1144	516	156	11	268	0	8	0	20	0	42	27	3	97	40	2	1
HG02351	165910	6275	5896	518	139	1928	831	125	50	692	5	17	1	27	1	125	24	2	247	125	5	0
HG02353	122272	3748	3496	335	39	1893	653	135	34	543	2	51	0	15	1	154	22	3	186	65	8	0
HG02355	115306	36	39	332	28	3001	1767	85	40	527	3	20	0	20	1	127	13	3	171	16	10	0
HG02356	115477	3782	3520	409	38	1756	864	112	20	477	2	30	2	18	0	129	17	2	218	47	25	0
HG02360	101269	27	26	255	13	3209	1395	53	37	544	3	40	0	33	0	89	4	3	139	35	9	0
HG02364	147756	24	34	722	38	279	0	2914	1518	1110	1	12	0	16	0	165	8	1	269	136	6	3
HG02367	136980	5319	4991	402	189	257	4	1272	626	662	2	8	0	16	0	129	20	0	162	103	4	0
HG02371	117048	21	24	10049	6795	1604	441	163	54	372	3	40	2	19	0	71	39	1	145	23	4	3
HG02373	260343	37	44	26597	18807	150	0	397	56	445	5	31	0	27	0	169	67	2	253	131	45	3
HG02374	222768	7134	6682	16267	10882	277	1	278	43	830	4	8	1	20	0	274	54	3	336	125	61	3
HG02375	135994	36	43	768	55	1533	781	1869	1037	879	7	10	3	22	0	168	13	0	150	66	9	18
HG02379	157533	3871	3582	12075	8631	158	1	196	19	486	4	12	0	17	0	92	90	3	210	46	60	0
HG02380	105341	37	32	329	38	2731	2243	142	8	306	4	18	0	19	0	122	6	0	189	96	8	0
HG02382	89065	26	33	188	19	2828	1515	41	18	407	4	24	1	8	0	106	5	1	105	19	4	9
HG02383	129006	30	29	9624	6895	1748	937	227	41	330	4	29	0	12	1	84	38	0	157	77	13	1
HG02384	127304	5011	4722	282	146	1071	551	101	25	428	1	7	2	15	1	128	38	0	180	80	3	0
HG02385	147885	31	30	11530	7759	241	0	1141	515	540	3	16	1	30	0	54	69	0	192	5	27	0
HG02386	100743	48	47	352	22	3146	1562	53	74	389	3	44	0	12	0	71	5	0	157	21	6	0
HG02389	119688	39	52	418	24	3306	1800	78	52	459	6	23	0	19	0	115	6	0	191	34	4	2
HG02390	123509	4687	4348	368	163	153	1	1217	669	655	8	7	0	22	0	73	24	0	236	98	8	1
HG02391	143362	5200	4891	407	154	1860	977	124	18	561	1	29	0	32	1	100	42	1	223	86	6	2
HG02392	97989	23	32	349	57	2669	1612	78	21	412	3	21	1	10	0	113	3	0	118	19	5	10
HG02394	119903	34	25	433	22	1865	919	1489	884	587	5	7	0	14	0	83	7	2	209	30	9	0
HG02395	116157	45	34	369	93	3909	2181	80	59	527	3	48	0	23	1	135	8	1	185	52	8	0
HG02396	96221	43	33	228	31	2309	1532	65	8	355	6	21	1	14	0	97	2	0	124	63	7	1
HG02397	110012	24	48	311	11	3158	1877	75	8	433	3	20	1	17	0	128	4	2	128	18	2	0
HG02398	132752	29	36	10564	7501	1126	688	186	13	239	0	12	0	21	1	126	39	0	178	38	26	1
HG02399	88193	39	28	297	17	877	516	1358	697	460	0	3	0	4	0	110	7	1	84	43	4	0
HG02401	120939	10198	9725	328	103	93	4	114	36	251	6	5	1	19	0	95	24	0	196	110	10	0
HG02402	85971	31	36	320	28	958	490	815	795	433	1	8	1	15	1	76	3	0	160	35	6	1
HG02406	140741	33	47	10550	7080	1585	850	162	27	425	3	17	0	18	1	99	9	1	131	27	14	0
HG02407	83761	53	47	297	27	1857	1447	88	15	339	4	36	0	15	1	137	4	0	113	35	5	1
HG02408	88814	30	30	271	40	2704	1312	52	30	407	3	26	1	18	0	101	6	1	169	23	7	1
HG02409	135681	27	37	507	31	2488	1050	965	736	654	2	22	0	13	0	76	6	0	208	45	1	0
HG02410	111012	3556	3454	359	70	1815	724	90	22	477	1	28	0	29	0	217	16	0	202	44	5	0
HG02419	136458	25	32	373	25	2611	1215	259	203	500	2	12	1	32	0	164	5	0	176	78	9	307
HG02420	146791	1768	1547	455	73	2368	2	286	71	343	9	8955	3852	25	1	228	31	1	97	34	55	41
HG02425	94568	40	39	212	19	2715	1378	79	53	311	1	18	0	21	0	89	18	0	113	32	4	1
HG02427	131479	1899	1571	1952	1497	208	2	146	31	274	3	10	1	20	1	451	70	0	86	15	55	0
HG02429	103804	36	24	8775	6156	89	2	65	11	278	1	10	0	14	1	33	23	0	82	7	28	1
HG02433	142576	23	27	793	187	209	2	2205	883	721	3	30	1	39	0	9	15	2	140	64	57	1
HG02439	133493	2480	2172	369	22	1896	1084	238	30	494	3	22	1	11	0	500	73	0	131	36	41	1
HG02442	95416	36	30	363	26	3205	1433	82	26	424	5	33	1	36	1	32	8	0	101	66	2	0
HG02445	109176	4031	3217	341	137	267	1	140	49	398	21	6	0	24	0	815	73	0	140	29	65	1
HG02449	124039	30	28	468	35	2322	652	95	18	303	10	9186	3633	19	0	11	11	0	87	23	6	40
HG02450	70177	568	544	167	34	207	1	742	762	557	0	6	0	7	0	122	14	0	86	38	22	0
HG02451	95774	635	581	243	17	2349	643	126	68	366	3	3	1	5	0	79	31	0	101	44	16	1
HG02455	74904	35	32	257	38	883	614	728	653	567	2	21	0	10	0	54	15	0	146	12	7	0
HG02461	119777	51	48	7857	4749	1737	725	185	37	373	3	12	0	42	1	64	12	1	137	90	80	0
HG02462	120251	1906	1680	352	21	2196	1049	134	145	554	5	18	0	4	0	163	89	0	115	74	41	0
HG02463	99802	1805	1599	210	17	2069	859	107	129	329	3	4	0	16	0	123	87	0	98	39	19	2
HG02464	109096	43	54	4627	3026	2353	1043	133	46	281	1	7	1	14	0	47	6	0	82	28	39	0
HG02465	105097	31	35	275	38	1257	1119	106	9	405	0	21	7	12753	5744	100	6	0	67	66	34	2
HG02466	120691	32	41	4871	3225	1440	1246	132	21	332	1	17	0	16	0	75	9	0	74	41	44	0
HG02470	114561	1916	1600	310	33	259	0	240	720	631	1	26	0	15	0	274	81	0	160	19	30	1
HG02471	147300	2319	2035	3330	2345	252	1	377	50	536	4	12	1	31	0	416	71	0	112	7	81	0
HG02476	126205	1935	1772	8670	5473	250	0	120	108	331	2	38	0	18	15	109	67	1	159	51	24	1
HG02477	119717	1603	1547	5653	4056	195	0	143	33	390	5	7	2	13	1	366	69	0	100	70	72	1
HG02479	126400	1710	1532	7809	4855	2578	0	195	50	612	3	17	1	16	1	264	32	2	123	40	77	0
HG02481	110152	1681	1515	318	48	337	0	115	91	603	5	12	2	13	1	93	20	13	563	63	7	1
HG02484	121373	32	36	299	37	2374	1073	194	14	342	0	21	3	17	0	42	6	1	168	4796	1423	0
HG02485	94329	1687	1435	261	24	108	2	134	36	230	8	6825	3397	14	0	281	56	0	49	34	24	16
HG02489	112654	1485	1273	303	52	2715	1186	80	60	385	3	44	0	14	2	133	111	0	105	37	19	9
HG02490	133111	3944	3789	5696	3192	154	0	164	18	545	3	64	0	12	0	151	45	1	149	149	28	1
HG02491	141516	25	36	15266	11064	1095	409	154	24	291	2	21	2	15	0	61	44	2	133	45	25	1
HG02492	108353	3962	3786	210	72	1012	466	86	13	551	0	2	0	8	0	149	35	0	106	130	15	0
HG02493	149012	35	33	15229	10222	1809	1003	159	30	289	5	18	1	19	0	57	47	2	174	25	7	0
HG02494	114196	48	52	389	48	2655	1233	188	9	337	3	8	3	18	3	103	6	0	179	207	8	3
HG02495	159322	44	33	16079	10808	1150	529	172	27	281	1	19	1	19	0	91	60	1	106	109	2	1
HG02496	128498	30	34	331	53	2123	784	264	239	329	0	18	1	20	0	73	23	0	168	61	9	348
HG02497	109754	46	50	301	77	1780	965	106	8	357	1	62	8	10782	5156	67	7	0	68	78	8	1
HG02501	98610	1161	963	237	59	2760	1230	110	6	328	6	33	1	12	0	197	3	0	91	49	6	1
HG02502	159417	23	46	279	53	1208	680	297	26	321	4	24	2	114	1	128	310	0	201	2945	33	1
HG02505	124154	2366	2090	406	17	2223	636	120	72	361	11	6	0	14	0	285	112	0	152	35	15	1
HG02508	131552	36	44	379	28	3677	2342	101	59	355	3	10	1	17	0	147	8	0	135	75	6	0
HG02511	112077	4390	4213	186	73	2109	310	71	57	564	4	23	0	17	0	91	46	1	151	27	21	1
HG02512	100193	36	29	313	35	1128	372	1490	1060	571	2	6	0	11	0	75	10	0	200	26	4	1
HG02513	133596	39	33	11584	7913	225	2	1354	752	569	3	5	0	17	0	107	42	0	171	34	49	0
HG02514	124938	37	38	412	29	268	1	2857	1973	926	2	6	0	10	0	97	36	1	132	27	3	1
HG02521	100824	24	36	327	17	2711	1444	66	43	286	4	17	1	16	0	111	10	0	172	55	5	1
HG02522	142286	29	53	10942	7233	1765	830	165	27	457	7	16	1	28	2	62	10	2	152	24	23	2
HG02523	148692	24	36	12097	7877	1899	909	118	41	353	4	19	2	32	0	95	8	1	96	18	20	1
HG02524	174673	31	42	14074	9131	1357	508	235	52	339	5	161	2	59	0	127	104	0	185	85	98	1
HG02525	152329	34	41	11720	7790	1686	927	194	94	358	5	80	0	80	0	128	62	6	198	53	24	0
HG02526	236437	30	38	26228	17615	288	0	319	78	362	3	167	0	110	0	144	123	2	365	73	89	2
HG02536	123972	50	54	342	27	5371	2014	103	14	456	3	43	0	15	0	122	8	1	131	15	24	1
HG02537	137360	30	31	16262	11688	185	1	188	12	386	2	17	1	29	0	54	27	1	203	18	44	0
HG02541	145707	40	30	392	49	239	0	1921	771	9282	3383	1264	10	173	0	153	13	0	75	169	9	72
HG02545	128584	39	51	302	30	4573	1826	89	36	337	2	18	0	18	0	110	7	1	102	29	8	0
HG02546	138371	25	36	397	39	2691	1208	105	11	478	6	128	1	16	1	112	12	2542	2009	31	53	0
HG02549	135016	71	73	341	43	4384	2369	122	12	504	3	44	0	12	0	98	15	0	102	61	26	0
HG02554	150080	75	39	425	44	224	0	2417	1066	641	6	152	0	42	0	101	23	2182	2944	30	71	0
HG02555	72865	29	48	158	35	1845	1107	85	3	387	5	1	1	9	0	128	4	1	80	43	4	3
HG02557	91534	1255	1239	249	45	330	1	867	776	695	3	4	2	7	0	146	19	1	109	107	6	0
HG02558	58657	36	35	127	34	2877	2187	71	84	281	5	4	0	10	1	64	18	1	68	2	8	0
HG02561	102302	2775	2421	319	42	197	2	220	111	430	2	6	0	16	0	282	119	2	140	42	27	0
HG02562	128835	1869	1599	410	30	2044	1220	273	36	619	0	52	0	29	0	443	72	1	167	39	67	0
HG02563	93548	2320	2015	184	20	160	2	214	98	467	2	6	0	16	0	500	67	1	117	29	33	0
HG02568	127087	50	61	292	21	1872	1022	203	595	592	2	18	2	24	0	54	10	0	187	32	26	1
HG02569	158745	73	82	228	29	5066	2950	92	68	486	2	28	0	20	0	131	12	1	96	136	31	0
HG02570	70130	22	24	249	56	180	36	951	713	670	7	9	1	9	0	115	6	0	96	29	7	0
HG02571	128883	44	37	336	35	321	1	263	552	656	1	41	0	17	1	48	7	0	209	1968	888	2
HG02572	79759	26	30	215	38	108	34	67	9	374	1	38	2	12	0	48	9	0	96	2130	979	0
HG02573	109699	1979	1690	445	22	209	1	224	62	335	19	6777	4060	14	2	460	84	0	41	19	45	51
HG02574	96324	2247	1990	301	43	184	0	101	108	238	8	5443	3960	25	1	251	91	1	81	2	20	37
HG02575	133329	3278	2907	652	154	211	9	115	139	326	13	7185	4334	20	0	362	121	0	110	6	27	47
HG02577	133212	26	34	648	52	2529	684	148	15	398	9	54	23	12511	5794	23	15	2	102	61	9	1
HG02580	107678	1675	1488	505	30	1909	801	98	146	414	19	36	1	46	0	49	88	1	151	73	11	1
HG02582	106531	47	39	316	37	4299	1987	73	11	372	5	24	0	15	0	73	5	0	117	8	5	0
HG02583	176588	3505	2584	615	32	4072	1636	225	12	597	2	33	0	33	0	359	221	1	215	125	27	2
HG02584	148753	2895	2138	272	37	3005	1493	172	20	408	2	25	2	14	0	293	56	3	139	33	20	0
HG02585	108711	1679	1459	5482	4203	185	6	109	128	413	2	26	0	16	3	115	280	0	147	48	48	0
HG02586	114261	4765	4529	277	90	1990	802	82	26	419	3	46	0	15	0	140	27	17	177	16	24	1
HG02587	118418	55	49	5829	4472	2000	812	49	23	436	2	36	1	12	0	101	199	0	76	40	25	0
HG02588	138412	2919	2626	373	26	2381	602	283	46	364	1	25	2	24	0	372	63	2	194	19	44	1
HG02589	202009	55	39	9654	6604	4027	1837	199	54	711	4	86	0	71	0	165	205	2	221	110	42	1
HG02590	162782	2987	2670	387	31	3177	1367	328	42	484	2	23	0	59	2	440	254	0	220	97	52	2
HG02594	131343	2951	2733	347	39	1261	1	366	56	743	1	4	0	17	2	194	47	0	114	96	55	0
HG02595	144400	3695	3607	329	63	281	0	382	834	529	1	7	1	41	0	159	27	0	183	127	19	499
HG02596	107698	4965	4827	226	63	238	3	73	13	777	4	4	1	16	0	134	49	0	150	108	24	0
HG02597	148599	4316	4162	7850	5458	109	2	188	32	475	3	5	0	18	0	158	28	2	139	60	47	1
HG02600	200556	39	48	19265	12940	141	0	208	35	462	0	43	1	20	0	98	63	1	153	93	42	0
HG02601	104445	2114	1808	304	31	1288	793	116	79	309	3	25	0	17	0	356	45	1	153	18	20	3
HG02602	152977	24	30	8892	5960	1262	888	146	43	359	3	31	0	26	1	106	47	0	151	72	24	2
HG02603	137139	31	45	8409	5645	1595	1635	103	29	327	0	26	1	15	0	76	15	1	166	40	57	1
HG02604	147161	4784	4516	6614	4513	221	1	189	16	444	2	5	0	13	0	135	27	0	174	50	51	0
HG02605	128521	5112	4898	256	29	1640	1631	102	17	500	1	17	0	9	0	143	28	0	114	39	18	0
HG02610	112916	3640	3519	429	77	84	1	106	65	383	7	8932	3851	19	2	107	28	1	68	19	23	34
HG02611	130196	57	62	378	36	5241	2391	117	14	538	3	36	2	46	0	95	158	6	160	114	7	2
HG02612	118551	3970	3807	199	72	2508	1254	92	36	630	0	23	1	12	0	94	34	0	111	45	15	0
HG02613	92482	40	25	287	57	1821	1332	83	8	371	0	25	34	16703	7373	87	3	0	30	52	6	0
HG02614	107668	5117	4737	235	128	211	1	196	40	606	3	4	0	22	1	338	67	0	131	24	48	3
HG02615	135783	4041	3882	243	165	219	0	71	56	655	1	32	20	18007	7819	121	28	1	59	88	11	0
HG02620	91462	1318	1091	265	20	188	1	75	4	343	0	4	24	14780	6825	372	50	0	40	61	17	1
HG02621	137085	32	35	5428	3793	2643	1175	117	15	502	11	28	1	40	0	94	152	0	159	102	27	0
HG02622	137024	26	36	276	27	2843	1349	70	17	502	6	27	17	16205	7660	115	146	0	63	143	3	1
HG02623	119869	1616	1431	7045	5187	232	0	110	115	379	2	21	0	16	1	114	57	0	147	26	53	0
HG02624	185352	46	42	789	87	4445	1652	242	68	591	24	12391	5218	52	0	114	228	1	141	158	5	72
HG02625	160013	43	39	7533	5527	3575	1337	88	24	590	1	14	0	58	2	103	185	0	152	107	43	0
HG02628	157006	32	39	10198	6732	3240	2018	135	52	279	3	21	3	17	0	105	28	2	191	26	44	2
HG02629	149683	1744	1529	415	53	4508	998	378	41	859	3	29	0	14	0	260	61	3	148	53	69	3
HG02630	173361	59	67	269	137	5930	3277	96	67	619	3	25	0	20	1	130	18	1	123	62	3	1
HG02634	182306	5585	4642	637	83	3566	6	478	88	455	4	19	0	24	2	955	129	2	208	127	158	0
HG02635	156283	1657	1452	424	164	3216	2010	172	174	418	6	9	1	21	0	182	82	2	154	62	30	2
HG02636	114048	3734	3207	189	9	197	4	174	147	437	3	4	0	11	0	612	168	0	81	75	78	3
HG02642	91954	454	439	265	49	150	1	120	86	306	3	8410	4458	12	0	177	45	1	24	9	37	57
HG02643	106468	6866	6585	199	201	124	6	138	31	690	4	5	0	17	0	141	44	1	131	42	26	0
HG02644	123483	4181	4035	224	85	78	1	111	67	466	6	9375	5012	12	0	81	38	0	59	29	17	54
HG02645	129471	1819	1572	304	20	2813	1125	161	93	585	5	21	1	49	0	143	200	5	143	86	8	1
HG02646	123777	4635	3727	226	35	520	2	219	121	396	4	34	0	17	0	275	118	0	107	48	20	5
HG02647	161003	3265	2476	270	40	3322	1291	184	27	560	1	26	0	58	0	372	255	0	147	148	4	0
HG02648	145362	4270	4030	4863	3485	131	23	151	37	369	1	7	0	24	1	81	31	0	120	41	7	1
HG02649	177141	24	31	19229	14014	198	0	433	10	203	1	8	1	30	1	42	35	2	146	41	73	0
HG02650	170287	4474	4273	10834	7862	85	23	237	42	320	6	11	0	16	1	99	63	1	155	63	23	2
HG02651	105916	4613	4498	217	35	1545	758	103	10	494	1	4	1	9	0	121	38	2	122	20	4	1
HG02652	194489	30	46	24087	16439	276	1	345	22	424	1	23	0	25	0	60	79	3	230	56	46	0
HG02653	177685	5243	5067	10473	7354	204	0	219	17	649	1	6	1	24	0	167	77	1	234	45	25	0
HG02654	102750	36	25	235	15	2206	1383	108	15	315	4	21	2	20	0	127	3	0	98	65	3	2
HG02655	118289	4402	4248	341	86	930	639	134	9	464	7	4	0	9	0	143	42	1	110	247	22	3
HG02656	129725	4930	4757	255	75	1394	735	75	21	553	4	16	0	11	0	191	49	0	112	77	13	0
HG02657	146165	50	24	12223	8828	972	463	262	12	290	3	60	1	37	0	64	60	1	185	89	35	0
HG02658	84436	29	36	233	94	1752	1124	150	10	357	3	7	1	15	1	80	46	1	90	80	2	1
HG02659	166620	40	41	13559	9535	958	540	227	19	413	0	52	0	16	0	67	65	0	115	75	15	0
HG02660	120645	45	32	414	39	3420	1739	110	75	354	10	40	14	19	0	47	49	3	193	77	5	1
HG02661	105150	38	40	330	51	2661	1363	71	114	446	3	31	1	17	0	49	78	1	114	25	11	0
HG02662	116969	32	46	290	14	3360	1383	58	188	465	3	33	0	12	0	82	55	1	108	49	3	0
HG02666	112539	4129	3460	256	63	358	20	255	29	403	3	11	1	15	0	565	92	2	111	53	60	1
HG02667	81920	728	673	247	40	7493	2697	118	34	453	6	18	0	13	0	135	82	17	80	13	18	0
HG02668	79512	2377	2166	194	74	177	2	140	56	292	2	8	1	10	0	359	97	2	102	25	59	0
HG02675	104751	56	51	303	60	1877	753	126	26	443	4	12	17	13439	6427	63	27	1	40	73	8	0
HG02676	121156	2576	2089	313	42	308	4	132	44	220	15	9373	3862	10	0	305	49	0	60	18	6	59
HG02677	126117	20	37	276	38	104	0	47	26	302	9	9906	4005	14805	6846	81	34	0	3	36	4	68
HG02678	158968	46	34	7054	5528	223	1	384	21	846	6	25	1	28	1	45	9	0	73	13	85	0
HG02679	113799	21	35	275	85	1823	1390	380	769	576	2	5	0	50	1	97	9	1	159	133	21	548
HG02680	157759	33	31	6015	4498	269	0	312	697	673	7	10	0	58	0	132	13	2	170	107	55	475
HG02681	141268	35	34	13020	8733	1153	582	246	26	357	3	22	1	34	0	62	40	3	188	40	28	0
HG02682	148475	26	48	13906	9418	1803	664	181	78	419	8	37	0	13	0	79	69	0	163	23	33	1
HG02683	87378	25	27	302	31	2423	1281	44	83	401	1	18	0	8	0	73	34	1	124	9	4	1
HG02684	164904	10138	9621	337	191	165	3	122	36	685	5	3	0	17	0	129	54	1	181	143	17	0
HG02685	106611	39	32	312	25	1463	584	1291	752	582	4	6	0	22	8	73	8	1	182	155	8	0
HG02686	166811	6930	6532	352	174	115	5	1499	897	899	0	11	1	11	0	130	42	0	192	101	4	2
HG02687	165381	5972	5708	483	163	352	3	2127	886	817	3	11	0	26	0	110	32	0	263	120	14	2
HG02688	169519	46	32	15683	10798	1672	701	216	16	469	2	64	1	30	0	100	192	1	169	28	14	3
HG02689	134674	22	42	382	51	1628	684	2206	945	744	1	48	5	8	1	96	13	0	193	36	4	0
HG02690	124374	36	40	441	76	2586	1148	2121	886	629	7	11	3	14	0	90	10	0	236	23	54	2
HG02691	121634	4741	4558	410	68	1330	833	176	14	348	5	5	2	19	2	127	13	1	213	55	4	2
HG02692	137361	5598	5411	431	143	3102	1341	153	34	493	4	8	0	40	4	140	32	0	218	7	72	1
HG02694	130638	41	21	488	21	335	1	2893	1499	862	5	5	0	15	0	83	10	0	242	40	9	1
HG02696	140919	5109	4973	518	49	249	2	2412	1145	829	5	27	0	16	0	196	31	0	231	109	15	2
HG02697	145152	27	33	8026	6805	1214	566	294	18	235	9	15	0	26	0	91	19	1	160	110	64	1
HG02698	166881	5190	4970	8169	6724	153	1	220	35	496	0	26	1	20	0	194	43	0	148	61	81	1
HG02699	118687	26	29	505	38	274	0	2591	1572	811	4	5	1	17	1	63	10	1	233	36	12	2
HG02700	107173	1992	1815	186	25	1761	668	110	106	419	6	4	0	16	0	249	46	0	125	61	10	1
HG02701	113879	54	50	397	34	1686	710	1346	769	597	0	10	3	27	1	82	24	1	208	59	2	0
HG02702	118809	25	34	321	15	8857	4132	118	14	539	3	23	1	54	0	105	145	1	151	102	6	2
HG02703	94079	3117	2704	204	19	292	0	214	44	303	2	7	0	16	1	555	60	1	147	15	45	0
HG02704	150904	2354	2258	347	36	10130	4756	333	65	587	13	9	0	27	1	559	126	0	180	10	51	1
HG02715	167069	40	37	480	58	3758	2196	146	72	401	2	7	41	15125	7042	151	20	0	113	80	4	2
HG02716	130893	45	61	5856	4217	2462	1103	114	33	370	1	14	1	16	0	80	4	1	77	26	37	0
HG02717	139718	25	31	5909	4224	169	0	90	25	444	0	12	32	15149	6888	99	19	1	39	67	28	0
HG02721	116590	4161	3458	259	48	454	18	203	93	355	0	9	0	20	0	301	112	1	111	47	19	0
HG02722	130649	26	37	2321	1786	214	0	133	24	292	12	7987	3885	20	0	63	8	1	19	6	27	35
HG02723	151980	2571	2020	2452	1846	300	20	185	24	410	5	7	0	17	2	276	74	0	82	28	26	1
HG02724	132203	42	40	8341	5856	153	0	162	8	6802	2962	573	7	270	6	115	56	1	63	118	48	74
HG02725	169161	4823	4652	7714	5864	160	3	263	11	685	3	19	0	20	1	172	26	1	119	81	21	0
HG02726	124328	4387	4201	250	105	235	1	119	12	6694	2760	579	3	208	0	185	24	0	173	126	8	61
HG02727	173983	25	29	12504	7875	158	2	1734	857	723	4	12	1	19	1	109	17	4	145	32	87	0
HG02728	157035	5336	5088	596	68	2468	1333	139	68	664	3	31	0	20	0	217	34	2	224	91	10	2
HG02729	171576	31	36	12338	7775	2106	1175	220	39	373	5	25	0	31	1	89	23	1	156	48	66	2
HG02731	132127	34	32	349	23	2217	1046	1564	662	579	0	65	0	20	0	57	14	2	235	65	7	1
HG02733	156717	36	39	13108	9083	211	2	1319	849	410	0	17	2	18	0	37	30	0	172	13	43	1
HG02734	67750	33	30	183	43	1329	641	45	5	261	1	4	0	14	0	117	3	0	48	48	6	0
HG02735	100824	29	34	370	45	886	360	1255	961	458	2	7	0	22	0	80	4	1	177	29	7	2
HG02736	170486	4269	4119	14436	9752	228	0	252	27	446	0	24	0	19	1	83	111	1	182	64	43	0
HG02737	100522	26	24	312	50	2717	1515	86	41	401	5	28	1	15	0	65	24	1	133	44	5	1
HG02738	180179	37	39	18146	12523	1455	881	284	27	445	5	37	0	16	0	59	72	1	237	91	32	0
HG02756	114110	3779	3479	344	132	91	3	117	50	506	9	8127	3876	35	2	115	16	0	80	15	16	31
HG02757	160447	49	38	12022	8775	1335	926	152	11	626	3	15	0	27	0	120	14	3	207	85	50	2
HG02759	101570	5624	5261	211	119	132	2	147	30	438	3	12	1	16	0	258	54	1	92	44	29	6
HG02760	62474	1157	1132	144	23	1614	885	79	4	466	1	3	0	12	1	52	13	0	52	105	5	0
HG02761	92875	2869	2643	170	24	310	2	97	21	537	2	8	1	18	1	268	57	1	100	136	20	0
HG02762	133794	2049	1819	305	54	464	5	228	899	643	6	24	0	20	2	153	84	2	260	45	10	3
HG02763	127166	2617	2297	356	26	226	3	155	85	380	6	66	0	21	0	477	76	1594	1452	82	74	1
HG02764	125154	4518	3943	259	57	346	5	144	248	348	5	42	0	29	1	300	145	2	146	40	33	1
HG02768	113674	51	52	630	73	2148	616	1693	842	570	7	39	4	37	0	92	8	0	226	38	7	0
HG02769	116837	68	69	431	43	1991	1130	143	10	524	4	83	25	8641	3719	80	9	0	67	86	21	0
HG02770	98466	49	50	214	27	1956	597	48	13	277	0	66	11	8339	3535	101	15	0	56	78	3	2
HG02771	93684	4821	4686	244	84	162	6	150	53	469	5	8	0	12	1	113	88	1	117	35	33	0
HG02772	116359	5730	5206	406	148	232	2	202	91	452	11	10	1	19	0	210	107	1	142	43	31	0
HG02773	89889	4313	4060	154	126	182	3	141	54	414	4	6	0	12	0	168	102	0	106	50	38	0
HG02774	110693	24	34	575	33	1924	1003	743	418	513	4	16	4	25	0	68	11	1	186	24	8	0
HG02775	146682	30	27	6040	4589	297	1	2059	778	583	1	13	0	18	1	77	6	3	220	34	15	0
HG02776	125854	25	23	5663	4357	169	0	831	378	519	4	4	0	31	0	76	4	0	109	7	11	0
HG02778	108096	34	35	444	29	1186	779	1380	768	546	8	8	0	13	0	84	6	0	169	38	4	0
HG02780	181894	33	43	8162	5981	314	1	2540	1020	720	4	19	1	34	0	126	7	0	246	26	13	0
HG02783	166660	38	26	651	32	5121	3225	112	75	421	2	51	1	31	0	72	10	0	202	70	1	0
HG02784	226405	32	29	13722	9628	301	0	363	18	20216	10307	683	9	208	0	94	23	0	88	345	21	234
HG02785	264023	41	40	417	88	3546	2175	187	119	26088	13619	683	11	267	0	118	75	0	132	476	3	283
HG02786	141849	3650	3380	433	142	2554	1040	139	45	364	2	28	2	19	2	172	34	0	192	51	5	0
HG02787	139754	52	53	396	41	3479	2467	115	26	317	1	43	0	16	0	88	9	0	186	110	7	2
HG02788	129717	30	29	353	12	4523	2034	70	73	226	1	50	0	16	0	96	31	1	173	46	6	1
HG02789	154292	32	44	9269	6825	153	1	258	7	8659	3363	956	10	101	0	147	36	0	74	145	25	93
HG02790	131001	36	26	8939	6384	959	538	215	12	264	2	7	2	22	0	76	34	2	134	64	46	1
HG02791	193015	36	47	9970	7001	207	0	202	29	10532	4137	1217	11	129	0	183	38	2	87	201	36	108
HG02792	130705	25	29	10793	7683	2103	779	210	35	323	4	7	0	18	0	57	22	0	164	37	35	0
HG02793	163446	4804	4582	329	69	187	1	102	25	11015	4266	1131	2	131	1	246	43	2	68	234	9	125
HG02794	153651	41	43	224	26	2345	969	71	41	10445	4222	1173	2	150	0	191	28	0	78	169	5	104
HG02798	107707	46	35	6111	4231	84	2	67	10	286	6	6599	1542	16	0	107	6	1	55	5	46	2
HG02799	159354	33	24	8717	5120	446	1	402	678	465	4	16	1	55	0	74	11	1	240	146	64	0
HG02800	174257	41	47	15669	10017	141	0	157	49	391	8	20	0	45	0	124	27	2	112	146	95	1
HG02804	123521	27	32	409	86	117	0	85	25	250	9	6194	1813	24565	13704	47	43	0	16	157	2	3
HG02805	129111	2915	2606	717	54	305	1	245	114	362	17	8307	3826	22	1	117	105	0	185	24	17	33
HG02806	116638	3124	2817	262	50	270	10	148	107	273	7	5806	1472	21	1	112	116	0	123	20	21	1
HG02807	202331	38	40	845	45	4177	1678	225	12	730	3	183	1	65	0	212	263	4541	1340	191	39	3
HG02808	79547	3792	3705	185	82	1611	1179	108	32	489	2	4	0	16	0	102	24	0	112	17	22	2
HG02809	91442	31	34	276	45	1684	1329	54	20	376	2	110	0	12	1	90	14	3754	1019	42	19	0
HG02810	78904	992	920	227	27	131	1	256	63	316	1	6	0	14	0	436	73	2	72	62	39	0
HG02811	154784	32	35	6094	4294	206	1	152	24	314	3	143	47	24051	13080	58	40	0	73	106	41	1
HG02812	116142	502	464	5643	4303	115	0	193	39	406	3	11	0	19	0	263	66	1	96	43	54	0
HG02813	103595	1981	1878	321	141	1725	927	96	12	491	5	29	0	21	0	144	19	0	105	56	3	2
HG02814	122922	2045	1659	400	24	180	5	154	39	433	5	162	3	29	0	215	102	4499	841	70	78	0
HG02815	105236	1822	1484	172	24	1887	1034	152	43	581	7	40	0	18	0	219	95	0	109	68	26	0
HG02816	114352	1868	1565	464	46	3308	1174	212	43	811	4	30	2	12	0	245	49	1	122	57	52	0
HG02817	124549	5066	4715	336	104	180	1	112	28	426	2	49	0	15	0	76	23	1	200	1843	899	0
HG02818	168579	7564	6938	340	143	1849	3	230	79	894	2	40	1	28	0	357	71	0	181	101	70	2
HG02819	155605	30	45	590	74	3491	2307	117	110	414	10	8319	4516	40	9	125	12	0	136	50	5	46
HG02820	110619	510	476	5472	4047	128	1	168	172	311	3	8	0	19	1	259	51	1	101	35	39	1
HG02821	168178	33	34	5469	4211	3424	2186	87	100	550	2	24	0	32	0	132	26	1	175	40	28	0
HG02836	99488	640	610	314	25	1870	824	205	95	395	7	7	0	18	2	244	49	4	111	38	34	0
HG02837	102600	576	550	234	21	2708	1279	122	197	266	0	18	1	18	1	268	35	2	132	58	1	0
HG02838	99137	599	560	201	35	1979	768	137	186	347	5	12	2	22	0	254	51	1	117	65	4	1
HG02839	69125	1222	1181	191	46	1742	1307	102	6	490	1	5	2	20	1	97	20	0	74	102	12	0
HG02840	81512	28	34	1077	596	622	743	159	12	349	3	8	2	16	1	79	6	2	74	33	44	0
HG02841	56328	31	40	105	39	2108	2195	56	13	455	3	14	1	13	0	75	8	2	42	32	19	0
HG02851	112428	2069	1770	252	25	1419	734	210	29	399	1	8	0	24	0	500	51	0	77	78	31	0
HG02852	91125	1680	1482	300	22	1760	678	200	50	305	1	8	2	12	0	426	76	0	118	37	29	2
HG02853	100200	2069	1805	223	11	1760	666	132	61	334	2	8	0	11	0	420	61	2	132	45	32	0
HG02854	153486	3244	2999	603	28	2750	966	263	187	487	6	13	1	21	0	133	147	0	195	42	24	1
HG02855	114547	3965	3465	319	20	282	2	198	101	482	7	10	0	14	1	367	140	1	146	44	73	1
HG02856	130838	4993	4369	435	16	250	2	201	217	399	2	7	3	28	0	380	209	2	197	66	67	1
HG02860	108235	1809	1592	347	43	213	3	162	153	330	13	8238	3871	23	1	87	85	0	62	25	25	36
HG02861	128528	4949	4451	434	28	355	6	189	161	396	6	9	1	16	2	170	144	0	155	40	13	1
HG02862	123302	3191	2906	383	38	197	9	118	116	211	11	7655	3868	46	0	123	114	0	115	22	15	37
HG02869	154186	41	44	10089	7809	128	1	101	28	541	4	80	0	23	0	199	46	2146	1453	88	74	0
HG02870	167223	4794	4260	650	108	2827	3	420	212	348	11	9	0	22	0	373	163	0	159	85	89	5
HG02871	131456	2896	2567	534	48	270	3	116	214	389	5	61	1	17	0	238	127	2013	1473	138	64	1
HG02878	68838	1456	1209	210	22	117	2	109	24	335	4	4758	1887	9	0	223	35	1	36	21	44	19
HG02879	123981	39	53	339	87	2159	821	265	228	508	5	6	0	29	0	108	6	0	96	88	15	369
HG02880	79976	39	46	228	95	1839	838	63	32	261	5	4743	2042	9	0	52	14	1	61	31	5	23
HG02881	132329	5086	4944	5093	3217	106	2	245	49	412	2	15	0	23	1	80	18	0	210	45	39	0
HG02882	88810	650	609	225	25	182	1	124	74	245	19	8593	4415	14	1	78	66	1	29	17	14	60
HG02883	121476	52	46	5193	3516	90	0	143	70	212	7	8787	4554	30	1	58	23	2	49	37	20	52
HG02884	128312	7167	6660	394	53	272	2	173	20	585	3	33	0	17	0	385	96	0	171	74	58	1
HG02885	150565	7413	6910	411	77	258	4	172	183	635	3	7	1	11	0	161	143	2	202	49	42	1
HG02886	131472	6974	6459	208	65	206	2	120	54	646	5	4	1	12	0	555	101	0	139	50	49	1
HG02887	99060	46	54	4731	3127	2393	1451	93	25	330	4	20	0	35	1	33	9	0	96	34	39	1
HG02888	100054	3538	2930	226	21	303	1	218	97	427	6	3	0	18	0	394	105	0	126	30	31	0
HG02889	120447	2091	1652	247	40	2699	1602	129	50	371	5	26	0	35	1	480	79	0	115	65	29	1
HG02890	124211	1941	1556	373	37	2883	1289	132	29	484	12	28	4	54	0	470	244	0	129	92	27	1
HG02891	99478	2580	2345	183	70	337	1	103	86	508	6	14	1	10	0	285	56	3	107	154	5	1
HG02892	118824	4401	3784	195	23	251	2	149	122	529	4	27	0	7	0	681	179	1	108	54	31	1
HG02895	84226	2154	1952	299	41	1901	1281	186	106	628	2	6	0	11	0	88	94	0	134	14	19	0
HG02896	118081	1583	1433	370	57	290	1	110	100	346	6	9625	3504	18	0	311	62	0	65	29	29	51
HG02897	72942	1522	1377	167	38	1644	1155	67	88	511	3	22	0	11	0	259	56	0	84	27	23	0
HG02922	139067	35	40	10951	7195	2950	1194	185	28	568	7	21	3	39	0	75	169	1	163	92	15	1
HG02923	103163	35	36	11091	7288	139	0	930	730	635	4	8	0	20	0	61	27	2	179	22	5	1
HG02924	142781	36	29	11065	7331	2984	1178	135	47	518	3	34	0	49	1	97	199	1	201	138	5	1
HG02938	195226	37	44	2433	1751	226	3	126	23	427	3	168	0	22	1	124	8	5600	3452	81	116	1
HG02941	121589	26	33	5868	4368	218	0	887	660	747	1	7	1	13	0	116	9	0	144	54	33	1
HG02943	132746	2300	1976	548	36	2616	1079	241	27	401	10	27	2	21	0	418	73	2	161	27	41	1
HG02944	125670	1283	1275	12827	8380	235	2	188	15	503	2	4	0	13	0	108	54	2	112	144	7	0
HG02945	113348	3481	3195	220	39	264	2	202	41	454	8	7	1	16	1	481	92	1	108	111	51	0
HG02946	105906	2594	2497	318	99	113	0	102	26	613	11	9854	4084	16	3	105	31	0	30	21	14	46
HG02947	123921	1063	1001	394	30	107	2	140	44	437	8	8	1	197	0	311	34	3	1694	1621	81	2
HG02948	133683	2801	2685	238	81	101	2	66	39	699	9	10	1	219	1	163	46	4	1884	1831	65	2
HG02952	125304	2413	2203	420	49	450	4	321	88	341	4	33	0	26	1	126	63	0	321	3168	936	4
HG02953	123906	28	33	520	52	2185	1018	138	11	406	3	125	1	22	3	106	8	2038	3045	57	32	2
HG02954	134345	30	26	290	54	2327	1201	200	18	524	3	40	1	14	1	75	7	0	210	3548	1015	0
HG02964	123295	37	30	2799	2018	218	1	245	80	462	11	7221	3720	48	1	64	44	1	49	40	66	28
HG02965	105091	340	326	217	48	1392	0	214	16	540	1	11	1	15	0	4349	2529	0	127	76	93	0
HG02966	121809	378	387	2746	2007	1303	3	364	52	636	3	50	3	70	0	280	60	0	98	80	97	2
HG02968	85567	3517	2979	160	32	347	2	93	136	347	9	5	0	7	0	323	115	0	80	79	81	0
HG02970	105019	1893	1482	395	18	287	2	105	9	426	3	18	1	11	0	296	21	1	122	1742	766	0
HG02971	129980	1694	1464	3178	2223	304	2	293	138	598	7	14	2	29	2	70	31	2	105	26	59	0
HG02972	119384	1751	1532	253	33	220	2	124	119	555	6	30	0	24	0	108	32	0	165	2137	844	2
HG02973	116044	1681	1426	277	49	2392	1153	128	12	427	2	24	0	19	0	176	65	1	150	38	17	1
HG02974	137786	2454	2165	2025	1457	322	1	217	32	342	3	6	1	23	0	399	71	4	105	7	53	1
HG02975	137102	1854	1601	2019	1719	197	0	157	30	477	1	21	1	34	0	208	91	2	87	29	27	0
HG02976	132866	34	29	5757	4317	179	0	90	19	390	2	137	0	19	0	47	9	1603	2142	43	64	0
HG02977	98723	35	49	390	28	3399	1022	101	46	348	5	27	0	19	0	94	7	2	115	43	4	0
HG02978	135931	48	59	463	22	3156	1018	98	33	362	1	174	1	17	0	83	15	1837	2379	65	12	2
HG02979	110929	4338	3510	306	116	324	4	88	73	260	21	21	1	14	0	312	71	0	148	20	41	1
HG02980	136708	2326	1860	10344	7841	244	0	169	75	383	10	32	0	149	1	262	43	0	130	36	16	0
HG02981	142408	39	35	20792	14617	84	0	188	36	441	4	9	1	138	0	53	31	1	164	17	13	0
HG02982	132843	3381	3099	327	97	310	3	289	743	468	0	18	6	60	1	204	53	0	146	129	17	468
HG02983	120099	76	99	489	53	4320	2342	117	41	528	4	40	2	21	0	79	18	4	134	75	7	1
HG02984	122985	4138	3826	293	133	2692	1252	64	39	590	3	18	0	13	0	142	62	1	102	67	21	2
HG03006	166734	33	46	601	37	2846	2632	162	17	433	3	20	1	30	0	102	49	1	350	98	10	4
HG03007	142964	3301	3140	800	81	2543	1654	204	52	596	6	29	1	35	0	96	26	1	355	18	14	1
HG03008	122189	3552	3429	261	50	1216	820	85	12	449	0	7	0	20	0	99	51	2	191	45	4	0
HG03009	129718	31	30	434	22	2085	1415	1256	794	671	3	10	1	16	0	83	4	1	194	44	8	0
HG03012	109320	3703	3498	4416	3297	119	3	120	24	254	3	4	0	20	0	79	32	1	71	70	21	0
HG03015	157454	5226	5022	11992	8499	95	3	309	20	367	2	10	0	18	0	90	52	4	155	62	6	0
HG03016	141818	33	31	12277	8680	1428	828	220	15	295	6	10	0	20	1	57	42	0	144	103	10	0
HG03017	161706	5288	5052	12279	8712	133	4	238	41	380	2	18	0	31	1	97	68	2	166	66	7	0
HG03018	178959	26	40	15283	9244	2005	972	335	36	389	2	43	1	26	2	39	61	1	139	51	12	2
HG03019	125190	4633	4429	332	75	262	0	133	34	6642	2748	508	4	229	0	142	14	1	91	129	25	88
HG03021	175138	41	38	14186	9264	307	1	2067	879	609	2	58	0	45	0	57	60	1	205	88	19	4
HG03022	99738	5021	4862	317	37	1588	710	132	32	148	3	3	0	15	0	88	20	0	141	49	31	2
HG03024	99175	1537	1394	578	57	2098	720	169	88	356	5	38	1	31	0	272	40	0	213	29	25	2
HG03025	122049	2175	1631	296	25	1740	908	97	34	407	9	13	1	11	1	273	21	0	105	98	31	0
HG03026	112294	3962	3263	202	47	392	3	112	106	242	0	27	0	19	1	511	82	0	143	46	31	2
HG03027	109880	1711	1445	4791	3218	163	1	181	33	304	3	7	0	19	0	417	61	1	107	52	33	0
HG03028	100494	1436	1351	4469	2871	181	2	129	108	278	2	25	0	18	0	258	53	0	98	31	33	0
HG03029	128818	35	32	10262	6957	79	0	200	56	277	3	5	0	28	0	69	13	1	104	44	30	0
HG03033	136213	2672	2154	6693	5045	392	19	186	11	416	8	6	1	27	0	303	336	1	247	87	49	2
HG03034	130210	1818	1627	262	81	3800	1231	226	76	631	1	30	2	30	0	297	31	0	259	61	42	0
HG03035	111533	41	70	5700	4346	1599	1141	59	28	479	3	40	0	19	0	108	216	2	166	75	33	1
HG03039	141484	32	37	6957	5524	202	1	144	17	487	2	12	0	27	0	81	9	0	95	3	44	0
HG03040	99631	27	31	12396	8442	89	0	157	8	309	2	13	0	27	0	74	16	2	152	23	11	1
HG03041	110179	24	17	7248	5514	97	0	66	12	446	1	6	1	25	0	85	12	0	106	7	20	0
HG03045	156769	33	35	580	152	367	0	120	17	297	6	8678	4499	25855	13396	100	17	0	8	110	1	29
HG03046	95798	4263	3862	249	63	109	2	120	52	391	1	3	1	12	0	388	89	1	92	41	32	2
HG03047	104746	2342	2239	375	94	242	1	116	11	288	8	7837	4171	29	1	107	34	2	132	23	5	25
HG03048	128404	105	104	799	53	5058	1712	219	52	370	1	45	0	34	0	86	32	1	222	41	12	0
HG03049	118031	1612	1398	268	69	140	2	291	26	271	3	5	1	12	1	255	47	0	157	4685	2218	0
HG03050	129451	46	49	399	37	2084	812	306	38	295	4	11	0	22	1	49	10	0	305	4948	2343	1
HG03052	97651	3575	3211	267	37	350	1	111	47	500	1	12	0	9	0	337	42	0	110	57	25	0
HG03054	124110	1440	1343	623	67	182	4	253	45	261	21	11910	3123	23	0	406	39	0	89	38	52	53
HG03055	118502	3613	3517	482	87	232	2	1001	692	627	3	13	0	15	0	143	18	0	197	72	4	1
HG03056	87289	1055	991	274	34	209	1	824	554	480	6	5	0	12	0	311	17	1	178	70	23	1
HG03057	108862	623	586	5535	3829	108	1	159	110	353	1	6	0	21	0	211	35	2	108	22	55	0
HG03058	108414	42	57	299	20	4246	1545	118	26	462	17	23	2	51	0	100	163	1	116	121	5	2
HG03060	131669	63	61	5425	3669	1830	1091	110	14	428	4	6	0	17	0	127	11	0	109	46	66	0
HG03061	119021	4442	4285	374	93	125	1	130	64	511	4	8551	3249	18	0	108	10	0	59	34	19	81
HG03063	93995	767	717	246	21	227	0	159	63	379	0	14	15	9745	3723	235	35	0	46	84	28	0
HG03064	108037	4082	3384	386	53	450	3	127	92	409	6	3	0	20	1	402	96	0	144	36	32	3
HG03065	100475	1652	1438	275	39	291	2	41	82	485	1	24	19	10280	4078	128	72	0	93	58	13	1
HG03066	104191	668	637	213	145	99	2	273	120	333	1	5	0	9	1	209	61	0	122	4587	1535	1
HG03069	162754	36	51	454	54	2658	863	171	39	451	4	26	4	26	5	44	20	1	81	8670	20	1
HG03072	185562	2470	2144	14809	9692	445	1	385	212	688	7	74	1	30	2	116	164	3	362	53	51	0
HG03073	106297	2728	2455	321	137	339	4	214	502	353	6	7	2	24	22	329	109	1	135	47	41	1
HG03074	146610	709	694	499	50	3031	1929	278	118	393	3	8	1	37	1	267	22	1	223	34	22	1
HG03077	143333	35	25	540	92	2789	1445	149	27	300	14	9082	3651	32	1	68	12	1	93	24	9	42
HG03078	101262	2104	1876	231	129	2426	844	121	146	330	2	29	0	9	0	156	74	0	90	37	18	3
HG03079	135853	3520	3262	286	17	685	0	224	13	624	3	6	0	22	0	349	30	0	113	83	6	0
HG03081	132145	662	591	10175	7254	161	1	304	67	364	7	45	1	19	1	275	64	2	116	48	20	0
HG03082	115087	38	47	685	37	133	1	136	13	341	13	8537	4056	12	0	163	10	2293	1802	51	58	49
HG03084	112346	40	37	4866	3319	149	1	864	676	786	1	9	0	15	0	175	4	0	120	16	29	1
HG03085	109950	712	635	5583	4130	200	0	123	138	405	1	2	0	9	0	92	63	0	111	26	57	0
HG03086	104377	1119	1126	474	55	354	1	178	11	482	2	33	41	11914	5227	88	33	0	83	143	9	2
HG03088	89631	29	36	235	48	2638	1451	68	7	476	1	24	2	47	0	134	145	0	70	109	6	0
HG03091	143682	44	49	11455	7118	2350	1165	135	11	397	4	70	0	23	0	68	29	0	144	73	21	0
HG03095	92284	1093	1027	351	102	195	7	128	21	304	1	10	15	12888	5882	334	32	1	57	105	35	0
HG03096	124990	26	28	581	65	137	0	141	36	205	6	6751	3208	22818	12368	44	42	1	5	169	8	59
HG03097	130257	1825	1558	5953	4386	152	2	151	33	457	1	10	1	28	0	452	49	0	109	30	71	1
HG03098	119564	23	32	5698	4286	114	0	56	29	360	11	6934	3469	16	0	69	10	2	73	4	36	46
HG03099	156139	38	28	3092	2096	197	0	254	40	412	3	14	1	128	0	3678	2270	1	157	123	53	1
HG03100	127064	23	42	2317	1765	184	1	1607	942	666	3	6	0	20	0	124	4	0	89	20	23	0
HG03101	154815	27	28	4327	3599	124	0	225	38	536	0	8	0	136	0	77	10	1	144	36	57	1
HG03103	160355	2295	1952	509	49	3496	1442	239	35	636	8	39	0	21	0	413	63	3	179	72	40	1
HG03105	94359	1282	1279	381	58	382	3	1009	778	655	1	8	0	14	0	122	23	1	159	122	9	1
HG03108	183681	2522	2179	671	42	3422	0	371	15	770	10	35	0	31	0	316	33	0	212	2509	1371	2
HG03109	125887	1291	1206	6307	4608	115	0	190	41	452	2	8	1	19	0	417	16	0	112	54	84	1
HG03110	161559	1917	1681	5867	4169	2611	2	271	21	703	1	9	0	22	0	286	30	1	176	54	79	0
HG03111	118768	2146	1708	485	101	2938	1034	129	29	447	1	19	0	24	1	275	36	0	125	42	23	2
HG03112	138840	679	637	683	162	185	0	355	102	575	5	16	1	33	2	225	38	3	108	73	68	1
HG03113	103227	2629	2237	191	39	309	1	197	103	347	0	10	0	20	1	391	39	0	137	36	45	0
HG03114	116551	53	54	477	37	2727	823	158	32	326	4	20	2	20	0	3467	1876	3	221	107	20	1
HG03115	125089	28	37	8877	5679	206	2	226	721	687	5	15	2	14	0	35	22	0	170	28	33	0
HG03116	136428	47	36	10073	6727	253	1	86	6	358	1	11	0	19	0	3572	2142	0	269	123	27	1
HG03117	158046	35	38	529	62	405	0	374	270	525	2	10	1	70	0	92	18	0	64	6307	42	391
HG03118	109676	1956	1537	274	13	1101	241	102	102	347	0	14	0	11	0	314	40	1	88	42	25	1
HG03119	119661	1765	1333	250	22	410	0	223	302	341	1	26	1	50	0	291	35	0	140	92	23	334
HG03120	130269	1621	1428	11658	7307	157	4	209	37	327	7	41	0	30	1	302	47	4	219	38	64	1
HG03121	102817	26	28	493	34	233	1	2503	1474	731	6	5	0	10	0	153	7	0	112	44	8	1
HG03122	82558	1553	1385	162	41	199	1	768	505	550	1	5	0	13	1	317	25	0	131	32	30	1
HG03123	153770	31	30	19605	12644	187	1	225	16	320	0	80	2	30	0	50	23	1	236	55	39	0
HG03124	148300	25	38	5792	4190	2471	1429	112	23	548	4	10	2	40	0	147	14	2	176	50	31	1
HG03125	148832	25	31	14745	10335	134	0	119	13	455	0	51	0	28	0	72	17	0	196	53	46	0
HG03126	143255	2261	1786	476	27	2883	1605	175	78	371	8	14	0	18	0	350	26	0	187	27	30	1
HG03127	75976	2281	1952	275	32	302	0	136	58	358	2	5	2	12	1	127	34	0	123	133	9	1
HG03128	97747	3181	2754	182	27	316	2	135	65	375	2	9	1	23	0	356	49	1	139	121	19	1
HG03129	111416	25	29	379	53	2667	1120	213	186	437	4	26	0	16	0	120	9	0	106	91	3	323
HG03130	182909	69	70	2952	2156	3633	1431	134	42	482	4	24	0	21	0	87	11	2	108	25	25	1
HG03131	119464	50	57	273	43	5017	2211	98	32	372	2	36	1	32	0	91	12	2	191	63	9	1
HG03132	140581	40	36	302	35	5040	2292	110	10	630	2	48	0	50	0	84	159	0	177	135	5	4
HG03133	135497	66	71	368	21	5044	2359	128	33	602	3	34	1	24	0	122	27	1	158	77	14	1
HG03134	115532	57	51	268	31	4767	1938	92	25	451	3	37	0	30	0	86	20	1	183	40	3	1
HG03135	117499	6277	5830	259	55	317	2	128	47	491	1	6	0	19	1	275	40	0	154	59	34	0
HG03136	130701	41	48	244	105	2885	877	144	763	579	4	20	0	22	1	81	7	0	157	55	10	0
HG03137	111796	2000	1642	248	24	2885	934	104	45	256	1	23	1	20	1	303	24	1	177	26	19	1
HG03139	125560	397	376	371	123	533	0	366	25	444	2	8	0	11	0	4167	2471	1	184	69	88	1
HG03157	125223	2131	1706	463	24	342	2	146	36	273	1	144	2	18	1	327	23	1775	2365	49	55	1
HG03159	140121	28	40	12150	7728	118	2	225	14	497	3	43	0	28	0	75	23	0	246	2073	1072	0
HG03160	117442	1950	1691	5145	3630	221	0	106	10	512	3	9	1	14	0	369	51	0	99	20	71	1
HG03161	118376	2049	1817	221	30	209	0	69	16	505	4	43	0	23	0	421	70	1	189	1956	1073	1
HG03162	129695	25	32	15803	10918	80	0	137	27	442	1	5	0	12	0	95	22	1	90	36	29	0
HG03163	105786	46	63	361	50	2848	1008	1751	811	542	5	28	0	17	0	39	11	0	125	43	3	0
HG03164	127685	44	56	11620	7663	2804	1031	106	10	441	6	19	0	15	1	68	23	1	186	41	6	0
HG03166	137614	42	47	1970	1612	2876	1070	146	25	336	9	15	2	24	5	62	16	0	91	24	45	3
HG03168	117738	928	912	331	36	2114	1127	218	75	594	3	19	0	14	0	171	26	0	108	150	19	0
HG03169	169786	2655	2352	10738	6115	277	2	316	47	410	6	13	1	53	0	457	82	4	188	49	58	2
HG03170	131044	2469	2200	272	14	1873	1046	189	36	452	5	16	2	25	1	431	65	1	171	37	51	1
HG03172	105404	3486	2946	394	24	271	2	224	118	344	5	3	0	16	3	501	109	1	151	34	29	0
HG03175	124086	68	33	458	26	235	1	3673	1921	894	5	6	0	19	1	120	19	0	204	29	11	1
HG03189	119252	50	54	222	14	2861	989	96	16	382	0	33	1	13	1	3590	1993	2	142	69	13	0
HG03190	132432	1644	1387	742	111	2601	1	359	43	452	11	17	3	29	0	220	21	2	153	77	88	0
HG03191	142198	1826	1569	375	58	2905	0	294	45	337	6	15	4	33	1	3797	2101	0	288	110	67	1
HG03193	140880	46	45	435	38	5272	2416	149	61	383	2	17	0	25	0	113	12	1	162	48	3	2
HG03195	161724	31	22	4141	3269	175	0	139	19	332	5	7	0	20	2	76	12	1	36	6	51	0
HG03196	126358	1669	1388	532	28	2447	1464	171	47	357	5	12	3	18	1	452	67	0	156	68	30	1
HG03197	153988	30	37	2085	1587	2466	1422	99	36	348	2	4	1	29	1	123	7	1	133	37	18	1
HG03198	114601	3923	3788	207	179	231	1	82	25	369	5	20	2	25	2	4262	2566	0	205	44	39	3
HG03199	104201	1744	1576	255	41	94	0	102	98	340	3	86	1	15	0	234	44	0	182	1894	984	0
HG03200	112826	3948	3806	237	152	72	2	55	28	474	5	33	1	12	0	66	22	1	160	1825	965	0
HG03202	148539	3352	3290	11743	6295	187	0	195	48	580	0	10	0	52	1	129	38	2	170	98	72	0
HG03209	113944	2271	1878	483	26	277	0	1761	1083	542	3	8	1	30	0	140	97	0	174	39	27	3
HG03212	111551	1899	1624	376	53	208	0	123	153	397	6	7839	3215	8	0	79	30	1	51	16	2	8
HG03224	109096	1035	774	307	16	3323	1071	105	10	512	1	22	2	30	0	417	222	1	103	127	43	1
HG03225	100037	3737	3105	226	16	181	2	144	240	286	1	23	0	7	0	420	112	0	103	33	52	0
HG03228	91665	29	40	425	25	1091	717	2096	870	555	3	8	2	30	4	58	5	1	166	19	10	3
HG03229	91018	30	34	386	14	2461	1314	121	52	349	3	22	0	15	4	65	32	2	107	106	5	0
HG03230	109964	35	37	369	19	1037	620	2154	906	515	3	9	1	23	1	61	13	1	236	130	0	2
HG03234	168775	35	39	20273	14436	1274	788	405	20	228	5	12	1	31	0	51	37	2	356	67	39	3
HG03235	154830	34	29	15175	9989	1291	872	231	25	302	0	7	2	19	0	66	8	1	178	51	27	0
HG03236	188566	33	28	31380	22175	169	0	353	18	328	1	21	0	37	0	34	55	2	309	4	37	0
HG03237	117110	29	39	6454	3923	839	475	185	11	259	1	76	1	16	1	76	18	17	129	90	23	1
HG03238	178190	5113	4883	450	39	3564	2111	118	85	752	1	22	2	32	0	147	14	1	217	62	3	2
HG03239	170048	37	41	6073	3536	3261	1992	161	81	443	5	106	0	25	0	62	25	0	246	120	22	0
HG03240	115736	560	512	432	36	116	1	211	150	216	17	12866	5376	22	0	208	7	0	43	20	5	91
HG03241	137698	68	62	7890	6173	1785	1160	107	14	555	2	28	1	15	0	60	8	4	120	31	53	0
HG03242	102627	579	540	7017	5491	140	2	184	158	387	6	19	1	21	0	239	8	0	136	26	44	0
HG03246	133413	4064	3886	316	41	1796	1200	110	35	589	1	41	0	11	0	150	25	0	131	76	27	1
HG03247	112890	1793	1460	316	30	2500	923	129	52	617	5	26	2	14	0	522	62	1	119	51	30	2
HG03248	113886	1728	1386	239	53	1948	1086	112	21	566	0	46	1	19	0	524	82	2	152	40	44	2
HG03249	119559	5262	4607	326	75	402	1	153	159	539	1	14	0	22	0	352	170	1	291	45	34	1
HG03250	151203	1646	1574	571	37	3197	610	149	204	307	3	11	2	23	0	485	65	2	290	212	17	1
HG03251	127622	4515	4153	360	69	369	2	169	70	474	4	9	2	20	1	771	93	0	234	52	51	0
HG03258	147241	2124	1889	2471	1684	330	2	162	86	371	1	26	1	24	1	127	77	0	100	8	53	1
HG03259	199592	44	46	12137	8361	379	1	415	1051	670	1	89	3	18	0	46	30	1	201	92	29	1
HG03260	154459	33	21	11594	8249	267	0	185	32	422	6	48	1	39	2	76	25	1	149	27	41	1
HG03265	123895	2352	2011	556	40	1678	974	235	26	436	2	9	1	13	0	459	92	0	168	46	24	1
HG03267	134626	31	41	12648	8370	1220	294	234	25	576	2	7	1	14	1	138	16	2	163	36	13	0
HG03268	114075	3762	3663	390	60	101	2	128	26	553	5	38	1	13	0	84	39	0	172	1802	963	0
HG03269	108306	16	28	290	99	1046	223	46	32	530	3	32	0	21	0	65	11	0	176	1861	1001	0
HG03270	189058	2277	2127	663	53	448	1	308	130	551	26	16126	6328	30	1	224	38	0	91	206	18	89
HG03271	130356	3987	3861	345	76	2243	1321	130	56	514	5	17	3	9	1	130	44	2	124	28	15	2
HG03272	115453	3722	3591	262	62	108	0	53	58	426	8	9274	3760	19	0	102	34	0	108	18	15	59
HG03279	121113	44	40	749	41	280	3	1633	945	518	11	8702	4057	23	4	76	4	0	92	40	13	20
HG03280	126630	32	28	342	43	238	1	98	8	305	10	55	2	9	0	4399	2840	1	182	2105	1115	0
HG03291	97885	569	540	333	30	193	0	187	147	277	1	121	1	15	1	219	7	1609	2082	41	20	0
HG03294	106191	3594	3020	298	32	304	1	174	22	405	5	5	0	13	0	425	151	0	139	34	38	0
HG03295	116065	2052	1783	356	21	2858	1400	134	22	429	4	26	0	42	0	380	172	3	122	143	43	1
HG03296	110084	1815	1483	332	37	2875	1265	65	31	420	1	22	1	52	0	303	132	0	147	133	13	1
HG03297	124519	1331	1271	380	32	2517	1407	130	39	322	3	6	0	17	0	382	48	1	121	63	37	0
HG03298	198594	5056	5018	2416	2042	417	6	162	110	777	4	76	0	23	1	210	31	2	165	53	46	2
HG03299	156825	6310	6211	314	185	324	3	123	128	697	4	69	3	25	1	434	79	2	276	82	50	0
HG03300	130380	1030	1005	589	58	510	1	334	134	628	1	20	2	26	2	104	21	2	192	208	9	272
HG03301	132253	33	31	598	31	259	0	151	10	478	1	186	15	12083	5542	65	8	1862	3785	88	41	0
HG03302	147621	25	34	273	31	514	0	209	165	564	2	45	13	12126	5633	60	12	0	98	112	5	282
HG03303	132639	51	43	10742	7186	2533	1121	152	16	407	3	24	1	17	4	84	39	0	93	38	10	1
HG03304	126949	1823	1580	466	174	3123	1346	162	29	547	4	30	0	51	0	485	232	3	126	105	24	1
HG03305	144921	35	26	11112	7468	3249	1419	119	13	621	4	13	1	27	2	100	167	0	194	112	3	0
HG03306	117100	23	33	6577	4895	193	0	149	25	335	3	10	2	20	1	105	2	1	94	11	51	1
HG03307	121648	35	43	5895	4084	2032	745	102	52	502	1	25	1	71	1	71	11	1	123	65	9	1
HG03308	121303	32	27	10336	7244	122	2	56	19	461	1	11	0	23	0	125	8	0	123	11	36	1
HG03309	114051	1432	1248	1926	1584	169	4	102	29	380	3	12	1	22	0	259	41	0	100	21	63	1
HG03310	125482	52	48	1852	1388	2549	867	87	31	297	1	21	0	26	1	69	15	1	127	24	21	0
HG03311	145958	36	39	2141	1696	2914	1025	155	40	315	2	20	0	15	0	87	14	1	87	30	23	1
HG03312	108871	1778	1531	288	56	2352	1076	151	28	336	4	24	1	21	0	296	39	2	171	74	31	1
HG03313	124853	4185	3945	471	59	2563	771	150	13	612	7	39	2	49	1	51	183	0	172	108	30	3
HG03314	118539	26	38	271	43	4603	1754	91	5	448	0	48	1	58	0	87	137	2	182	131	4	0
HG03342	145633	2455	1841	2125	1735	204	4	188	110	408	3	3	0	22	1	230	63	0	109	25	43	0
HG03343	170012	2418	2080	7935	5959	183	1	238	36	556	3	13	0	18	0	458	77	1	138	60	86	0
HG03344	124895	1732	1519	1936	1546	184	1	157	32	420	0	10	1	21	1	314	39	1	108	32	41	0
HG03350	112972	1812	1544	324	29	235	2	1761	874	574	2	8	1	25	0	319	30	1	206	54	42	3
HG03351	107164	697	659	475	72	336	2	2011	1080	639	1	7	1	16	0	288	4	0	120	50	8	2
HG03352	103663	1631	1414	284	23	1574	918	212	23	433	1	35	0	4	0	344	24	0	115	77	40	0
HG03354	122328	48	41	5419	4051	1972	2279	101	65	365	4	60	9	16	0	81	4	1	96	41	38	1
HG03363	111570	73	22	315	62	285	4	2017	825	590	6	24	0	20	2	4163	2746	0	245	44	34	1
HG03366	161354	30	45	12757	8518	3015	1068	240	15	697	5	23	1	41	0	101	303	0	189	117	9	2
HG03367	132919	2750	2446	268	39	201	3	122	113	677	1	19	0	16	1	316	7	0	163	2094	1099	0
HG03368	127146	25	39	272	27	2487	921	84	14	757	5	38	2	35	0	65	199	0	281	1834	963	0
HG03369	147178	4757	4572	578	113	227	2	171	49	568	3	88	0	15	1	127	42	2243	2752	97	73	3
HG03370	157071	47	34	502	38	3250	1982	119	68	371	3	114	0	19	0	102	19	1607	2107	55	20	3
HG03371	149314	3779	3682	317	65	3079	1881	87	87	466	1	6	1	21	0	131	35	2	241	35	5	0
HG03372	112107	1761	1432	263	40	236	1	1149	1019	836	2	8	0	22	0	349	41	1	181	49	61	0
HG03373	100473	3350	2946	233	37	321	1	120	74	412	3	9	1	17	0	355	34	0	152	99	16	0
HG03374	83188	2368	2125	189	17	231	4	107	64	511	1	5	0	19	1	298	50	0	107	111	53	0
HG03376	109501	1597	1386	453	55	2139	1149	189	69	347	3	24	0	19	1	159	96	1	184	55	35	2
HG03378	156642	34	26	729	473	2935	1885	99	78	344	1	8	0	33	5	158	17	0	93	21	25	1
HG03380	123190	3006	2642	270	75	322	2	301	138	674	6	7	1	20	0	548	90	0	112	56	50	0
HG03382	132366	3885	3792	534	43	3083	1057	183	17	592	6	21	3	60	0	111	183	0	228	114	25	2
HG03385	134853	34	50	407	19	5296	1824	73	30	691	4	37	1	59	0	129	117	0	145	122	8	0
HG03388	140731	2069	1731	469	56	315	1	201	28	338	6	150	23	24252	12388	404	72	1	72	65	31	0
HG03391	90021	847	780	295	49	308	5	1001	1028	714	2	9	1	10	0	135	65	2	145	40	25	0
HG03394	97134	3151	2797	274	17	276	2	159	27	299	4	4	1	13	1	487	73	3	124	18	70	0
HG03397	122723	46	50	465	27	4255	1897	183	77	368	9	33	0	75	20	102	15	3	165	85	5	0
HG03401	107400	5520	5154	330	105	227	3	117	121	426	3	22	0	9	0	157	111	1	177	35	33	0
HG03410	119621	54	39	473	30	4722	2141	126	11	442	6	34	1	19	0	73	7	2	140	45	8	0
HG03419	168543	4110	3969	576	159	733	2	191	66	505	6	110	43	19179	6351	90	42	0	146	101	36	0
HG03428	114414	1889	1641	484	51	250	6	146	128	297	13	8351	3684	27	7	92	89	0	82	25	16	45
HG03432	137808	35	34	453	55	675	0	1152	1097	723	1	8	1	47	1	148	11	0	181	107	14	336
HG03433	141882	1403	1328	353	58	254	3	167	33	387	8	7	3	16	0	10082	7409	0	207	98	61	0
HG03436	155094	77	38	10832	7591	242	1	2533	1020	610	4	45	0	10	0	70	53	5	183	25	32	0
HG03437	126861	2232	1814	363	63	360	1	128	30	259	3	6	0	18	2	7884	5801	1	231	34	23	0
HG03438	132619	33	32	429	38	3309	1422	96	18	500	4	69	43	19350	10291	115	76	0	169	81	4	0
HG03439	104429	54	67	351	25	4091	3045	182	11	553	3	17	0	14	1	92	6	0	81	42	23	2
HG03442	112165	1487	1226	471	167	157	0	1914	864	585	3	6	1	26	4	319	50	1	135	75	33	2
HG03445	118342	4396	4028	281	53	415	1	190	312	445	6	6	0	18	2	313	136	3	178	40	35	2
HG03446	131182	3289	2797	434	133	3306	1	384	44	298	6	16	2	33	0	463	59	2	140	48	88	0
HG03449	109321	2021	1702	313	24	2354	892	154	47	383	0	17	3	24	2	367	52	2	120	26	24	0
HG03451	127724	1778	1464	331	22	2447	1425	149	62	388	2	12	1	32	0	289	40	0	153	48	37	1
HG03452	147125	3175	2445	639	69	506	26	333	17	305	4	72	29	13505	6564	166	83	0	102	99	20	3
HG03453	131754	39	36	296	41	2509	1412	78	54	316	3	51	15	11453	5275	79	7	0	113	54	3	0
HG03454	114042	1586	1326	297	33	231	2	124	148	328	2	122	0	16	2	149	65	3530	680	75	24	2
HG03455	124454	27	36	494	42	86	0	104	18	369	3	164	1	23	3	63	7	3805	723	2161	1032	0
HG03456	117677	1744	1473	277	47	304	4	131	171	397	7	51	2	30	1	146	88	0	242	2060	1029	1
HG03457	152068	4940	4207	614	79	472	4	266	174	500	4	35	3	29	3	616	210	3	240	65	76	2
HG03458	185440	24	38	472	296	691	1	219	780	485	7	312	32	36668	19704	182	18	0	121	67	1	2
HG03460	132157	2052	1677	601	286	267	0	246	25	540	2	8	2	19	0	263	24	3	109	38	62	0
HG03461	129125	2365	2055	11329	7351	207	0	180	124	403	1	14	1	23	1	299	65	2	201	44	5	0
HG03464	67198	1764	1460	277	38	856	863	156	47	377	1	7	1	18	1	266	46	0	87	44	40	1
HG03469	109331	3130	3132	612	94	188	1	148	25	496	3	63	53	18118	10161	122	40	0	134	9	36	2
HG03470	156877	32	34	561	29	3616	1491	356	922	632	3	20	2	69	1	109	121	1	275	104	12	0
HG03472	124024	45	55	340	21	1875	874	285	543	545	3	9	2	25	0	118	10	0	188	70	3	0
HG03473	100602	27	40	1983	1607	111	1	115	10	233	20	4095	2713	21	0	39	9	2	26	9	24	22
HG03476	115848	1266	1229	269	47	2877	1277	135	62	547	4	23	1	55	0	168	186	0	135	181	3	0
HG03478	150351	40	44	2391	1881	201	1	126	15	351	3	73	19	21828	11609	87	21	0	28	9	20	0
HG03479	176923	29	37	12106	7157	2359	1441	160	75	579	6	14	1	64	1	96	48	0	147	60	68	1
HG03480	146039	35	32	10694	6168	243	2	154	19	459	2	49	31	19000	10384	72	32	0	104	29	54	0
HG03484	134818	31	30	1835	1434	428	0	293	178	388	3	10	0	36	1	134	13	1	88	87	30	254
HG03485	120176	2217	1699	10021	6232	282	2	156	31	365	0	31	2	25	7	214	26	2	125	25	22	0
HG03486	136342	2271	1743	2043	1537	450	2	164	29	281	5	8	1	19	0	257	20	1	153	24	47	0
HG03487	181589	27	25	18284	13248	304	0	379	14	289	2	35	4	31	0	103	49	0	231	12	17	0
HG03488	131328	5179	4840	263	48	1175	743	137	26	481	2	6	0	17	0	135	19	0	112	122	12	2
HG03489	161688	5083	4757	5366	4131	157	4	323	31	545	3	13	0	26	0	109	39	1	183	48	13	1
HG03490	116659	8662	8407	259	93	184	2	89	41	211	5	6	1	13	0	107	50	0	135	137	43	1
HG03491	142447	4840	4642	407	55	2167	1153	107	52	500	5	29	2	14	1	105	21	0	176	71	16	2
HG03492	116776	3994	3864	327	52	2029	1143	96	49	182	3	21	1	30	2	82	22	3	283	89	25	0
HG03499	163268	2311	1948	2697	1924	272	13	278	33	476	4	8	0	19	0	650	93	1	104	36	77	2
HG03511	117181	37	35	558	167	2313	528	173	9	549	1	3	1	7	0	40	6	0	67	45	15	1
HG03514	101100	751	681	404	35	241	0	2240	940	578	2	4	2	28	0	211	72	2	176	13	32	0
HG03515	122361	2088	1758	345	49	2422	1070	132	23	354	2	23	1	16	0	288	20	3	128	65	17	2
HG03516	104751	1943	1601	251	20	247	1	2056	833	559	4	3	1	20	0	239	35	1	232	37	16	0
HG03517	131328	6705	6354	354	93	148	2	170	34	649	3	14	2	18	0	301	79	1	170	50	21	1
HG03518	101869	720	520	10436	7199	150	1	142	10	414	0	14	1	23	0	281	66	2	108	42	62	0
HG03519	79707	2596	2196	205	145	181	1	105	6	444	3	17	1	15	0	425	56	2	165	30	39	1
HG03520	117837	31	37	6033	4238	1840	637	58	41	447	1	28	0	67	1	86	14	0	75	50	6	0
HG03521	148045	26	34	2079	1601	503	0	271	208	515	3	13	2	34	0	105	13	0	97	72	34	374
HG03522	126200	32	33	2143	1586	1936	621	71	43	506	1	23	1	55	0	41	5	1	111	55	16	1
HG03538	150962	42	35	2308	1613	2671	1169	134	25	534	1	29	1	53	0	99	155	1	99	90	21	1
HG03539	126867	39	52	426	77	1820	697	98	88	308	5	11404	4716	17	0	66	6	0	52	21	2	40
HG03540	139673	50	38	2291	1833	2066	840	84	50	370	3	11	0	29	3	79	7	2	126	32	21	0
HG03547	114161	59	60	442	167	2519	897	1509	641	706	1	4	0	18	1	76	3	1	170	31	11	1
HG03548	101045	1537	1404	376	50	284	1	92	47	412	3	24	17	11623	4383	225	57	0	40	71	46	0
HG03556	96878	573	524	11721	7828	214	2	127	7	428	1	7	0	19	2	108	50	0	107	57	23	1
HG03557	158008	52	48	527	25	2821	1227	233	858	708	2	23	2	15	0	131	14	0	165	72	5	1
HG03558	113966	38	23	11524	7474	179	0	969	782	658	0	5	0	12	1	113	15	0	179	34	11	0
HG03559	129905	1667	1504	1962	1522	315	2	141	101	335	4	5	1	26	0	132	94	1	86	26	42	1
HG03563	125871	17	25	580	47	385	5	3816	1936	879	3	6	3	29	2	140	7	0	261	32	14	2
HG03565	70610	683	651	179	19	1946	1368	116	95	499	3	4	0	7	0	222	24	0	51	19	6	0
HG03567	120712	3334	3054	284	131	754	3	243	71	559	4	6	1	10	0	341	58	0	129	116	76	1
HG03571	131879	2230	1720	364	42	3302	1048	128	17	567	5	19	3	27	0	379	218	2	132	128	28	3
HG03572	133307	29	33	499	39	4749	1749	66	10	587	1	13	1	50	0	69	98	1	156	80	3	0
HG03574	88074	543	492	279	203	242	2	70	12	525	4	20	0	20	0	87	35	3	183	1802	856	0
HG03575	70943	1377	1291	206	87	226	1	73	8	400	5	3996	2085	7	2	249	24	2	38	19	22	17
HG03576	57848	1628	1489	117	40	261	3	47	8	348	1	7	3	13	0	252	36	1	109	29	17	0
HG03577	139568	38	40	453	29	2701	1486	186	36	310	0	39	12	8636	3269	125	10	2	81	102	4	3
HG03578	98418	1406	1261	371	29	168	0	115	71	290	7	10365	2535	13	2	252	42	0	59	26	30	40
HG03579	131897	21	35	309	32	2547	1490	85	64	219	7	10209	2562	26	0	119	13	1	119	39	4	37
HG03582	108166	5518	5151	215	68	179	2	118	115	548	5	5	1	15	0	131	98	1	289	38	30	0
HG03583	113269	1323	1161	334	17	398	1	272	845	563	1	11	0	16	0	280	44	1	119	46	30	1
HG03584	88089	2987	2639	218	24	281	2	118	147	399	1	3	0	14	1	261	119	2	171	31	41	0
HG03585	110611	26	35	243	43	2710	1253	75	11	294	2	5	2	10	0	92	4	0	112	80	4	0
HG03589	112468	46	53	533	38	1284	878	1400	824	544	2	12	1	26	0	86	9	0	229	74	7	1
HG03593	106433	30	23	7201	4222	134	0	188	11	351	4	49	0	10	1	65	28	1	75	102	20	1
HG03594	129712	39	30	792	36	2066	1248	1761	1119	501	4	36	2	27	1	75	13	1	333	45	16	0
HG03595	173919	51	45	16498	11580	1602	789	250	18	387	3	7	0	23	1	116	54	0	187	93	28	2
HG03596	171135	28	31	14702	10112	278	0	2012	1164	537	3	7	3	29	0	87	51	1	333	30	23	0
HG03598	151139	36	25	9864	6519	2333	764	373	52	392	5	42	0	60	0	63	9	4	444	27	33	1
HG03600	120570	26	30	12457	8476	1625	1084	142	11	284	8	7	1	19	0	111	39	1	175	86	32	3
HG03603	235893	41	43	29144	20162	383	1	366	22	540	4	55	2	41	1	76	50	5	196	54	63	0
HG03604	115713	53	43	362	28	3168	1757	91	13	445	1	25	0	17	1	155	8	0	133	52	7	1
HG03605	125450	42	36	13815	9430	786	509	145	15	254	6	11	2	27	0	97	39	3	168	67	19	1
HG03606	165195	40	43	17228	11554	1365	654	152	21	252	3	14	0	28	1	118	44	3	271	30	24	2
HG03607	95946	3936	3786	516	74	893	534	201	15	280	2	10	1	21	0	112	56	1	171	83	13	1
HG03611	413715	63	43	41877	28871	591	1	847	43	866	4	99	6	112	4	167	88	2	491	90	115	2
HG03615	156467	37	38	495	32	2920	1517	1737	302	636	1	42	1	22	0	92	6	0	280	103	11	0
HG03616	111193	26	29	375	37	3017	1602	100	25	379	5	16	0	12	0	84	13	0	140	72	2	1
HG03617	133472	43	34	437	27	2171	980	1474	278	463	6	46	1	18	0	105	8	2	307	62	9	0
HG03618	133174	30	39	5944	4598	1218	706	144	17	289	2	31	0	23	1	49	7	2	232	56	15	1
HG03619	113935	4643	4498	574	85	1142	600	227	12	457	1	6	1	30	1	104	29	1	278	59	11	2
HG03620	93176	32	25	164	59	2128	1423	95	7	249	2	7	0	10	0	70	2	2	156	61	2	0
HG03624	107147	37	34	183	18	3000	1540	84	6	265	6	4	0	14	0	113	10	1	124	100	3	0
HG03625	194831	41	47	15548	11268	310	4	1786	1048	823	3	31	0	23	0	81	54	0	196	41	76	2
HG03626	111707	38	47	426	44	1892	745	1281	810	600	2	12	0	31	0	88	11	0	289	65	7	2
HG03629	84099	31	33	215	17	1869	982	76	5	276	4	2	1	14	0	112	4	2	92	122	2	2
HG03631	107326	34	31	540	46	1979	674	147	78	6409	2705	336	13	86	1	97	7	2	140	106	9	117
HG03633	157333	5514	5289	5843	3458	278	1	209	15	713	1	72	1	20	1	124	33	2	226	112	20	3
HG03634	184210	31	29	556	54	423	1	2808	1977	11216	4044	1323	5	209	1	188	13	0	191	162	16	107
HG03635	167323	5225	4986	277	78	393	3	170	21	10620	3846	1244	12	185	0	239	14	1	168	181	6	99
HG03636	108317	52	30	711	32	2959	1640	170	22	330	5	18	4	25	0	79	5	4	298	51	8	1
HG03639	107143	35	45	258	59	871	769	119	15	6433	2777	563	2	254	0	152	9	0	70	207	3	89
HG03640	154334	30	33	18991	12985	331	0	385	12	224	4	28	1	45	2	79	70	2	341	103	50	1
HG03641	141968	20	34	11229	7425	189	0	169	10	5838	2574	506	1	227	0	108	38	0	79	146	5	68
HG03642	157874	4992	4818	353	64	2473	1591	135	17	430	4	24	0	11	0	141	39	0	173	90	18	1
HG03643	148032	49	26	13297	8784	1970	1091	198	39	329	3	31	0	16	0	77	42	1	122	28	2	1
HG03644	154507	3834	3679	13253	8777	222	1	337	30	463	8	27	2	31	2	100	45	1	291	67	52	1
HG03645	157498	41	38	17148	11344	1293	1038	318	60	364	3	44	1	37	0	61	63	1	275	92	32	3
HG03646	119188	34	36	650	43	1969	1115	1248	823	662	3	12	3	38	0	64	35	1	274	40	7	4
HG03649	122495	3362	3062	384	59	1676	753	96	27	478	2	21	0	14	0	180	15	0	145	49	9	4
HG03650	114214	50	36	403	40	3499	1627	68	23	293	6	22	1	32	1	90	14	5	251	26	5	0
HG03651	108780	35	31	495	37	3406	1490	120	13	374	6	27	0	54	0	116	9	1	376	25	13	2
HG03652	128954	48	48	291	50	3021	2386	102	45	178	4	5	1	16	0	83	8	0	126	120	5	0
HG03653	102674	34	29	504	35	1724	1274	1903	656	494	6	26	0	25	0	124	6	1	186	30	6	0
HG03654	105938	25	29	513	45	1720	1268	2070	648	452	4	32	0	32	2	83	11	0	243	46	5	0
HG03660	208462	24	37	15970	10498	2588	1534	219	50	496	7	79	0	62	0	94	72	2	202	90	29	1
HG03663	141943	39	56	10287	7199	1366	593	192	13	288	4	2	1	15	0	55	29	0	87	176	48	0
HG03667	144902	32	44	7896	5994	1344	574	189	8	254	1	5	0	18	1	159	9	2	83	64	8	2
HG03668	131253	5522	5274	424	119	1896	884	122	28	475	0	41	0	20	0	98	26	2	191	100	9	0
HG03669	126886	5793	5543	288	114	1311	561	108	17	354	3	5	1	27	0	132	20	0	232	118	4	1
HG03672	257546	7893	7651	19867	13011	223	3	370	23	816	6	35	4	29	0	133	90	1	217	46	40	3
HG03673	126205	4221	4045	331	39	2080	907	89	74	404	4	14	0	17	0	91	96	1	164	47	26	0
HG03679	106117	33	38	579	16	1921	736	1739	825	494	2	22	1	18	1	80	17	1	173	87	6	1
HG03680	134625	31	29	8655	6196	1195	618	186	12	228	0	1	1	20	0	79	25	1	142	106	38	1
HG03681	171901	28	28	14845	10831	127	20	334	15	265	0	16	0	23	0	126	21	0	115	30	29	0
HG03682	97791	30	39	279	36	2931	1234	70	34	350	3	19	0	15	1	87	7	2	131	43	2	0
HG03683	150248	38	29	13107	8647	1533	603	110	9	371	4	26	0	21	2	109	43	1	204	61	41	1
HG03684	152230	30	31	13086	8633	1331	840	156	15	335	1	30	1	20	1	74	40	1	114	73	29	1
HG03685	114780	39	42	451	50	2740	1889	170	36	268	8	21	1	22	0	84	12	0	131	89	6	1
HG03686	163232	38	27	9219	5588	2363	930	197	72	512	7	45	0	22	1	96	70	2	239	90	40	0
HG03687	168737	38	30	19546	13901	97	0	267	30	294	1	25	1	16	0	47	82	1	132	31	31	0
HG03688	119058	4658	4480	249	97	914	458	50	49	485	2	6	0	20	0	121	21	0	244	84	20	0
HG03689	115136	33	35	393	87	2648	1837	108	21	323	5	4	1	21	3	130	16	2	167	79	13	0
HG03690	166960	4322	4121	12068	8922	150	2	249	44	538	3	34	0	14	2	118	68	0	195	64	52	0
HG03691	214164	32	30	30089	20761	231	1	361	68	386	3	59	0	34	0	55	89	0	175	54	38	2
HG03692	136574	5086	4979	378	38	1988	1098	94	28	666	5	6	0	20	0	124	12	0	193	70	21	1
HG03693	138899	5023	4849	486	64	2101	1062	162	27	523	1	26	0	18	1	120	22	1	158	62	19	3
HG03694	129366	31	38	9688	6465	124	0	1206	914	496	2	11	1	17	0	71	32	0	147	29	45	0
HG03695	158042	4217	4037	335	56	193	1	149	26	9221	3220	839	5	125	0	200	29	4	75	125	14	65
HG03696	206662	34	31	30329	20256	237	0	267	28	275	2	59	0	44	0	46	108	0	217	70	57	1
HG03697	206674	31	31	23169	15576	210	0	299	30	236	0	7	1	31	0	77	34	1	178	53	81	0
HG03698	118415	36	33	330	16	3920	2317	49	53	317	2	23	0	20	1	83	7	1	139	46	4	0
HG03699	189399	25	29	16158	11504	527	0	2008	955	659	1	35	1	44	0	55	116	3	342	26	26	2
HG03700	134206	27	41	6979	5396	1816	828	175	44	295	2	30	2	34	0	102	31	1	167	25	6	0
HG03701	206219	27	33	22302	16273	373	1	395	32	376	0	47	0	41	0	84	106	3	224	12	30	0
HG03702	141197	41	97	7657	4498	1941	1230	218	102	389	5	94	1	30	0	82	30	2	192	116	30	0
HG03703	136768	39	29	13890	9216	818	140	164	34	376	2	33	0	12	1	58	38	1	128	50	7	2
HG03704	161370	44	33	15146	10312	1925	1043	242	61	371	8	29	2	36	1	78	44	1	251	58	10	1
HG03705	151983	69	57	11122	7036	779	718	136	54	267	1	44	0	21	1	87	55	1	124	211	17	0
HG03706	129731	4032	3918	699	93	1178	722	179	24	599	3	18	0	28	0	149	46	0	249	100	30	3
HG03707	166812	4021	3955	10688	6864	194	1	112	59	581	3	50	3	36	1	124	54	1	325	102	45	0
HG03708	131461	40	39	575	33	3452	2087	161	33	400	4	29	0	26	0	135	11	4	158	59	6	0
HG03709	114667	4870	4431	256	59	1183	585	129	33	520	6	5	1	14	3	157	25	1	121	111	20	1
HG03710	103694	29	25	210	17	2833	1688	78	36	366	8	31	0	12	2	124	5	2	195	64	2	0
HG03711	146261	4086	4066	11371	7550	117	1	186	17	585	2	4	0	15	1	106	36	0	138	84	31	0
HG03713	136247	4997	4663	316	79	1830	769	112	78	682	2	27	0	19	1	77	19	1	190	74	26	0
HG03714	91040	34	69	197	49	2365	919	2042	713	469	1	3	1	12	0	86	2	1	114	112	5	0
HG03716	113076	34	45	6666	4563	1024	507	204	12	311	3	15	1	17	0	42	58	0	82	72	11	1
HG03717	132371	46	44	616	66	2278	1306	2047	856	620	5	26	0	15	0	92	28	0	182	30	4	2
HG03718	122710	34	23	6681	4659	1288	561	235	23	321	3	11	1	16	0	97	22	0	69	71	9	1
HG03719	161239	6587	6361	374	46	2622	1255	76	37	675	3	23	1	27	0	136	44	0	328	36	3	3
HG03720	101102	39	23	245	73	1755	1258	74	7	324	4	44	7	14	0	83	22	0	103	27	3	0
HG03721	246555	32	39	14129	9742	284	1	259	23	16926	6583	1089	5	128	0	238	61	0	151	212	17	152
HG03722	183676	6728	6485	11817	7275	145	4	203	34	587	1	9	0	31	0	158	64	1	242	111	48	0
HG03725	144676	5129	4906	421	89	2588	1332	93	28	402	11	22	0	32	0	123	33	1	307	62	4	1
HG03727	125600	36	38	14877	9536	1403	569	192	10	305	1	19	1	24	1	44	46	0	141	22	26	0
HG03729	162393	4100	4037	18461	11909	157	2	181	23	527	3	21	1	16	1	119	63	0	162	84	32	0
HG03730	158987	31	32	13618	9175	1674	679	170	110	468	6	36	0	26	1	61	59	2	147	36	7	1
HG03731	91737	4453	4310	238	30	1015	605	93	7	404	2	19	3	14	0	79	6	0	132	18	3	2
HG03732	188840	29	40	26647	17632	256	0	263	16	330	2	47	0	31	1	79	73	1	348	7	37	0
HG03733	107227	34	51	423	44	2790	1383	95	38	392	1	28	0	18	0	83	6	0	102	28	6	0
HG03736	152731	4142	3906	10530	7235	124	3	246	33	491	5	8	1	16	2	124	36	1	172	90	64	0
HG03738	141140	5105	4945	360	55	1668	1491	125	31	381	3	7	1	27	0	184	24	1	146	93	20	0
HG03740	128520	4404	4254	318	41	2267	1358	95	66	491	3	27	0	13	0	113	22	1	137	59	22	1
HG03741	146411	42	33	6963	5184	2022	1240	259	39	374	6	30	2	19	0	45	13	0	107	22	14	0
HG03742	138650	63	31	466	30	1486	809	2433	883	680	3	9	0	26	0	93	8	0	244	71	7	0
HG03743	171750	5468	5300	13577	9585	161	1	226	16	499	3	29	2	38	1	129	94	0	225	94	35	1
HG03744	127413	35	38	5463	3922	1926	784	118	62	460	3	17	1	18	0	49	39	0	103	38	6	1
HG03745	151722	21	25	12137	8554	1249	633	177	11	273	2	18	1	15	0	89	39	1	151	106	37	4
HG03746	92089	34	45	276	22	1663	1179	76	5	332	6	8	1	13	0	68	7	0	95	95	3	2
HG03750	150568	43	44	6478	4842	1797	1220	215	17	362	1	5	3	24	2	164	8	1	100	49	6	0
HG03752	146922	31	44	17180	11490	168	1	199	42	4097	1385	675	0	198	0	92	59	0	129	71	81	31
HG03753	149618	30	20	10184	7001	1578	515	132	71	617	5	20	1	25	0	76	45	4	176	34	44	1
HG03754	171781	46	43	13111	9194	1922	1151	224	16	285	5	36	0	21	0	118	50	2	222	50	49	2
HG03755	106526	3903	3745	446	94	1047	544	150	12	417	10	6	1	21	0	114	20	2	154	76	18	1
HG03756	151606	38	32	8855	5961	1881	1390	187	41	454	2	23	1	35	1	91	44	1	137	89	30	0
HG03757	120302	31	36	10303	7351	1412	631	277	14	213	5	14	0	20	0	51	37	2	140	48	29	0
HG03760	148418	9700	9247	306	89	146	7	152	6	465	6	4	1	22	1	164	36	0	195	82	35	1
HG03761	140406	8914	8549	303	59	255	5	119	16	531	10	7	2	30	0	123	31	3	373	95	51	0
HG03762	147536	8014	7400	733	92	383	4	253	106	433	5	12	0	20	0	368	42	1	201	90	41	2
HG03763	148228	7993	7374	334	47	292	4	119	150	477	3	8	0	17	1	367	39	0	272	95	35	0
HG03765	121479	3307	3181	475	61	227	1	2141	997	677	1	4	1	18	1	107	29	0	184	47	7	0
HG03767	155813	32	41	15997	10543	132	2	304	30	367	5	11	0	38	1	56	39	4	191	54	84	0
HG03770	105215	42	30	516	26	1535	544	1643	871	563	3	6	1	11	0	79	5	0	147	128	4	1
HG03771	133404	30	36	9773	6075	281	0	1913	708	523	5	9	3	34	0	63	84	1	247	85	63	0
HG03772	97447	31	34	9293	6396	1009	558	155	9	302	8	7	0	12	0	81	76	2	101	58	2	0
HG03773	131614	59	61	432	40	2309	1448	247	15	376	8	9	19	21	2	161	9	0	157	291	3	0
HG03774	119757	4631	4445	363	39	1783	945	133	27	380	3	23	1	16	0	108	8	0	228	28	5	1
HG03775	86826	5809	5624	209	23	80	6	121	6	499	0	2	0	10	0	119	14	0	105	4	5	0
HG03777	107215	53	40	351	24	1874	743	818	336	357	3	40	1	13	2	76	5	0	156	93	4	1
HG03778	204488	39	42	20665	13385	272	0	243	24	532	4	32	0	39	0	66	59	1	163	130	45	0
HG03779	141586	9462	9043	284	114	68	1	205	62	555	5	28	1	16	1	130	41	0	176	82	3	2
HG03780	219321	45	35	11998	8102	210	0	277	38	16598	6496	1117	15	121	1	191	40	1	70	197	32	163
HG03781	114544	28	30	323	32	3688	1721	98	30	349	6	15	2	15	0	69	12	0	173	27	5	2
HG03782	170825	3230	2958	13314	8830	230	0	300	25	378	4	27	2	21	0	148	63	2	174	79	20	1
HG03784	181781	27	43	13348	8792	1214	295	1461	728	515	2	43	1	23	0	78	39	0	271	74	38	0
HG03785	153872	4723	4544	9102	6028	154	2	141	17	459	5	24	0	16	0	131	57	0	165	53	23	1
HG03786	120748	25	31	14555	9462	1810	858	125	44	256	3	31	1	21	0	53	50	1	209	75	27	4
HG03787	183353	36	36	481	40	5455	3219	115	40	399	0	34	0	23	0	111	8	0	225	144	7	2
HG03788	161996	33	59	13102	8510	1918	983	150	27	391	2	61	1	21	0	45	39	1	171	26	32	1
HG03789	140337	44	38	10371	7454	1498	638	149	7	314	3	8	0	17	0	105	33	0	146	84	48	0
HG03790	113766	43	46	294	25	3831	1640	84	27	492	6	22	2	14	0	63	5	0	114	36	6	0
HG03792	143176	1319	1280	13479	9327	86	1	177	29	417	4	53	1	20	0	125	72	1	172	70	46	0
HG03793	114143	34	34	11343	7179	192	1	1551	544	437	5	23	1	25	0	47	51	3	205	16	43	2
HG03794	147910	39	39	10877	7275	1285	705	218	13	352	8	7	0	23	0	65	13	2	207	63	22	0
HG03795	120217	23	49	12078	7822	1294	682	180	7	377	6	12	2	23	1	56	41	2	195	48	22	0
HG03796	157741	4283	4022	10859	7742	179	1	301	17	478	2	11	2	23	2	141	34	4	183	94	50	0
HG03797	156671	30	48	10302	7124	1946	1195	143	47	362	7	42	1	21	0	88	32	2	216	43	29	0
HG03798	148884	34	27	10472	7778	1763	1228	190	43	366	0	6	2	23	0	67	20	2	282	25	37	0
HG03799	137068	35	39	7870	6452	1394	504	229	18	182	0	13	2	29	0	97	16	3	244	94	71	1
HG03800	141624	2870	2763	11214	7992	765	2	228	12	472	1	4	2	16	1	79	25	1	120	32	27	0
HG03801	167922	33	53	18224	13926	141	1	322	18	261	5	9	1	26	0	64	40	1	266	15	80	1
HG03802	196418	6173	5785	14902	9845	188	1	249	17	493	1	32	0	42	0	75	31	1	188	60	25	0
HG03803	65763	21	25	397	16	714	372	88	7	192	0	10	5	12	1	75	8	4	94	83	5	1
HG03804	125671	5534	5276	306	184	623	254	101	9	408	2	8	1	15	0	110	22	0	212	140	5	1
HG03805	152669	29	35	14714	9807	275	1	2307	1361	664	7	25	1	19	0	50	55	0	229	42	31	0
HG03806	125510	6630	6254	207	71	904	496	157	12	360	6	3	1	24	0	124	30	0	247	35	4	1
HG03807	137049	5538	5295	12184	7979	180	4	192	12	313	3	20	0	18	0	89	72	1	257	22	16	1
HG03808	120028	32	33	7740	5896	617	446	258	18	290	5	6	1	14	1	133	19	2	118	45	30	1
HG03809	96693	31	36	255	44	2466	1534	122	2	316	3	37	0	7	0	110	11	0	119	63	7	0
HG03812	150881	32	37	21109	14921	138	5	333	22	350	3	11	0	26	0	61	34	2	141	58	56	0
HG03814	151859	4025	3761	12711	8299	129	0	234	17	277	6	64	1	31	1	107	67	0	142	44	8	2
HG03815	128384	42	36	432	62	3839	2267	134	51	350	4	26	0	23	0	70	38	3	152	89	2	0
HG03816	106695	3856	3673	225	63	1329	1044	106	35	273	3	11	1	18	0	103	15	1	224	81	2	1
HG03817	193610	4286	3922	18722	12434	292	6	302	22	412	2	15	0	28	0	108	76	1	212	278	14	1
HG03821	161134	5108	4916	10815	7174	255	1	264	19	516	4	31	1	37	2	127	70	1	247	49	21	1
HG03823	141792	23	30	6975	4420	2280	1344	178	18	388	1	28	1	23	0	74	33	2	139	73	33	0
HG03824	105704	30	30	411	33	2595	2029	163	33	334	5	29	2	21	2	62	10	0	162	55	8	0
HG03825	121353	24	31	7093	4397	1144	1153	182	8	290	3	9	3	45	0	72	31	5	299	127	20	0
HG03826	119630	45	30	430	45	3394	1842	157	28	339	5	25	16	27	2	108	12	2	167	125	3	1
HG03829	121258	24	34	6491	4622	1789	798	213	31	458	5	30	0	19	1	84	10	1	64	54	16	0
HG03830	213469	27	36	11260	7910	171	0	244	16	12491	4724	1236	7	191	0	146	94	0	93	162	24	108
HG03831	171829	40	41	11997	8508	1930	790	278	41	422	1	79	2	46	0	91	67	3	274	59	28	0
HG03832	186440	10597	10397	6668	4644	197	2	287	19	410	4	8	1	26	1	133	33	0	213	40	10	1
HG03833	177319	5094	4853	9090	6051	217	4	274	38	573	1	10	1	20	2	144	63	1	161	118	64	2
HG03834	173721	26	32	14381	10504	242	1	265	30	305	6	5	1	27	0	79	24	2	169	57	41	0
HG03836	172469	23	54	10002	7498	1476	680	245	17	350	9	19	1	21	0	89	56	0	182	128	14	3
HG03837	132929	26	53	10422	6938	1273	578	214	33	420	1	11	0	15	2	98	22	0	135	21	25	0
HG03838	279174	29	38	578	68	1485	793	288	22	33575	17238	921	15	402	1	108	35	3	111	603	10	407
HG03844	146702	35	36	547	37	4442	2604	145	67	382	2	31	1	27	0	96	14	0	210	72	10	1
HG03846	124214	30	34	8170	5243	1240	650	206	17	384	5	47	1	20	0	61	23	1	108	84	44	2
HG03848	213592	33	18	27338	19184	207	3	404	30	438	3	41	2	27	0	106	60	0	216	69	92	1
HG03849	117546	7024	6752	297	102	166	1	138	29	834	8	3	1	16	0	228	35	0	173	115	26	1
HG03850	146285	60	39	6941	5016	185	0	1689	843	476	4	10	6	22	0	91	21	1	120	37	6	0
HG03851	119039	5351	5247	286	36	1162	627	150	23	452	7	6	0	17	0	116	54	0	145	74	6	0
HG03854	221562	30	29	6654	5187	314	0	447	27	18674	7252	1190	11	153	2	236	33	3	47	209	21	160
HG03856	119124	30	28	4366	3233	1834	845	130	50	287	5	20	2	15	2	41	58	0	97	26	9	1
HG03857	132930	42	18	13721	8882	392	1	1634	798	543	2	31	0	40	0	66	33	1	291	50	29	0
HG03858	103938	22	35	428	59	2263	1254	165	17	329	6	4	2	13	0	78	8	0	125	97	11	1
HG03861	161491	39	28	11712	7763	290	3	2386	912	598	4	36	1	25	0	70	60	0	236	42	73	1
HG03862	86925	32	37	241	32	2079	1032	126	7	332	11	12	1	23	0	94	9	1	132	65	6	1
HG03863	118433	33	30	433	28	216	1	704	322	7905	3211	655	2	145	0	89	8	0	71	92	4	61
HG03864	186076	37	61	15821	10162	2308	1459	223	33	378	3	21	1	26	0	97	59	1	274	31	15	2
HG03866	167924	32	35	16769	11860	101	0	257	17	299	3	14	0	25	0	42	110	5	136	62	75	1
HG03867	133659	36	39	393	20	3052	2044	89	26	361	0	26	1	22	1	82	17	0	244	76	8	0
HG03868	125963	5697	5448	417	74	1316	676	184	18	725	1	8	2	16	0	210	31	0	166	54	4	2
HG03869	122431	43	43	681	66	1302	575	1560	881	751	5	12	0	24	1	91	27	0	227	78	11	0
HG03870	132873	3171	3026	9480	6747	159	4	347	25	305	2	15	3	32	1	80	27	2	213	31	42	1
HG03871	171132	37	40	15533	10432	359	2	2468	1060	665	4	29	2	18	1	67	60	1	311	32	7	1
HG03872	104808	2251	2201	300	17	2198	1103	96	30	622	0	21	0	14	0	65	26	0	149	5	5	0
HG03873	133476	5598	5319	365	92	1665	719	115	25	447	4	23	2	15	0	128	37	0	147	78	3	2
HG03874	153287	10917	10493	503	71	164	4	234	15	562	3	26	1	15	0	193	39	0	195	71	29	0
HG03875	174052	46	35	7059	4687	2831	1056	305	54	531	2	52	1	19	0	67	32	1	169	46	8	1
HG03882	164847	4802	4621	14305	9351	186	1	198	20	349	2	7	1	14	0	114	48	0	153	60	21	2
HG03884	172703	31	35	13097	8576	195	2	181	18	9545	3553	883	3	176	0	163	35	5	125	48	66	93
HG03885	108419	26	41	331	47	2924	1794	99	31	435	4	34	1	23	0	118	8	1	116	41	7	1
HG03886	127167	3974	3817	542	72	217	4	2116	908	727	3	11	0	22	0	93	24	0	328	54	15	0
HG03887	148361	48	49	504	83	1816	661	182	61	10314	3808	1302	7	132	0	161	13	3	117	135	8	94
HG03888	110124	5203	4955	350	51	124	6	109	11	4162	1367	586	4	117	0	116	18	2	102	36	14	12
HG03890	177092	4009	3910	16253	11467	235	4	302	20	534	3	31	0	26	0	112	71	0	174	45	65	1
HG03894	116284	35	43	4971	3256	1624	738	175	42	345	2	7	0	24	1	40	12	0	135	33	11	3
HG03895	160997	5070	4868	11558	7607	180	2	276	41	578	16	26	2	28	0	123	50	2	183	50	52	1
HG03896	156386	31	35	14250	9453	1932	1061	261	35	489	5	22	1	26	1	112	42	1	176	33	23	0
HG03897	160447	39	32	7822	5559	2146	1386	304	23	499	6	20	1	18	1	150	18	0	130	44	7	0
HG03898	277707	43	31	15332	10165	308	5	451	30	19304	7259	1444	14	206	0	254	74	1	114	303	36	149
HG03899	97967	27	39	383	64	2599	1329	117	41	366	6	27	1	15	1	83	6	0	115	38	12	0
HG03900	93175	28	65	328	29	2993	1242	55	59	334	3	25	0	11	0	61	10	0	97	46	6	1
HG03902	245958	46	40	22093	15486	274	0	408	25	358	3	31	0	47	0	86	57	1	193	32	80	0
HG03904	113135	50	58	413	105	3300	1511	133	23	403	3	51	2	41	2	55	26	1	359	78	7	0
HG03905	123221	3167	2960	357	162	215	1	175	15	6500	2757	360	7	130	0	175	42	1	84	98	4	84
HG03906	148447	3201	2995	587	159	2643	928	177	26	506	5	43	0	40	0	150	56	1	405	66	9	2
HG03907	159540	37	38	971	58	2051	1426	1720	1026	691	6	37	1	20	0	98	15	1	301	26	10	5
HG03908	147128	35	43	4739	3254	269	0	2013	991	817	7	9	1	22	2	104	28	0	255	28	69	1
HG03909	156267	44	43	835	56	1926	1331	1330	771	676	2	18	0	35	0	80	13	0	421	43	6	1
HG03910	151374	40	36	410	51	3816	3033	166	15	362	3	11	1	28	0	204	11	3	170	136	7	2
HG03911	104873	29	34	15621	10026	157	1	121	10	469	1	26	1	17	1	53	35	3	144	43	25	0
HG03913	86043	30	34	182	27	1970	1057	101	10	448	2	7	1	17	1	97	10	1	65	50	1	4
HG03914	128539	31	35	6650	4600	1889	952	175	19	364	5	42	0	11	1	41	11	1	158	28	40	0
HG03915	104364	34	17	6026	4445	590	455	168	9	346	3	29	1	22	0	85	13	0	130	42	35	0
HG03916	132849	30	24	6473	4766	1947	890	170	17	340	2	7	18	19	0	109	12	0	112	49	9	2
HG03917	196120	70	79	14470	10061	503	6	3109	1070	665	13	17	4	51	3	102	50	0	363	74	74	2
HG03919	191161	26	55	30117	20198	210	1	452	20	329	5	43	2	30	0	88	62	0	214	14	30	2
HG03920	148670	30	25	8106	5680	161	2	326	15	259	6	15	2	22	0	106	10	0	91	66	53	1
HG03922	143506	43	36	15197	9871	2365	1205	157	32	377	2	22	0	22	0	46	35	2	181	73	31	2
HG03925	189091	4403	4086	11779	8407	166	1	230	86	924	5	21	0	34	0	158	60	2	193	67	77	3
HG03926	145874	42	23	11642	8472	1481	618	226	14	286	1	8	0	16	0	94	76	2	135	65	19	1
HG03927	134721	51	34	9645	6764	1517	620	177	18	203	7	7	2	36	0	106	23	1	245	118	43	1
HG03928	146088	4305	4020	7686	6180	171	3	282	34	470	2	14	0	21	0	82	48	0	151	63	51	0
HG03929	176734	25	28	21424	13382	1856	923	166	98	400	2	49	2	32	0	54	33	2	223	123	2	2
HG03930	167707	4336	4056	20032	12569	249	1	178	28	498	15	15	1	41	0	37	50	2	309	146	16	0
HG03931	147760	30	33	14738	9568	2057	938	113	28	300	3	43	2	27	0	43	75	1	163	43	29	0
HG03934	119246	4253	4129	493	76	223	3	1565	669	556	4	9	0	20	0	61	23	0	225	46	5	2
HG03937	141283	3486	3335	10833	7699	176	4	310	28	303	3	14	0	28	0	146	45	3	285	78	31	0
HG03940	104673	36	41	465	23	3673	1589	109	42	393	0	36	0	16	0	57	9	1	147	57	5	1
HG03941	129877	4421	4249	468	122	1817	1025	127	68	590	5	34	1	14	0	190	37	0	182	87	29	1
HG03942	108775	30	34	313	51	3426	1772	58	67	412	5	53	3	27	0	71	19	1	318	54	10	0
HG03943	160816	77	73	19769	13615	149	0	320	49	262	0	32	1	29	0	65	39	1	209	28	51	1
HG03944	113076	33	33	439	38	1509	700	1772	794	512	6	9	2	12	0	102	17	0	208	139	8	0
HG03945	140270	37	45	607	48	3511	2262	200	37	417	6	44	2	30	0	101	11	3	266	22	13	3
HG03947	107463	38	34	313	34	2544	1208	89	16	290	4	24	0	13	0	98	23	2	157	65	3	1
HG03949	187572	41	37	25625	16985	222	0	215	20	378	2	43	1	21	1	93	82	2	172	39	72	2
HG03950	174304	25	32	7989	5118	217	0	210	11	11803	4603	1321	7	127	0	150	26	1	51	145	24	117
HG03951	126680	3935	3793	495	70	2102	997	141	49	402	4	15	0	21	0	86	13	1	165	50	20	3
HG03953	112736	43	34	512	28	2203	821	1134	568	458	6	53	0	9	0	81	19	2	167	49	11	1
HG03955	194004	25	36	811	80	2280	846	368	41	17290	6517	1206	22	178	1	209	8	0	133	250	11	147
HG03960	91435	32	29	363	68	2973	1382	82	29	320	3	19	1	15	0	66	24	3	87	78	3	0
HG03963	167701	32	41	14491	9789	1384	958	228	25	417	3	13	2	22	0	106	25	1	224	71	17	2
HG03965	182329	30	43	21431	14751	1168	499	372	45	516	13	32	2	21	0	115	98	2	253	99	88	2
HG03967	157981	36	34	11882	8478	1725	1360	360	16	305	6	14	5	34	1	84	27	2	237	57	37	2
HG03968	172649	5080	4838	8026	6036	193	2	308	39	598	2	17	2	23	0	127	36	1	173	55	22	0
HG03969	146951	4670	4533	15105	9555	272	2	196	23	340	6	34	0	33	2	89	61	1	215	61	38	0
HG03971	166411	37	25	8253	5372	1023	229	1428	694	446	1	42	2	28	1	160	35	3	229	61	39	0
HG03973	154509	35	28	10376	7158	1037	287	1533	702	491	3	33	1	20	0	68	58	4	175	23	7	1
HG03974	98168	32	33	526	46	1276	585	1271	724	747	5	27	0	17	0	71	1	1	171	43	4	0
HG03976	126113	8084	7649	423	53	100	1	114	28	837	3	12	0	17	0	208	30	0	139	57	33	0
HG03977	90501	34	30	318	21	2513	1474	85	28	222	1	4	0	8	0	85	15	1	105	37	5	1
HG03978	135398	39	34	527	29	3402	2062	113	36	317	4	56	1	22	0	128	9	1	169	11	2	2
HG03985	174878	32	44	13129	9113	320	0	2086	958	566	8	51	4	29	0	88	76	1	242	103	60	0
HG03986	75218	37	44	308	35	2239	997	81	21	240	1	9	1	14	0	123	9	0	71	89	6	0
HG03989	142189	109	99	12918	8516	1313	707	279	36	458	3	72	1	28	0	83	21	2	203	47	45	0
HG03990	176878	58	47	14804	9455	2071	1489	270	34	359	3	78	0	42	0	78	79	2	279	12	43	0
HG03991	168680	35	35	13372	9456	2136	1052	328	30	351	11	33	2	22	4	67	29	2	247	37	37	3
HG03992	143120	34	32	10549	7685	1420	760	176	29	258	2	12	2	19	2	93	23	0	192	105	26	1
HG03995	111135	30	21	420	23	3039	1636	137	41	364	7	22	2	14	0	121	14	1	114	192	6	1
HG03998	135743	5688	5396	514	120	1814	757	151	37	429	3	16	0	28	1	118	40	1	174	89	4	2
HG03999	152049	34	44	10211	6567	1937	829	197	22	378	3	34	4	25	2	73	38	0	153	25	69	0
HG04001	162549	31	50	13402	8748	2245	1189	250	41	319	5	23	2	23	2	62	29	3	201	31	26	0
HG04002	170822	31	36	12178	8326	327	1	4575	1421	743	5	18	0	23	0	64	115	0	283	62	34	4
HG04003	226222	34	35	25000	16887	327	4	511	27	481	2	39	0	49	0	101	59	4	304	51	99	2
HG04006	181956	5727	5475	10282	6575	138	3	258	42	434	2	10	2	19	0	184	61	2	284	47	83	0
HG04014	129286	31	41	5304	4021	1331	832	136	22	353	4	11	0	23	1	107	14	0	87	31	7	1
HG04015	84284	24	45	233	16	2353	1358	107	17	241	1	15	0	10	1	55	5	2	107	100	3	0
HG04017	181048	31	39	22562	15213	2027	867	281	75	474	5	52	3	21	0	75	103	1	182	116	88	0
HG04018	128573	36	30	14201	9178	1726	576	176	68	472	2	39	1	24	1	74	68	1	171	24	27	0
HG04019	124009	33	43	626	38	1532	600	2455	921	730	5	11	0	29	2	103	9	1	196	52	8	2
HG04020	105573	40	36	399	115	2179	1586	212	3	257	0	3	0	24	0	117	13	0	115	145	5	0
HG04022	228374	20	41	27700	18759	261	1	440	34	455	6	43	0	36	1	72	108	2	256	131	143	2
HG04023	174717	38	40	21529	14508	1864	786	310	56	437	2	65	4	21	0	56	103	3	221	107	71	4
HG04025	147038	38	43	6943	5133	1215	742	288	20	278	1	8	2	18	1	96	11	1	100	74	6	1
HG04026	138977	30	22	10528	7180	921	471	276	23	271	2	15	0	30	2	73	47	2	121	74	57	0
HG04029	163661	34	46	14702	10356	147	1	342	34	334	6	7	3	12	1	111	26	0	123	42	39	0
HG04033	147356	4277	4121	581	90	222	5	1639	1020	1079	6	11	0	19	0	161	31	2	163	75	23	1
HG04035	123086	33	28	9637	6885	1113	453	255	8	301	4	7	2	20	1	81	20	0	109	58	32	0
HG04036	138163	80	88	11068	7348	1454	696	166	35	326	6	22	2	23	0	72	29	0	199	96	30	1
HG04038	163679	36	29	9186	6629	1163	683	187	47	330	7	26	0	20	1	86	30	3	145	47	49	0
HG04039	160166	42	39	809	51	2194	1020	1951	844	536	4	27	2	14	3	126	8	0	247	76	10	3
HG04042	185229	4721	4447	14015	9730	221	3	335	22	382	5	25	1	24	0	132	53	1	197	33	52	4
HG04047	142384	5453	5247	683	74	1290	855	236	15	466	1	20	1	35	1	127	48	1	328	50	13	3
HG04054	165767	4926	4585	648	64	2527	1645	224	42	543	2	17	20	22	2	163	31	1	318	34	19	1
HG04056	150104	32	33	18652	12604	756	395	307	56	363	6	31	1	25	0	115	94	1	211	54	71	0
HG04059	79982	29	37	325	73	1435	1018	123	9	310	4	3	1	15	2	101	3	0	94	83	11	1
HG04060	172044	6225	5989	572	79	2324	1157	210	78	674	5	25	1	30	0	180	28	1	395	107	23	3
HG04061	160286	40	43	7711	5639	2304	1141	355	44	448	6	41	0	29	0	105	35	0	214	93	38	5
HG04062	139861	3568	3459	16179	10813	209	1	299	16	656	2	3	1	22	1	138	75	4	209	10	18	1
HG04063	163822	21	31	28643	19300	233	0	335	60	333	4	40	2	23	0	40	128	0	181	77	60	0
HG04070	139711	31	32	10406	6557	1081	722	183	16	420	4	28	1	27	1	57	35	1	194	30	90	1
HG04075	190824	50	29	23739	17216	293	3	411	18	296	2	40	1	49	0	120	65	1	316	67	32	0
HG04076	141748	38	41	14768	10008	1789	544	239	19	557	9	41	2	16	1	67	51	1	134	54	16	1
HG04080	129714	39	46	380	77	1773	979	182	9	7902	3645	671	8	141	2	104	7	0	93	126	6	19
HG04090	125857	38	31	508	80	3800	2292	124	30	407	5	66	0	19	0	83	8	0	210	29	13	1
HG04093	130549	51	46	650	58	2682	1324	1633	818	368	3	36	0	19	0	100	7	0	211	66	7	0
HG04094	145491	34	30	584	39	3842	2658	222	57	477	4	25	0	27	0	106	8	1	236	59	7	2
HG04096	106654	33	38	522	61	2718	1330	200	57	327	2	19	0	25	0	87	12	1	251	80	13	2
HG04098	162552	35	31	14601	10109	1694	605	320	13	244	7	24	2	33	2	66	39	2	223	114	40	1
HG04099	196226	25	32	28124	19340	263	1	348	22	315	3	74	0	53	1	70	111	4	196	59	59	1
HG04100	214567	45	50	16604	12051	2518	1965	401	36	397	4	19	2	29	0	86	73	1	287	58	56	0
HG04106	137503	5839	5547	2919	1776	258	3	155	12	620	5	18	1	25	0	105	45	0	205	62	68	1
HG04107	155576	33	33	9770	6162	2058	970	206	56	518	5	53	0	26	3	47	30	2	205	53	13	0
HG04115	146481	30	29	14151	9249	1631	735	193	48	289	8	13	0	18	0	118	54	3	231	17	17	0
HG04118	160406	32	29	12350	8812	2104	1000	243	40	478	4	62	0	33	0	54	15	0	162	6	27	2
HG04122	124782	30	36	8196	6294	1834	766	154	24	332	2	23	2	19	0	91	6	1	123	49	8	0
HG04127	95791	34	34	278	17	3117	1536	37	32	286	4	16	1	10	0	107	4	1	141	134	4	0
HG04131	221795	30	36	29828	19368	2231	771	415	169	622	2	63	1	54	0	148	144	1	502	78	82	3
HG04132	147164	35	26	15135	10181	1571	862	134	9	331	2	29	0	18	0	84	44	0	236	53	63	2
HG04133	99219	46	36	274	38	2967	1501	63	78	436	8	19	1	13	0	107	34	2	194	12	24	3
HG04134	134836	4902	4761	578	73	1941	837	225	30	393	0	31	0	29	0	153	28	0	272	44	17	1
HG04135	125399	38	45	3294	2659	1611	731	192	16	222	11	10	2	35	0	100	22	2	205	112	10	0
HG04136	134980	4960	4808	336	66	1468	827	104	16	320	10	5	0	23	0	142	38	2	300	128	5	0
HG04140	92872	31	34	432	50	2133	1091	136	13	269	5	6	3	18	0	104	5	1	134	52	4	1
HG04141	158820	6622	6406	571	66	2283	974	192	28	662	4	28	4	17	3	212	13	4	233	63	35	4
HG04142	112107	5163	5039	280	77	1171	677	132	11	364	3	8	1	31	0	137	7	1	247	98	29	1
HG04144	117577	50	41	563	34	3257	1456	154	91	426	6	24	1	10	2	89	36	3	149	63	6	2
HG04146	143567	23	32	529	50	260	6	1356	958	10286	3948	1202	11	118	1	197	9	1	87	201	8	106
HG04147	199638	28	27	323	38	219	1	147	11	24036	9253	2386	12	358	1	237	20	1	1	277	3	278
HG04148	202045	22	27	364	45	277	2	152	16	23588	9149	2523	13	355	1	284	13	1	1	319	2	295
HG04149	147804	5692	5370	335	196	1101	882	95	21	484	4	11	0	20	0	114	23	2	279	111	4	1
HG04150	118121	5744	5513	278	66	814	568	133	11	615	2	6	1	17	1	132	32	1	189	32	5	2
HG04151	138549	6130	5837	350	69	1119	849	161	25	671	8	8	2	26	0	161	37	2	289	73	3	1
HG04152	136297	44	49	576	110	2332	1400	275	63	8353	3750	691	17	141	0	123	8	2	154	87	20	27
HG04153	145751	38	51	698	48	4155	1974	190	69	459	8	29	2	25	0	144	32	1	258	25	10	4
HG04155	120085	36	38	433	44	3842	1869	135	57	376	4	31	1	18	1	83	11	1	144	53	8	0
HG04156	151772	41	31	7352	5155	2157	955	279	27	390	8	22	1	27	1	77	29	0	133	44	8	0
HG04157	152739	30	40	6948	5034	2293	1096	166	32	411	3	16	1	31	0	61	7	2	200	34	7	1
HG04158	112692	39	41	619	41	4276	2321	150	56	337	6	43	3	28	2	62	11	3	247	86	8	1
HG04159	159394	5818	5408	643	73	2495	1169	193	56	640	10	30	0	32	0	123	35	1	176	98	29	1
HG04160	125974	35	29	353	23	4246	2286	53	67	350	6	23	1	19	0	66	9	3	195	65	3	0
HG04161	194573	45	27	16327	11558	273	1	461	23	346	2	27	1	34	1	74	59	3	117	31	42	2
HG04162	171858	33	33	16041	11554	2279	808	320	45	381	0	62	1	41	0	68	102	4	315	17	30	0
HG04164	179537	37	44	14441	10278	1099	861	343	16	334	2	30	0	50	0	110	39	2	251	145	68	2
HG04171	216863	5152	5011	22365	14771	316	1	253	24	477	3	14	2	25	0	104	98	4	276	40	27	0
HG04173	159148	5537	5357	6984	4982	205	3	300	14	525	1	10	2	34	2	153	20	1	189	92	25	3
HG04174	115645	4838	4668	201	63	1004	602	106	55	484	6	12	0	16	1	198	29	1	308	64	16	3
HG04175	147628	4804	4585	6460	4979	175	5	174	49	524	20	11	0	26	1	154	18	2	232	17	22	0
HG04176	79037	31	25	371	51	2142	1055	145	9	247	5	7	2	19	2	105	11	0	143	21	9	0
HG04177	124122	40	42	523	27	4587	1911	137	75	341	4	18	1	12	0	63	7	2	192	53	6	2
HG04180	159300	35	36	13092	9266	2120	1021	267	28	443	4	31	1	35	0	77	63	1	185	38	7	0
HG04182	114918	56	72	362	62	2512	1771	126	50	310	5	10	2	20	1	93	5	0	208	156	12	3
HG04183	204617	36	63	10649	7139	297	2	2223	1012	924	1	10	1	39	0	56	64	0	317	33	52	1
HG04184	114685	51	44	317	22	1177	557	1246	714	734	2	9	4	20	0	82	6	1	255	84	0	1
HG04185	163365	38	31	21329	13958	2081	1257	350	50	348	5	71	2	27	0	72	117	2	265	73	84	1
HG04186	140272	36	35	563	48	1936	1275	2163	823	560	3	7	3	40	0	122	14	0	249	77	7	2
HG04187	182265	35	30	22379	14386	350	3	1902	835	486	7	41	0	25	0	55	102	1	441	59	61	0
HG04188	248590	27	32	31805	22495	415	4	492	24	337	9	71	1	43	0	100	128	3	369	62	57	0
HG04189	125496	4733	4551	460	67	1607	668	180	11	456	11	6	0	15	1	160	9	1	174	103	16	2
HG04191	167769	37	33	12781	8799	1466	877	203	24	307	4	19	1	36	0	69	39	1	268	84	35	0
HG04192	122888	35	75	295	50	1293	831	144	6	7405	3002	868	15	176	1	167	8	1	128	134	5	47
HG04193	115277	25	49	319	56	2244	1663	139	16	330	9	10	0	32	0	96	10	2	238	108	3	3
HG04194	125329	24	45	642	43	285	2	2024	1723	926	5	7	0	19	0	91	4	0	231	66	17	0
HG04195	109014	41	30	650	91	742	465	1349	972	608	6	12	1	37	2	66	6	0	235	94	16	2
HG04198	244944	28	42	30264	21433	405	3	639	18	481	4	28	1	57	2	81	71	3	441	110	123	3
HG04199	202523	31	28	24876	17640	242	5	321	17	289	4	25	1	29	0	49	77	5	336	33	60	0
HG04200	205773	36	41	25221	18149	371	2	568	24	399	5	33	1	47	0	75	73	4	277	104	94	1
HG04202	117373	28	38	681	81	1604	591	2421	902	603	10	11	2	24	1	110	7	0	333	94	14	0
HG04204	129288	36	35	349	41	4117	2480	95	32	263	2	34	0	20	0	83	6	1	214	99	1	0
HG04206	74303	40	26	199	28	1606	1159	114	5	219	2	22	0	10	0	112	5	1	104	25	12	0
HG04209	177042	30	26	19205	13578	227	0	261	50	482	5	19	1	37	0	94	46	2	303	44	89	2
HG04210	273814	45	27	40745	27143	434	4	746	47	372	5	95	3	81	1	100	152	4	452	93	114	1
HG04211	150119	30	23	17842	11291	1203	431	228	15	244	5	31	1	22	2	72	56	2	210	141	11	1
HG04212	165700	39	39	13363	9780	1879	856	359	23	359	4	13	1	28	0	110	25	0	243	124	48	1
HG04214	120099	48	49	612	104	3554	2396	237	44	389	6	17	1	24	1	89	5	1	261	9	12	0
HG04215	129952	43	31	380	34	4130	2479	122	33	275	2	35	1	18	0	114	8	0	210	123	8	0
HG04216	110959	27	41	564	23	1627	756	2310	768	524	5	38	1	17	0	98	4	0	158	124	8	1
HG04217	196589	24	31	22167	16062	424	2	356	22	357	0	54	0	48	0	102	67	4	272	104	75	1
HG04219	105264	5303	5021	379	77	124	2	141	32	705	5	7	2	18	0	202	53	1	117	112	20	2
HG04222	232230	38	56	32727	22409	271	0	430	50	414	5	47	3	27	1	161	53	1	230	50	23	2
HG04225	191988	3031	2666	18127	12000	534	0	335	99	327	1	26	0	24	1	426	68	1	270	69	57	1
HG04227	170693	31	37	646	54	4243	2796	190	64	553	0	23	2	32	0	112	10	1	291	104	7	3
HG04228	105420	30	32	221	51	2038	1199	79	9	303	3	5	0	21	1	79	5	0	201	187	1	0
HG04229	107150	4572	4412	478	56	1108	476	228	18	345	4	8	3	28	1	102	25	2	184	165	7	1
HG04235	213048	27	43	26806	18121	333	1	310	17	556	4	133	2	30	1	72	131	1	246	96	72	1
HG04238	174485	32	30	18393	12697	181	0	297	54	272	5	9	0	22	2	49	45	2	138	84	40	0
HG04239	135176	3293	3025	589	135	2227	1105	189	23	560	4	21	2	16	0	148	20	2	241	39	7	3
NA06984	100948	20	31	369	23	2579	1749	87	27	348	0	6	2	15	1	82	8	1	134	80	7	1
NA06985	127426	5292	5071	414	89	181	23	2737	1160	628	2	13	2	22	0	132	18	0	185	61	6	1
NA06986	136114	45	26	7010	4023	1903	718	167	46	362	1	29	1	14	1	63	39	0	161	47	33	0
NA06989	75802	42	31	290	31	1472	892	128	10	262	2	4	1	12	0	88	2	1	96	129	6	0
NA06991	116549	4291	4125	252	114	131	9	102	24	6131	2607	468	5	120	0	97	20	0	114	143	5	56
NA06993	148142	28	27	8882	7001	177	0	113	22	7024	3059	536	15	137	1	94	37	0	150	134	65	57
NA06994	86554	25	39	282	25	1853	1098	121	7	236	3	5	2	16	1	79	23	0	89	84	6	0
NA06995	107786	31	40	386	22	338	1	3904	2156	794	3	5	0	18	0	79	10	1	198	35	7	0
NA06997	124784	31	30	313	21	3456	1523	55	98	370	1	29	2	22	0	65	43	4	235	57	2	2
NA07000	111631	34	35	520	23	1548	595	2732	1195	700	7	28	1	18	1	96	36	3	185	34	3	0
NA07014	122697	4264	4101	401	100	2083	899	61	127	368	1	31	0	16	0	95	57	1	245	105	26	1
NA07019	142558	4083	3712	325	175	1910	1217	101	69	410	3	19	0	8	0	190	80	1	295	47	6	1
NA07022	157935	8096	7815	262	45	1830	1185	104	79	407	9	22	0	37	2	146	76	1	303	61	6	1
NA07029	81220	43	33	181	15	2201	1074	66	77	330	0	33	0	11	2	98	36	3	133	60	3	0
NA07031	95036	44	34	237	18	2530	989	78	63	343	2	17	1	14	1	84	41	1	136	92	3	0
NA07034	124979	4737	4552	285	34	997	1125	111	10	416	5	10	0	17	0	156	26	1	207	61	19	0
NA07037	111034	3382	3208	283	70	195	3	2882	1248	620	3	29	1	13	1	119	25	0	145	44	13	0
NA07045	126551	4042	3859	277	67	1832	829	56	82	506	2	22	1	23	0	144	38	0	232	61	1	1
NA07048	123685	4918	4798	380	34	985	1157	129	12	464	5	9	0	20	2	110	20	0	169	111	14	0
NA07051	112621	8424	8050	262	81	115	1	82	19	545	3	8	0	8	0	123	45	0	158	72	17	2
NA07055	120378	4626	4510	233	29	1683	616	73	75	474	3	35	0	22	0	142	40	1	209	78	24	0
NA07056	170827	4011	3651	449	161	209	2	180	12	10839	4178	1156	5	163	0	242	25	0	110	160	5	122
NA07345	107680	26	33	393	14	2056	1098	75	154	506	3	26	1	13	0	53	27	1	190	66	3	0
NA07346	81622	2329	2227	159	43	1018	480	65	20	501	1	2	0	11	0	185	22	0	114	87	13	1
NA07347	93398	39	44	459	43	2246	1190	179	5	314	4	8	1	30	0	119	4	0	194	75	7	2
NA07348	90541	29	34	296	18	1098	1274	52	91	437	6	8	0	23	0	63	11	0	161	103	1	0
NA07349	87955	2522	2479	257	33	1103	685	87	27	578	2	11	0	22	0	147	26	0	235	81	11	0
NA07357	140732	36	34	10841	7600	1060	1200	221	9	368	0	10	1	20	0	63	16	2	146	112	39	0
NA07435	149613	31	32	428	43	2111	904	1263	1201	671	2	20	0	17	1	106	29	3	270	9	3	2
NA10830	111610	3156	2849	190	144	133	1	74	29	5686	2461	321	0	53	1	182	23	2	116	88	3	77
NA10831	136391	5822	5566	434	58	231	2	1252	884	712	4	17	2	37	1	116	51	0	363	28	4	0
NA10835	85775	36	37	193	17	2377	1073	92	6	242	2	9	0	14	0	98	4	1	114	97	0	3
NA10836	120111	33	35	250	24	2739	1364	50	46	392	3	16	3	17	1	77	30	1	192	43	1	0
NA10837	112117	29	27	346	16	1278	768	2283	889	570	0	4	14	27	0	89	15	1	202	79	6	0
NA10838	111264	1940	1683	247	20	1891	781	119	98	304	1	20	17	27	0	226	100	2	249	33	4	0
NA10839	136980	22	35	10031	6695	1370	827	181	26	365	4	7	24	20	1	123	47	0	225	76	31	0
NA10840	113939	2740	2336	290	21	1820	1050	102	124	257	0	25	1	18	0	304	55	1	195	31	22	2
NA10842	117249	34	40	456	28	1904	1107	1435	970	589	0	4	1	26	1	71	14	0	376	36	3	2
NA10843	157627	27	47	8117	6246	2044	956	201	109	370	2	26	0	35	1	99	27	1	272	28	35	0
NA10845	150117	8446	8244	289	122	1585	742	73	12	467	1	8	0	20	1	161	31	0	334	69	4	2
NA10846	98003	3984	3864	218	75	1066	564	110	25	253	8	4	0	23	0	102	24	0	179	94	17	1
NA10847	115395	3453	3179	300	155	941	479	134	11	421	8	8	0	19	0	107	17	0	128	68	4	1
NA10851	123414	40	40	352	43	2052	1016	118	144	3005	939	230	1	94	1	98	39	1	142	19	4	20
NA10852	104703	2850	2511	230	33	989	416	151	159	358	5	6	1	12	1	339	40	0	135	28	27	0
NA10854	111815	33	50	218	44	1179	754	101	6	7234	2995	483	23	156	0	143	9	4	70	149	4	79
NA10855	101977	3687	3470	155	74	104	18	66	25	2885	864	429	14	100	0	161	23	0	87	39	4	22
NA10856	132741	3171	2712	319	41	360	3	120	128	6928	3007	527	4	235	0	358	34	1	122	143	17	82
NA10857	185534	37	36	12834	8842	2832	1892	114	86	381	3	25	19	40	0	70	102	1	347	38	73	1
NA10859	125579	34	46	10222	6733	672	228	130	32	499	2	21	2	22	0	67	63	0	228	114	36	0
NA10860	123976	33	20	413	37	1831	925	2861	1404	645	1	22	0	20	0	115	26	3	256	46	2	2
NA10861	142630	37	36	589	94	314	1	4411	2532	987	5	7	12	27	0	87	20	0	344	37	9	0
NA10863	121320	3088	2572	350	19	1505	410	170	116	317	6	6	1	25	0	329	23	0	248	100	28	1
NA10864	144418	8281	8001	241	61	1435	543	122	16	402	3	6	2	21	0	210	25	1	238	74	3	1
NA10865	143955	5256	5013	266	37	1830	1095	88	66	703	6	8	1	24	0	155	46	1	238	76	19	1
NA11829	119081	34	40	208	39	1407	622	136	9	7665	3270	593	5	235	1	197	10	0	72	212	2	74
NA11830	126197	3350	2810	387	21	325	1	1761	883	486	2	5	0	15	0	326	31	0	146	27	24	0
NA11831	93631	34	38	223	25	684	850	74	7	2906	859	416	6	123	0	117	8	1	89	110	6	22
NA11832	93218	3422	3272	217	84	767	458	108	25	261	5	8	15	13	0	102	19	0	112	55	5	0
NA11839	106353	28	42	238	49	1505	546	127	11	6989	2765	488	7	150	0	139	5	1	121	206	6	82
NA11840	101570	24	35	225	13	2672	1413	97	6	272	2	7	11	16	1	116	8	1	125	70	4	2
NA11843	130264	31	27	11570	7628	192	0	222	16	6723	2418	501	7	127	0	55	7	2	88	118	26	55
NA11881	96140	31	38	245	29	1559	758	59	18	437	2	21	0	14	0	89	45	2	100	113	0	1
NA11882	153200	3181	2940	9825	6733	311	3	211	35	458	3	9	1	44	0	182	58	1	299	85	43	0
NA11891	145313	8753	8291	280	60	155	4	129	17	735	5	5	0	17	0	197	48	0	278	59	39	1
NA11892	136856	34	36	9891	6173	1625	927	181	87	409	6	2	0	13	0	67	57	0	207	87	38	0
NA11893	165692	8183	7820	362	55	1727	723	160	56	496	5	16	3	20	0	169	34	2	247	83	8	0
NA11894	98924	30	73	252	21	2741	1069	98	79	366	3	19	0	14	0	89	2	1	130	62	5	1
NA11917	119328	36	50	504	19	1215	605	1586	1079	535	4	8	0	22	0	94	5	2	381	48	7	1
NA11918	126561	4289	4060	467	125	1818	1128	128	81	397	7	9	1	22	1	111	37	3	194	88	6	2
NA11919	137234	2589	2482	8322	6453	114	1	264	35	593	3	17	2	25	0	166	48	0	111	64	58	1
NA11920	111400	27	33	322	25	2574	1436	81	101	314	4	19	0	9	3	94	30	2	138	98	5	0
NA11930	106074	2983	2793	317	116	1563	627	128	5	377	2	7	1	20	0	137	16	1	163	45	9	0
NA11931	141903	7697	7424	384	75	1425	632	108	15	546	5	19	0	11	0	139	39	1	197	57	4	1
NA11932	111567	24	34	492	36	204	0	1431	1002	6694	2769	538	4	204	1	76	9	0	84	118	3	86
NA11933	132723	29	31	8130	6245	1521	644	210	66	334	2	22	0	13	0	111	42	2	122	11	53	0
NA11992	118113	31	38	393	19	1422	408	2855	1255	579	2	9	0	17	0	95	22	0	175	93	6	0
NA11993	113813	27	25	306	16	3487	1693	63	156	354	3	33	0	23	1	115	26	5	209	36	4	2
NA11994	155185	37	29	13148	8347	255	1	3302	1743	587	2	10	17	23	0	44	25	2	208	31	18	0
NA11995	112401	25	25	523	67	213	3	2275	1702	897	0	4	0	11	0	65	15	1	209	11	10	0
NA12003	115667	2392	2133	263	18	1628	616	183	82	325	0	3	2	20	0	313	59	0	172	86	6	2
NA12004	113863	22	34	568	31	1873	871	2023	826	700	3	22	7	24	0	89	36	1	163	40	8	0
NA12005	160288	30	26	17683	11827	188	1	283	37	336	4	9	12	25	0	66	62	4	158	81	91	2
NA12006	111258	4907	4715	339	29	1452	766	225	10	522	4	9	1	10	0	211	32	0	185	62	10	1
NA12043	148545	45	43	711	45	3057	2039	2726	1269	738	5	19	22	21	1	118	21	1	210	26	13	0
NA12044	171679	2853	2791	12985	8714	140	0	173	48	643	6	10	0	24	0	173	104	1	143	92	105	0
NA12045	165561	2790	2426	389	47	344	2	163	174	11153	4529	1189	8	181	1	372	37	0	67	182	23	97
NA12046	88342	35	34	190	42	766	378	115	11	6808	2805	405	8	107	0	149	4	1	32	104	0	72
NA12056	88181	38	30	329	27	176	0	2111	1007	3003	905	255	3	100	0	73	6	0	152	15	1	10
NA12057	159539	52	48	522	43	2216	1051	2434	1207	742	4	18	1	26	0	173	48	1	338	43	5	1
NA12058	119067	3007	2489	537	17	1857	784	136	89	353	2	17	0	25	0	221	42	2	215	37	20	3
NA12144	92035	31	58	507	32	1167	512	1526	958	572	7	6	2	16	0	135	5	1	197	48	13	1
NA12145	101694	3898	3725	147	87	1346	404	84	23	219	4	6	13	25	0	97	24	1	254	142	20	0
NA12146	171541	3543	3292	284	157	149	1	153	16	9689	4233	564	7	181	0	171	25	0	166	142	3	105
NA12154	123718	3383	3082	395	110	1849	718	128	69	389	8	26	0	13	1	193	42	1	158	60	4	0
NA12155	144522	8586	7944	369	38	251	6	150	135	417	2	7	1	17	0	378	47	1	161	48	18	1
NA12156	104719	22	50	359	18	155	2	1386	986	4882	1556	737	2	166	0	104	10	1	74	2	6	38
NA12234	81313	31	44	214	39	2220	962	126	29	297	2	5	1	15	0	76	13	1	118	65	5	1
NA12236	111443	32	46	294	25	227	3	1320	795	6336	2744	317	4	46	1	95	4	0	109	59	3	80
NA12239	97525	28	38	197	33	2477	1372	61	72	432	4	24	0	19	1	68	23	0	173	64	2	0
NA12248	90794	34	39	246	21	2117	1298	114	9	276	1	6	2	16	0	114	7	0	138	47	7	0
NA12249	114039	28	67	382	28	3498	1548	127	83	449	4	42	1	26	0	112	27	0	178	162	9	1
NA12264	181581	3348	2835	9806	6596	320	1	152	116	311	3	8	0	26	0	334	120	2	293	37	89	0
NA12272	144663	33	32	11917	7690	205	0	2488	839	665	3	7	1	20	0	66	36	1	142	39	29	4
NA12273	120046	27	41	10159	7051	1161	783	219	26	324	1	5	13	14	0	99	38	2	119	76	6	0
NA12274	137967	34	31	364	22	3992	2041	82	63	431	2	34	12	29	0	71	29	2	311	40	7	1
NA12275	103774	29	20	385	21	1045	523	1951	909	549	3	6	0	15	0	88	7	1	160	33	2	0
NA12282	109263	41	49	349	52	3282	1420	121	70	387	6	16	2	10	0	102	26	0	124	116	9	3
NA12283	134646	32	57	650	32	2138	920	2524	1121	842	7	25	0	21	0	93	25	1	210	78	13	2
NA12286	119037	2906	2465	523	41	1887	755	147	98	374	6	22	1	22	1	323	30	0	317	46	28	1
NA12287	117727	33	35	346	23	3515	1831	81	109	473	2	45	0	23	1	134	70	2	173	27	4	1
NA12329	98412	32	42	281	16	2714	1508	87	25	325	4	3	0	20	1	113	5	1	140	47	7	0
NA12335	128702	3451	2979	244	22	1673	645	119	140	213	0	6	0	12	0	296	23	0	185	118	15	0
NA12336	109440	35	33	242	29	2594	1748	39	15	334	5	7	1	25	1	99	10	0	131	50	1	1
NA12340	98598	36	38	389	31	2535	1204	117	16	243	2	13	0	18	1	86	7	0	156	141	5	3
NA12341	149576	3668	3079	378	46	414	1	169	142	7546	3279	623	6	191	1	423	26	0	100	159	24	98
NA12342	103166	34	38	259	20	2922	1257	77	14	300	7	8	2	14	0	103	9	0	111	178	4	2
NA12343	101980	31	41	249	26	2220	1637	104	13	303	6	13	0	26	1	92	6	0	237	75	5	3
NA12344	92453	1806	1497	162	16	1368	568	102	52	289	3	9	0	17	0	310	52	1	159	37	3	0
NA12347	141238	34	35	10557	7088	1587	728	253	60	334	4	7	1	20	1	128	37	1	148	80	49	2
NA12348	108145	2072	1739	214	41	287	3	125	83	6305	2796	194	3	193	0	236	58	1	70	124	2	97
NA12376	99471	34	47	228	43	2651	1236	76	73	308	4	16	0	22	0	95	25	2	163	59	3	0
NA12383	96661	31	32	218	53	1186	489	98	9	6009	2491	482	2	162	1	141	6	0	42	123	2	59
NA12386	132404	41	32	8513	6607	144	0	869	426	568	3	5	1	17	1	49	16	1	233	24	59	0
NA12399	163618	34	51	9917	8006	1483	829	381	23	320	3	7	1	21	1	94	32	3	202	40	75	2
NA12400	120185	46	37	629	11	189	2	2850	1549	955	2	5	0	8	0	126	20	0	244	29	4	0
NA12413	124352	3022	2574	523	27	438	1	1989	1029	568	6	12	0	21	0	336	17	1	225	29	17	3
NA12414	104160	30	46	284	16	2902	1169	88	73	424	0	18	1	40	1	71	10	0	124	83	3	2
NA12485	113883	26	19	442	25	1898	605	2000	1037	654	2	15	0	23	0	101	16	0	179	9	4	1
NA12489	88930	30	27	238	28	2256	1104	95	38	248	6	19	0	10	2	95	14	1	87	70	3	0
NA12546	100118	41	48	348	36	2747	1305	137	58	321	2	28	2	14	1	93	13	0	168	60	3	1
NA12707	97922	39	49	243	23	2582	1252	66	109	543	3	22	0	18	0	75	18	1	174	70	7	2
NA12716	116915	20	43	334	28	2916	1439	180	91	423	4	17	2	15	0	118	40	3	174	76	10	2
NA12717	108556	26	32	403	53	1915	660	130	111	6952	2774	568	8	118	0	132	18	1	72	109	9	71
NA12718	129988	5636	5350	265	33	1348	979	108	13	370	6	3	0	13	2	183	25	0	148	68	14	0
NA12739	113181	3204	3013	237	44	1786	808	79	60	395	3	40	1	22	0	111	43	1	167	72	7	0
NA12740	103917	31	26	460	30	256	1	1260	746	857	3	29	0	21	1	61	8	3	218	55	7	1
NA12748	119089	3482	3340	282	80	1445	714	148	12	360	5	22	1	15	0	99	35	0	135	72	5	0
NA12749	110789	3178	3018	328	85	1723	787	156	54	405	5	36	0	22	0	104	33	1	147	104	8	1
NA12750	70146	36	44	318	47	846	659	88	95	445	1	1	1	5	0	65	2	0	91	18	7	1
NA12751	149244	32	52	486	26	2155	965	1433	954	1038	2	46	2	22	0	98	9	0	211	61	7	0
NA12752	93245	3675	3515	165	66	982	317	90	37	180	2	4	0	17	0	78	15	0	117	126	23	0
NA12753	91466	31	37	236	18	2547	1594	93	50	282	2	7	1	13	1	98	36	2	137	50	9	1
NA12760	105590	4238	4072	445	69	1579	591	175	32	272	9	7	1	21	0	108	20	1	250	186	29	2
NA12761	97609	29	30	248	19	2558	890	154	21	277	3	5	0	9	2	116	3	1	118	178	4	1
NA12762	104206	36	33	296	30	2331	1380	110	12	259	5	6	0	13	0	133	5	0	112	86	4	0
NA12763	123764	36	37	267	35	3309	2108	128	61	342	5	7	1	18	1	93	45	1	181	52	4	0
NA12766	129704	5663	5491	278	55	1615	581	86	11	394	2	9	1	18	0	142	35	0	213	146	4	1
NA12767	151061	2896	2472	7805	6438	311	1	218	56	260	2	7	10	21	0	348	45	0	213	23	62	1
NA12775	108231	4635	4522	417	94	1122	423	123	24	346	4	2	1	16	0	124	17	0	124	58	8	1
NA12776	95030	29	29	385	15	1394	470	1059	1108	408	1	8	0	16	1	64	8	0	135	106	3	1
NA12777	118249	31	42	7797	6068	986	475	183	71	252	2	45	18	22	0	72	41	0	103	25	51	2
NA12778	110945	5696	5122	341	64	274	4	113	35	287	0	21	1	8	0	324	39	0	114	45	21	2
NA12801	86588	22	31	174	30	2215	1322	66	3	261	6	6	0	19	0	119	8	0	134	74	4	2
NA12802	111725	19	34	262	40	2641	1656	84	13	468	6	50	0	17	0	142	35	0	203	86	6	0
NA12812	112496	39	44	297	29	2781	1321	102	73	417	2	31	0	14	0	138	6	0	120	62	3	0
NA12813	155069	61	55	347	35	2238	1137	191	13	10313	4249	817	5	213	0	204	18	1	73	213	11	115
NA12814	108078	22	33	387	33	1085	616	2717	1239	551	4	8	1	13	0	143	7	1	150	68	8	0
NA12815	125565	36	35	435	40	3592	1831	63	113	584	2	64	0	15	2	102	60	0	201	41	6	1
NA12817	127348	3505	2974	299	35	1551	597	144	134	320	2	5	20	20	0	354	21	0	201	54	19	3
NA12818	90697	47	32	239	53	1880	1101	127	7	232	3	2	0	11	0	153	9	1	123	116	4	1
NA12827	124623	40	58	384	23	2315	1620	126	20	362	6	4	1	17	1	139	8	0	149	126	2	0
NA12828	113059	3318	2780	329	31	841	454	134	116	250	4	7	8	9	0	297	24	0	149	113	19	0
NA12829	141811	44	32	345	83	1230	540	144	15	9320	3851	776	5	210	3	202	13	0	101	213	3	92
NA12830	102367	26	26	387	49	1164	538	1145	687	592	4	3	0	20	0	97	3	2	161	43	6	1
NA12832	103441	28	62	291	57	1010	733	1140	733	587	3	5	1	30	0	85	10	1	183	81	1	0
NA12842	96728	38	30	364	44	1448	559	1051	670	693	4	19	0	11	2	43	21	0	122	23	17	0
NA12843	104693	30	53	9685	6976	1050	783	214	22	230	2	5	0	28	0	79	23	1	173	66	48	1
NA12864	78474	30	44	245	27	1760	828	50	11	303	1	6	0	10	0	69	3	1	82	136	3	0
NA12865	152159	7964	7699	426	51	338	1	1249	673	789	2	10	0	27	0	131	26	2	380	78	7	0
NA12872	154398	34	38	13170	9027	1424	462	257	13	473	4	14	0	27	0	116	35	1	169	71	17	0
NA12873	132827	31	49	527	53	3223	1797	206	28	428	7	9	1	21	0	60	29	1	288	109	14	2
NA12874	134247	31	46	471	19	2800	1845	1486	831	730	5	20	0	17	2	73	16	2	204	38	8	2
NA12875	148961	7748	7438	415	55	321	4	1503	1094	661	6	9	0	33	1	122	21	0	357	55	5	1
NA12877	153038	40	40	376	33	265	1	3530	1266	12360	5719	898	1	211	0	232	8	1	176	72	4	137
NA12878	117337	28	43	401	34	1322	774	1211	735	669	3	6	0	18	0	77	5	0	200	54	13	2
NA12889	132963	37	38	814	54	346	0	4214	1419	1042	5	36	3	26	0	82	10	1	280	42	12	0
NA12890	180560	33	31	331	62	265	0	212	14	23125	9781	1942	20	376	3	278	15	0	1	173	4	271
NA12891	104612	48	37	272	90	2387	1452	86	12	282	4	7	0	24	1	71	11	2	220	92	7	3
NA12892	108091	30	41	310	19	187	2	3608	1852	975	3	5	0	21	1	72	9	1	196	19	2	1
NA18484	119511	2298	1812	325	27	3032	956	124	27	315	6	18	0	21	0	356	21	1	237	32	16	0
NA18485	160006	1917	1638	321	25	3303	2081	165	72	558	1	10	1	26	1	369	68	0	276	54	43	1
NA18486	100851	5800	5264	333	56	386	4	129	14	194	5	7	0	8	1	288	22	0	167	52	9	0
NA18487	102404	1802	1542	244	25	1234	230	179	48	363	4	6	0	27	1	321	75	1	171	50	42	0
NA18488	113226	52	46	295	41	4564	1770	108	23	307	5	37	0	18	1	66	7	0	139	38	11	0
NA18489	270796	516	500	783	49	7488	3616	508	102	1323	5	25	1	44	1	576	49	1	298	129	134	1
NA18497	73423	2449	2122	152	31	135	3	138	15	281	3	3	1	11	1	491	96	1	112	48	36	0
NA18498	120300	1689	1422	308	22	144	1	109	23	263	1	148	0	13	0	509	101	2981	2125	40	72	1
NA18499	116582	1565	1351	10579	7174	143	2	223	34	392	6	7	2	23	0	353	52	0	141	45	54	1
NA18500	107810	7333	7024	176	159	78	0	62	54	436	9	7	2	17	1	121	42	0	214	28	26	2
NA18501	120966	3432	3291	1737	1317	109	0	151	23	365	3	13	0	11	1	98	43	0	106	23	34	0
NA18502	96966	4892	4662	253	134	159	2	134	40	383	3	6	2	9	1	388	66	0	125	42	41	1
NA18503	111891	1207	1199	10884	7075	171	1	141	49	526	1	7	0	20	0	131	39	0	131	100	2	0
NA18504	69165	1353	1290	155	22	182	1	124	42	479	2	11	2	11	0	220	46	1	64	108	27	0
NA18505	140838	44	31	13086	8661	266	0	1956	1015	693	5	12	0	33	3	118	24	5	233	48	24	4
NA18506	118070	37	47	404	30	479	1	1805	910	676	31	7	0	40	0	79	6	0	199	105	11	282
NA18507	114469	1928	1552	366	49	509	1	154	30	480	11	8	0	33	1	337	19	1	160	116	25	318
NA18508	169075	35	48	511	95	3707	1452	2609	1521	762	5	33	0	37	0	74	21	1	186	73	8	1
NA18510	109120	1792	1561	305	15	258	1	123	92	312	3	7	0	9	0	2359	1442	0	149	76	17	0
NA18511	191309	49	33	2759	2124	3786	1454	156	53	585	5	38	0	65	0	82	197	1	131	86	33	19
NA18515	115702	1907	1760	710	563	221	1	84	120	311	3	10	0	16	0	110	54	0	103	15	17	0
NA18516	125636	1885	1739	434	45	555	1	295	311	401	1	7	0	27	2	132	60	0	124	74	20	361
NA18517	124331	3818	3660	874	733	238	1	175	31	473	4	9	2	10	0	102	47	1	94	31	46	3
NA18518	188680	2406	1973	413	64	3468	2135	196	184	474	2	35	1	54	0	442	66	3	392	113	17	1
NA18519	117383	1143	1074	381	52	2294	1370	167	50	319	6	8	1	19	0	320	32	0	171	92	32	2
NA18520	91755	1383	1098	8076	5086	161	1	174	56	341	3	25	0	18	1	222	44	2	111	31	20	2
NA18521	157927	26	36	10806	7314	179	1	161	59	283	10	43	0	24	0	44	55	4	104	17	37	0
NA18522	115514	32	34	900	676	190	0	819	769	590	2	7	0	24	0	103	10	0	98	24	27	0
NA18523	179673	30	27	12938	8897	279	0	249	52	389	7	124	22	12820	6038	42	41	2	138	79	49	2
NA18525	132661	5624	5264	378	246	1305	578	189	31	543	3	8	1	26	1	105	30	1	178	62	7	0
NA18526	105891	29	35	228	27	2468	1411	98	10	284	1	7	2	9	1	109	5	1	109	65	8	26
NA18528	73962	32	39	171	9	1697	786	27	10	357	1	4	0	8	0	75	6	0	60	4	1	0
NA18530	159514	5759	5433	414	196	1948	988	175	36	630	6	9	1	23	0	129	26	0	194	118	2	2
NA18531	93474	32	33	219	14	2217	1282	57	44	313	1	5	0	14	0	61	39	0	108	55	3	2
NA18532	88854	28	32	213	14	2396	1102	103	8	306	4	2	0	11	0	143	4	1	113	38	1	1
NA18533	115671	58	45	349	41	3821	1948	55	87	570	3	30	0	12	1	103	11	1	130	37	6	0
NA18534	154350	41	34	12173	8314	210	0	1999	957	506	2	7	2	18	0	84	39	0	134	32	95	2
NA18535	158944	33	39	5973	3552	2839	1270	189	104	514	1	20	0	25	1	73	15	1	152	21	58	0
NA18536	106023	33	32	340	45	2558	1156	147	16	330	1	8	2	17	1	93	6	0	179	38	7	2
NA18537	119702	38	33	431	25	3654	1721	104	90	556	3	23	1	16	0	122	4	1	152	55	4	0
NA18538	183116	47	41	14248	10066	1620	869	282	20	434	5	40	0	20	2	89	83	1	191	10	47	1
NA18539	113011	43	20	458	65	1272	711	1034	818	531	6	12	1	15	0	118	7	1	175	118	3	3
NA18541	121134	6588	6324	364	69	917	351	146	71	505	7	10	1	24	1	124	28	1	217	21	2	0
NA18542	99798	4742	4383	268	27	1083	548	101	12	474	4	24	0	13	1	86	17	3	155	55	20	1
NA18543	106570	30	35	259	30	3035	1898	60	9	411	2	17	0	7	0	90	8	0	125	63	3	0
NA18544	192933	40	31	7938	5600	2153	1060	203	42	480	8	19	0	24	1	180	32	2	101	48	115	3
NA18545	112631	37	43	338	25	1803	812	1764	1002	473	6	10	0	32	0	98	11	0	124	58	6	3
NA18546	167388	5440	5116	6319	3723	169	3	244	40	506	3	4	1	21	0	91	24	0	158	87	39	1
NA18547	181408	6891	6376	582	191	2006	958	222	67	756	6	42	1	28	1	255	37	2	244	127	5	3
NA18548	112696	35	26	439	25	1470	663	2056	1204	566	6	7	1	10	0	88	8	0	164	44	8	17
NA18549	128460	5627	5304	294	94	1146	635	139	39	589	3	5	0	13	1	102	46	1	140	128	6	0
NA18550	109262	4321	4165	312	58	861	499	83	9	352	1	4	0	12	0	81	22	0	126	61	5	1
NA18552	164134	25	33	14339	9513	1601	1205	274	27	255	2	34	3	24	1	74	13	1	164	30	35	0
NA18553	196882	5650	5275	619	168	3461	2105	179	122	544	2	29	0	33	0	182	41	1	297	88	5	1
NA18555	155372	20	35	457	32	4092	2326	147	106	445	4	23	1	24	0	181	75	0	181	40	8	1
NA18557	140226	34	51	319	23	3683	1995	160	18	297	6	6	1	14	0	87	8	1	194	55	2	37
NA18558	183820	5435	5144	13326	9140	293	0	290	25	499	5	30	2	38	0	116	148	1	235	67	19	3
NA18559	120025	50	36	442	92	2289	815	1266	763	842	3	26	0	12	1	117	7	1	163	82	6	2
NA18560	159120	26	34	13935	9575	260	2	1325	776	504	2	22	0	18	0	102	59	0	214	76	9	2
NA18561	139076	36	27	655	28	1851	950	2455	1465	694	5	12	2	28	0	167	57	0	328	33	8	0
NA18562	157364	49	39	11709	8172	1438	745	257	10	386	3	10	1	15	0	77	26	0	124	43	33	0
NA18563	130101	3064	2664	300	128	1503	756	110	8	362	1	21	0	14	0	143	34	0	130	47	4	0
NA18564	77947	30	26	183	49	1280	519	1805	773	492	7	6	2	10	0	30	5	0	80	18	11	1
NA18565	233440	16540	15714	738	207	355	6	291	108	1037	14	14	2	21	1	160	72	2	309	104	15	3
NA18566	139403	25	37	11421	7364	1345	816	201	61	322	3	9	6	33	0	72	75	4	273	33	62	1
NA18567	77450	37	41	205	24	1760	782	52	8	412	2	1	1	2	0	52	3	1	101	5	6	0
NA18570	144915	36	20	9467	6026	2668	1860	96	53	434	3	38	1	12	0	110	24	0	142	30	49	1
NA18571	77214	42	28	438	24	948	630	231	56	527	1	6	1	9	0	83	7	0	95	41	2	0
NA18572	162419	7801	7147	437	191	1215	353	177	40	683	5	12	1	22	0	175	41	1	220	105	7	1
NA18573	138100	36	31	409	17	3315	1965	145	50	559	6	78	2	23	2	204	8	2	166	74	4	0
NA18574	128106	28	39	7568	5042	1496	850	196	16	307	3	11	0	31	1	75	33	1	209	26	35	0
NA18577	122757	40	54	331	21	3829	2188	88	36	492	2	40	0	14	3	156	31	0	147	19	3	4
NA18579	162419	21	32	14072	9480	444	0	2684	1091	614	1	29	0	18	0	84	157	3	265	32	19	1
NA18582	165051	29	28	12562	9201	1735	865	220	68	355	4	32	2	18	1	101	94	0	140	17	22	0
NA18591	101800	2221	2189	243	63	1893	1013	111	4	434	4	2	0	10	1	177	37	2	131	38	9	0
NA18592	117314	36	30	408	47	1776	622	2337	1087	530	8	9	0	19	1	131	7	0	130	41	9	3
NA18593	117119	39	34	424	24	2310	934	1270	801	531	5	21	2	12	0	117	8	1	192	38	13	1
NA18595	181422	26	27	20617	14063	166	0	216	20	343	2	19	1	18	0	91	89	1	160	67	42	1
NA18596	75215	25	25	259	12	2005	1138	94	8	362	3	3	1	12	0	106	5	0	100	16	12	0
NA18597	105959	4259	4077	338	67	1256	642	101	32	256	3	6	0	10	0	74	7	0	159	39	3	3
NA18599	125771	38	52	10540	7228	1000	407	166	10	378	3	13	0	30	0	122	10	0	186	4	57	3
NA18602	88512	29	27	271	62	1913	1032	95	11	227	0	4	1	11	2	85	7	1	80	46	2	2
NA18603	192226	30	35	26652	18405	206	0	276	16	397	7	33	2	29	0	77	63	3	164	95	55	1
NA18605	104331	26	36	11129	7818	869	317	154	9	481	3	5	0	14	1	70	18	1	145	32	32	1
NA18606	119204	55	44	325	30	3961	1310	214	11	333	8	4	1	17	1	146	8	2	100	43	10	3
NA18608	141248	45	33	9572	6344	1140	501	167	14	262	1	5	0	19	0	74	17	1	176	37	38	0
NA18609	104869	44	29	342	18	2308	1321	137	41	347	3	8	2	20	0	92	17	0	129	82	3	2
NA18610	139808	5507	5183	507	166	209	1	2002	1024	549	0	3	0	14	2	121	28	1	207	66	5	0
NA18611	124795	37	40	316	50	1887	1057	1924	1073	705	5	2	0	14	0	145	68	1	211	38	8	0
NA18612	125693	42	57	449	43	3632	1499	171	5	404	6	7	2	16	0	133	8	1	155	41	5	1
NA18613	146146	33	25	14351	9784	1373	663	206	12	392	3	19	1	18	0	78	144	2	151	12	12	0
NA18614	157869	5389	5171	8540	5607	127	2	174	47	427	7	12	0	18	2	148	56	1	180	83	49	1
NA18615	116858	33	41	377	28	3404	1688	102	104	467	3	37	0	16	0	105	10	0	136	40	6	0
NA18616	93779	40	36	338	21	2602	1133	87	39	352	1	31	0	7	3	77	10	0	110	9	4	1
NA18617	147702	8025	7294	633	235	235	1	240	17	548	7	15	0	28	0	152	35	3	319	102	14	3
NA18618	130970	44	42	12581	8393	1619	572	182	16	378	24	10	2	9	0	87	7	0	134	21	31	1
NA18619	102585	30	32	377	19	2925	1639	98	50	298	6	25	1	20	1	103	11	1	130	57	4	0
NA18620	199285	5245	5060	13974	9237	216	0	268	23	513	2	30	0	23	1	137	42	1	206	174	57	0
NA18621	92792	30	42	369	31	2378	1177	92	21	332	5	18	0	26	0	110	16	1	127	34	4	3
NA18622	123430	30	41	553	29	321	2	3793	1726	925	3	7	1	19	0	148	11	0	229	42	7	1
NA18623	169756	38	40	18321	12478	1645	728	176	69	515	2	13	2	15	2	104	210	1	181	99	15	0
NA18624	101016	22	32	362	44	2313	1428	139	14	293	3	6	1	23	0	99	11	0	171	82	4	1
NA18625	105698	53	50	316	25	2710	1386	98	14	399	4	7	2	20	0	97	7	0	116	28	11	1
NA18626	112369	30	36	399	31	3313	1399	96	51	491	3	55	2	16	1	74	14	0	127	33	3	1
NA18627	106887	31	28	490	26	1695	852	1518	682	539	4	40	0	16	0	74	8	0	163	60	9	2
NA18628	140765	24	31	11429	8168	2066	894	188	8	266	5	20	2	22	3	81	8	0	110	37	25	3
NA18629	181437	40	48	16292	11942	1663	892	208	18	491	3	32	0	21	0	130	109	0	173	55	16	1
NA18630	155823	5940	5529	510	24	2140	1266	116	26	547	1	24	0	24	1	150	37	1	226	45	22	3
NA18631	187999	32	52	13755	9337	2364	1126	282	52	439	3	54	4	32	1	88	107	1	247	26	34	2
NA18632	151460	29	26	12602	8960	1663	820	226	49	385	6	53	0	18	1	106	4	1	128	16	18	1
NA18633	209612	9245	8671	786	203	2318	1060	156	101	759	2	62	1	20	0	249	50	2	221	207	11	4
NA18634	133765	35	32	14094	9353	1038	509	145	16	360	1	37	1	20	0	45	119	1	178	61	14	3
NA18635	117953	48	44	428	22	1846	797	2440	1225	613	3	5	1	20	1	55	16	0	177	32	2	0
NA18636	183907	27	32	15811	11147	252	1	2259	1773	635	5	28	2	27	0	88	129	0	268	26	16	0
NA18637	128245	23	33	10196	7037	1070	750	169	10	380	5	7	2	16	0	72	26	0	147	67	33	0
NA18638	192219	63	55	19012	12862	1553	747	254	18	702	3	13	0	29	0	140	36	2	232	61	64	2
NA18639	212994	22	35	18675	12100	167	1	277	16	300	1	15	2	35	0	165	25	2	291	58	148	0
NA18640	169857	37	34	11898	6851	1310	704	219	49	326	5	10	4	19	0	124	23	2	156	213	62	1
NA18641	161399	5654	5279	356	241	2214	1257	180	84	607	2	36	0	22	0	118	23	0	167	106	3	0
NA18642	143575	34	36	10865	7376	1320	596	224	16	395	1	17	1	37	0	98	21	3	239	47	58	12
NA18643	148644	36	28	11557	7433	1101	826	188	13	315	6	8	2	28	1	80	98	2	168	63	8	1
NA18644	235176	42	42	22180	15174	552	2	2323	950	743	12	41	0	59	0	128	69	2	500	42	31	0
NA18645	189200	24	43	25590	16576	273	1	305	12	297	2	12	1	22	1	66	37	4	235	26	68	0
NA18646	115606	31	35	12391	8186	1511	716	214	13	354	4	25	3	29	0	81	106	0	198	9	19	1
NA18647	143511	5597	5257	507	36	2083	1034	116	68	540	0	25	0	22	1	121	76	0	212	95	15	0
NA18648	122089	29	42	431	52	1230	850	1705	700	633	5	10	0	11	0	147	7	0	171	89	5	2
NA18740	105586	32	41	465	59	1556	647	1948	1235	583	5	5	2	23	1	127	8	1	201	20	12	0
NA18745	127224	42	25	9628	6371	970	456	300	29	313	3	17	1	22	2	71	21	1	236	23	38	0
NA18747	100842	33	40	256	29	2825	1462	97	16	260	0	6	0	12	0	69	9	0	141	17	1	0
NA18748	134018	41	68	571	38	3531	2122	96	46	737	3	45	1	25	0	137	7	2	216	39	7	1
NA18749	164823	22	27	17031	11704	1646	860	163	45	354	1	58	0	31	1	68	32	2	195	22	18	1
NA18757	135046	8568	8128	342	120	58	4	113	48	567	2	27	0	15	0	129	45	0	177	69	0	0
NA18852	114561	3218	2901	248	48	255	0	281	96	374	2	7	0	17	0	568	126	3	190	22	56	0
NA18853	105450	757	719	295	8	1878	1153	174	55	623	2	15	0	28	0	278	55	0	93	70	55	0
NA18854	111100	3228	2828	216	33	249	3	255	59	522	0	12	2	43	1	551	119	2	198	44	60	0
NA18855	137342	39	32	2046	1606	181	1	163	16	446	0	3	0	22	1	6868	4764	0	207	23	25	0
NA18856	159218	40	42	362	35	5200	2585	117	56	396	6	28	0	25	1	135	30	1	127	102	2	3
NA18857	142285	39	30	1995	1480	2397	1005	123	19	474	1	55	1	26	0	64	7	1	148	26	16	0
NA18858	110407	6286	5801	206	105	307	4	132	147	619	5	6	0	15	0	164	89	0	136	39	43	0
NA18859	118424	34	25	2570	1692	2216	978	94	16	461	8	23	0	10	1	78	140	0	97	29	36	0
NA18860	86756	1809	1576	2181	1473	209	0	92	92	425	2	5	0	11	0	137	182	1	94	43	40	0
NA18861	144436	31	33	8317	6212	205	0	156	22	541	3	13	3	18	0	87	164	0	75	29	46	0
NA18862	107535	1303	1295	269	44	3019	889	118	29	366	8	23	1	20	0	131	21	1	188	97	7	0
NA18863	139902	40	52	2251	1711	2871	934	90	23	386	6	29	0	27	0	90	8	2	150	23	12	0
NA18864	88214	2329	1991	246	11	135	1	212	94	443	1	1	0	11	0	363	80	0	114	39	62	1
NA18865	120524	1836	1546	263	44	2570	1106	124	31	404	6	16	0	14	1	509	79	0	121	35	26	1
NA18867	128069	2574	1988	437	115	179	1	256	249	388	1	26	1	12	0	266	86	1	97	34	19	1
NA18868	112681	4009	3854	354	136	288	0	105	34	473	5	49	20	11748	5610	93	21	1	71	67	22	2
NA18869	130994	6430	5676	209	138	144	4	160	213	426	2	18	1	10	0	314	74	1	230	61	32	0
NA18870	103709	1395	1316	336	28	215	2	162	34	292	7	7281	3876	12	3	381	86	0	33	44	27	44
NA18871	120744	617	547	544	134	2409	981	86	85	618	0	20	4	68	1	334	41	0	112	133	29	0
NA18872	114005	29	34	463	31	1870	772	47	62	384	7	7629	4054	55	0	30	10	0	84	71	1	39
NA18873	135205	55	45	376	23	2072	1124	277	215	464	2	24	1	39	0	156	10	1	163	123	7	239
NA18874	143230	15	37	5695	3979	2912	1237	148	9	543	3	28	1	15	0	115	8	0	122	12	7	1
NA18875	143243	27	33	357	29	3272	1309	243	216	512	0	14	0	38	0	108	21	0	186	113	7	241
NA18876	110122	3465	3444	255	58	2765	973	107	23	435	4	14	3	16	0	123	25	0	138	27	17	0
NA18877	118810	35	35	10720	7506	1593	847	58	45	452	1	38	0	9	0	72	15	2	123	21	14	0
NA18878	96968	3148	2846	313	22	359	1	115	81	472	5	3	1	17	0	125	99	2	125	124	15	1
NA18879	165164	1438	1413	521	85	3264	1537	194	73	796	3	25	0	25	0	174	23	0	171	139	6	1
NA18881	260283	59	64	9860	6764	5182	3174	232	126	798	2	42	1	45	0	243	14	3	261	39	14	2
NA18906	98572	3419	3409	238	67	1607	827	120	48	510	5	33	0	23	0	119	18	0	203	23	24	0
NA18907	113080	1286	1235	390	32	2617	1095	144	51	464	1	27	1	21	0	132	26	1	175	134	4	3
NA18908	135919	23	48	6303	4788	183	0	75	14	462	1	57	11	12820	5860	43	12	1	51	45	49	1
NA18909	136655	1731	1505	2232	1729	220	3	96	95	521	5	11	0	14	0	107	32	1	100	16	23	0
NA18910	116703	6445	5925	275	175	173	5	109	60	543	1	2	0	11	1	364	51	0	103	52	27	1
NA18911	117601	3401	3263	1886	1506	141	1	98	40	482	4	11	2	19	0	82	24	2	95	29	32	0
NA18912	83824	1311	1283	180	24	203	1	190	97	507	11	4	0	6	0	287	68	2	51	122	29	1
NA18913	101723	31	27	5260	3968	74	0	59	15	405	4	6666	2918	22	0	74	140	1	50	29	33	12
NA18914	88305	485	477	241	38	117	1	92	52	402	4	7592	3210	18	1	106	17	0	39	108	3	23
NA18915	161554	33	37	696	21	5669	3356	154	148	502	6	16	0	74	1	86	13	3	184	111	9	1
NA18916	144838	70	41	481	49	3247	1317	2375	956	809	4	24	0	36	0	95	195	0	160	127	7	1
NA18917	133891	26	30	380	43	2513	1088	140	35	522	0	15	0	17	0	59	7	0	55	5435	18	0
NA18923	130673	3652	3094	324	110	2894	1	296	126	287	2	12	0	21	0	334	87	1	145	55	89	1
NA18924	167769	31	20	11753	6746	463	0	342	263	601	3	17	1	90	1	70	30	1	204	65	83	109
NA18925	182025	1941	1674	11606	6610	2950	0	390	60	398	2	10	0	80	2	273	40	2	330	72	147	1
NA18930	141084	34	35	442	45	2860	1306	150	23	515	3	27	2	47	0	71	181	0	151	5286	22	1
NA18933	130299	38	43	5499	3784	2957	1192	138	13	507	3	16	1	33	0	127	163	2	122	72	8	0
NA18934	124564	1904	1570	380	22	2316	1376	131	23	376	2	8	0	19	0	347	80	0	158	35	56	0
NA18935	131395	2097	1714	447	38	3160	1366	173	19	489	7	21	1	42	0	346	266	0	165	88	42	1
NA18939	138687	20	35	12558	8070	1216	425	216	13	359	3	25	0	15	0	62	12	0	123	68	37	1
NA18940	137979	6005	5543	477	181	1585	502	154	26	547	6	5	0	11	1	131	15	0	187	80	8	2
NA18941	157441	4167	3938	12776	8835	249	0	225	59	425	4	19	2	19	0	40	18	3	161	41	20	0
NA18942	134965	6121	5876	309	40	1629	575	139	44	423	2	20	0	21	0	151	26	1	149	59	3	0
NA18943	147685	32	40	12399	8556	1083	645	318	8	406	5	22	0	21	0	51	3	2	174	47	33	7
NA18944	133214	6078	5721	349	177	699	368	110	35	585	3	7	0	10	0	79	35	0	151	94	1	3
NA18945	102827	31	53	368	24	1808	1369	71	10	405	4	6	0	15	0	126	5	1	107	94	6	1
NA18946	100835	3214	2922	464	107	1313	416	175	11	452	5	9	2	17	1	96	27	2	204	30	8	1
NA18947	124175	27	28	13695	9087	601	222	155	15	426	4	9	1	15	0	97	90	1	131	9	23	1
NA18948	99196	55	60	244	23	2142	1359	94	14	353	3	3	2	8	0	91	2	1	172	53	5	1
NA18949	93822	40	35	261	30	1954	1228	94	9	273	2	7	0	12	1	128	10	1	103	47	6	0
NA18950	104542	32	35	223	19	2634	1591	103	10	288	5	5	2	7	0	127	9	1	119	65	2	1
NA18951	113851	36	24	449	16	1135	433	2242	1161	750	3	7	0	9	0	92	11	1	163	62	6	1
NA18952	109368	47	47	391	22	3332	1577	123	57	498	9	31	0	13	0	169	25	0	117	39	6	2
NA18953	106079	3586	3299	284	77	1062	689	170	37	557	2	11	2	20	2	112	53	1	238	43	9	1
NA18954	183823	5245	4963	14820	10123	196	5	232	39	550	7	9	0	25	0	77	124	0	205	127	8	0
NA18956	80848	33	51	184	27	2238	944	78	5	293	2	4	1	7	0	90	6	0	93	17	4	1
NA18957	133888	25	32	13218	9113	801	688	206	9	343	1	24	0	21	0	105	63	1	208	34	14	0
NA18959	161223	6444	6143	303	90	1330	579	140	16	643	9	10	1	9	1	207	34	0	172	80	7	0
NA18960	145627	36	39	6120	3806	1750	1140	143	30	413	3	33	2	16	1	83	48	0	152	50	30	1
NA18961	164468	3744	3561	11738	8276	141	0	210	16	417	1	10	1	16	0	81	83	0	207	56	13	0
NA18962	122243	32	48	10857	7193	1548	1128	184	15	364	5	10	1	43	0	93	16	1	165	32	47	1
NA18963	145550	37	26	15044	10186	651	359	283	15	346	2	4	1	17	0	84	8	0	140	29	21	0
NA18964	125197	30	20	479	24	2349	1203	1954	1326	623	7	8	1	6	1	126	6	0	204	53	8	1
NA18965	152467	36	58	15437	10606	1501	622	252	12	324	1	11	2	19	0	81	84	1	169	36	21	1
NA18966	153086	31	34	14104	9641	1490	774	229	18	440	8	13	0	20	0	99	30	1	146	21	33	0
NA18967	166333	50	41	14332	9273	1229	915	272	6	393	4	28	2	18	1	139	26	1	195	108	27	2
NA18968	99858	34	44	292	38	2217	1040	146	9	338	6	9	0	17	1	101	10	1	208	42	11	3
NA18969	78144	36	35	189	22	2023	756	43	8	415	0	7	2	10	1	89	4	1	114	9	4	1
NA18970	187157	5469	5123	527	77	3948	1224	126	70	652	8	30	1	30	0	67	50	0	223	61	10	5
NA18971	144053	37	44	9572	6636	1004	569	214	18	321	5	10	0	23	0	92	20	2	275	63	50	0
NA18972	233367	36	31	26501	18340	318	0	476	40	414	6	12	0	26	0	43	66	2	237	12	62	0
NA18973	186402	45	33	13564	9058	2475	1219	336	100	345	2	40	1	27	0	115	13	3	197	25	29	1
NA18974	238825	6978	6566	15181	10507	349	2	581	49	860	5	43	0	48	1	105	62	1	450	90	61	2
NA18975	199329	21	31	27123	18333	353	0	369	20	369	4	45	1	20	0	40	145	4	199	48	31	1
NA18976	185044	5738	5417	13789	9580	196	0	243	37	575	8	29	0	17	0	92	213	2	190	91	13	1
NA18977	112905	3317	3201	303	91	1460	962	111	19	362	2	6	1	18	0	116	48	0	137	52	4	0
NA18978	160245	29	33	12087	8154	1552	1019	296	16	338	3	38	0	17	0	78	7	1	147	54	28	0
NA18979	81793	34	34	266	53	1720	822	119	9	347	6	5	0	12	0	107	16	1	76	41	6	0
NA18980	109275	31	44	401	44	2661	1667	173	56	436	5	30	1	24	1	130	23	1	194	28	12	2
NA18981	123756	5314	4970	429	152	624	351	137	23	525	2	3	0	15	1	103	41	0	143	108	4	1
NA18982	127040	33	30	10439	7337	1108	661	180	10	507	8	4	0	22	0	69	64	1	183	80	16	1
NA18983	155772	38	54	14490	9826	1565	963	260	53	362	2	34	0	24	0	82	174	5	224	26	9	2
NA18984	100792	28	48	289	30	2310	1236	121	14	339	3	5	0	11	1	93	11	2	122	113	6	0
NA18985	84360	45	44	360	26	2305	1315	94	17	399	9	16	2	17	0	115	4	1	170	18	7	0
NA18986	161203	34	33	13506	9166	835	370	254	18	459	7	4	0	11	0	96	71	2	153	50	41	1
NA18987	187741	35	54	12485	8481	827	929	284	12	359	8	23	1	28	1	138	16	2	167	46	47	0
NA18988	96521	42	30	403	30	1191	660	1230	686	605	2	4	1	12	1	62	3	0	187	65	5	0
NA18989	112904	45	42	354	42	2898	1613	144	17	400	9	8	2	13	1	102	9	0	179	74	5	4
NA18990	143690	35	62	8189	5513	227	2	2573	1298	669	5	33	1	19	0	72	8	2	170	10	20	1
NA18991	94065	26	36	304	15	1376	545	1306	503	434	7	1	1	16	0	81	8	0	145	76	2	1
NA18992	96702	31	28	224	20	2910	1375	89	19	376	1	18	1	17	0	103	7	2	136	22	4	1
NA18993	128920	5207	4951	294	198	1112	398	102	32	536	5	11	1	15	0	106	43	1	131	88	2	1
NA18994	150008	33	57	20578	14290	136	0	104	13	427	4	7	0	13	0	41	33	0	104	28	28	0
NA18995	294571	29	35	36111	24527	331	1	608	32	591	4	49	2	38	0	116	26	3	194	19	116	0
NA18997	91616	31	29	323	30	2517	1075	170	6	263	4	8	1	14	0	83	5	0	166	42	14	1
NA18998	104119	35	57	506	129	2496	1161	94	39	411	4	26	0	18	1	99	127	0	155	20	8	1
NA18999	226455	30	34	13841	9681	3701	1864	267	94	630	4	43	1	24	0	147	193	1	219	49	22	0
NA19000	139362	33	41	383	36	4458	1984	84	71	811	9	43	0	16	1	100	8	0	163	50	10	0
NA19001	160493	33	25	13519	9514	1020	726	297	20	364	2	8	1	12	0	95	22	0	142	68	25	1
NA19002	99810	32	33	318	35	2166	1504	132	9	330	7	7	0	12	1	88	8	0	157	30	2	1
NA19003	128181	29	41	15116	9544	972	680	134	29	221	5	12	2	12	2	73	8	1	127	33	14	0
NA19004	83060	44	39	324	27	2194	862	92	9	297	6	6	0	8	1	89	4	0	150	19	5	3
NA19005	130881	37	40	419	25	3273	1974	101	83	342	7	18	3	20	1	104	9	2	151	45	7	1
NA19006	87496	39	41	310	21	2459	1186	103	8	348	2	10	1	14	0	67	6	0	164	21	5	0
NA19007	126967	4662	4471	379	67	2406	905	78	49	550	2	39	0	12	0	149	14	1	185	49	4	1
NA19009	129857	36	40	453	51	3495	2004	149	24	579	9	33	0	29	1	110	10	0	196	58	16	1
NA19010	115106	53	38	376	46	2709	1600	157	10	239	3	2	1	26	0	126	12	2	163	39	6	1
NA19011	143292	10142	9706	489	55	217	2	138	55	455	4	6	1	20	1	161	49	1	239	75	28	2
NA19012	138325	34	54	702	22	421	1	4694	2639	968	2	4	0	19	1	37	9	0	185	10	14	2
NA19017	100863	1195	1196	342	62	233	0	123	24	373	12	9841	3388	20	0	115	25	3	46	87	3	51
NA19019	110201	6219	5829	387	109	221	6	180	39	489	4	15	0	22	2	311	41	1	153	94	32	2
NA19020	107428	3506	3397	5106	3656	62	3	80	31	491	1	5	0	12	0	98	22	0	133	8	41	1
NA19023	84671	1415	1318	317	22	218	0	273	114	531	5	7	1	27	1	317	62	1	102	28	73	1
NA19024	129875	3791	3143	387	96	2850	1	360	51	278	1	7	1	10	1	496	48	0	141	79	63	0
NA19025	93870	4002	3749	266	113	91	2	1291	744	710	3	7	0	10	1	174	19	1	124	39	19	1
NA19026	107136	1470	1302	713	137	266	0	274	80	489	6	14	0	33	0	84	16	3	201	29	44	2
NA19027	98652	2041	1837	327	58	293	1	268	110	507	2	9	0	14	1	391	159	1	112	47	39	1
NA19028	123734	4087	3789	5792	4125	118	1	118	10	537	1	5	1	15	0	167	18	2	152	22	33	1
NA19030	122232	2635	2607	5433	4230	154	1	88	33	612	4	9	0	8	0	148	34	1	87	40	30	1
NA19031	150325	6115	5898	483	81	1130	2369	176	67	753	9	48	2	19	2	160	32	1	169	113	38	4
NA19035	81784	34	34	280	157	1070	524	1344	907	435	6	7	2	17	0	113	5	2	134	30	3	1
NA19036	158245	1171	1141	7438	4970	297	2	260	79	728	9	16	2	42	4	344	60	1	165	34	125	3
NA19037	184610	2911	2310	631	84	2264	1412	1744	774	417	2	8	0	21	1	405	21	0	215	21	28	0
NA19038	84914	3135	2708	280	26	208	1	198	32	420	2	10	2	16	1	499	92	2	124	41	42	0
NA19041	133489	1982	1654	425	79	215	1	138	93	366	4	15	2	22	0	226	71	0	54	5944	42	0
NA19042	151663	887	843	539	47	312	3	408	58	816	4	10	0	30	2	230	63	0	208	3728	820	1
NA19043	126096	1753	1530	12002	7530	206	1	293	33	377	0	11	1	27	2	301	28	6	258	17	56	1
NA19054	82355	36	42	238	37	1756	841	65	42	380	0	3	1	8	0	78	21	2	97	58	2	0
NA19055	116126	36	43	489	28	1494	856	1884	831	461	9	9	2	20	0	97	6	2	233	5	12	2
NA19056	155255	51	54	13063	9115	1096	689	196	17	482	3	14	0	19	1	58	9	0	167	49	21	0
NA19057	126539	32	68	11795	8233	452	156	168	13	405	1	9	1	29	1	78	57	2	240	6	25	1
NA19058	119495	29	31	311	39	3602	2030	101	25	372	4	26	0	23	1	87	26	0	172	55	6	0
NA19059	143523	3753	3484	535	75	1451	872	205	18	503	4	9	2	21	1	139	44	1	161	117	2	0
NA19060	77644	44	42	190	44	2153	954	105	11	267	7	3	1	8	0	108	5	0	85	14	5	1
NA19062	164392	5887	5551	3294	2744	199	3	319	28	563	8	20	2	27	1	90	26	2	147	89	23	1
NA19063	130596	52	42	403	33	3634	1949	161	60	477	3	26	0	16	0	188	32	1	173	71	6	1
NA19064	166748	27	36	16004	10586	1515	578	194	14	414	0	22	2	11	0	84	169	0	162	28	9	1
NA19065	117190	15	23	276	26	2998	1777	119	10	255	7	6	1	21	0	66	14	1	151	38	6	1
NA19066	154888	47	35	10863	6642	138	1	1623	558	451	5	6	0	28	0	99	21	0	216	86	60	1
NA19067	94325	39	35	266	23	1623	1106	97	22	398	3	9	0	13	0	86	9	0	120	74	5	1
NA19068	115661	26	30	499	30	3442	1992	185	118	475	5	28	0	21	2	91	46	1	280	24	10	0
NA19070	96928	3489	3219	253	75	649	169	115	8	536	1	5	1	18	0	75	30	0	93	21	2	1
NA19072	178652	5189	5028	14367	10087	284	1	280	31	646	5	10	2	26	0	59	115	4	204	47	36	3
NA19074	110702	42	45	488	45	2877	1613	193	11	284	6	10	2	23	0	123	5	1	178	45	14	2
NA19075	128339	37	79	368	28	2689	1826	112	7	347	4	7	1	36	0	105	7	0	203	145	4	1
NA19076	220764	35	30	17212	11595	2679	1375	341	66	671	2	44	1	31	2	86	30	1	201	19	33	1
NA19077	153391	35	31	12391	8898	1222	429	271	17	378	6	10	2	24	1	83	66	2	147	32	24	2
NA19078	150565	41	40	11352	7228	2011	921	273	58	423	5	37	1	46	1	84	21	1	385	36	23	1
NA19079	197227	13703	13092	502	239	246	6	227	48	706	2	7	2	27	0	213	43	2	371	93	10	1
NA19080	67532	29	26	179	16	1654	891	42	16	392	0	3	0	9	1	115	22	0	88	3	4	0
NA19081	111346	23	26	10424	7151	1047	321	141	16	241	2	4	0	18	0	66	20	2	166	48	40	0
NA19082	133945	17	25	12136	8212	838	614	198	18	257	3	47	0	11	0	83	12	0	121	33	19	0
NA19083	154060	32	27	12860	8727	1061	776	249	14	343	0	38	0	19	1	61	152	1	123	68	10	0
NA19084	229381	36	46	25136	17904	196	0	274	16	384	2	27	1	21	1	97	72	1	249	75	69	0
NA19085	110495	43	26	10115	6853	811	466	215	11	350	5	7	1	16	0	84	22	3	190	44	42	1
NA19086	165179	31	34	13043	9052	1711	688	331	25	305	3	9	0	29	1	68	66	1	157	48	25	0
NA19087	122529	37	38	448	20	2175	1363	2054	1084	637	1	19	1	17	0	68	33	0	196	44	5	1
NA19088	150187	5911	5644	498	181	1699	729	221	36	550	5	9	2	24	1	90	40	0	212	100	9	0
NA19089	168171	26	36	14246	9802	1256	684	232	16	349	5	14	1	24	1	71	30	1	179	48	31	1
NA19090	155142	43	63	448	46	3978	2505	153	81	547	1	75	1	14	1	123	15	0	196	41	5	2
NA19091	179063	31	31	15278	10115	326	0	2585	1266	843	2	24	1	28	1	69	125	1	207	27	11	0
NA19092	125150	42	47	334	69	1991	936	111	38	363	10	10551	3776	13	1	142	5	1	75	4	31	47
NA19093	140077	2911	2532	361	125	313	14	2684	935	624	1	13	0	20	2	448	94	1	218	11	27	0
NA19094	114174	2207	1975	265	124	176	10	156	52	339	7	8146	3037	19	0	370	66	0	108	6	26	51
NA19095	119062	1233	1215	8977	6036	265	1	183	57	388	5	50	1	18	0	101	33	0	149	104	30	0
NA19096	124358	30	35	13943	8765	181	0	974	786	759	1	8	1	18	1	104	22	0	158	42	11	1
NA19097	140804	37	34	10265	6843	183	0	942	799	674	1	57	1	35	0	94	24	3	305	43	18	1
NA19098	119521	2060	1783	438	177	307	0	1534	1135	600	5	8	0	12	0	118	20	1	150	35	12	3
NA19099	136364	1433	1336	11271	7553	199	1	126	72	524	2	10	1	13	0	139	56	1	96	177	18	0
NA19100	103676	3029	2727	260	20	322	1	136	150	473	2	10	0	13	0	177	38	0	110	100	6	1
NA19101	104434	62	45	242	119	4285	1392	88	17	294	2	34	1	26	1	46	8	0	150	35	4	0
NA19102	93336	3419	2864	221	57	251	1	113	69	317	6	22	0	10	1	504	119	0	77	20	62	1
NA19103	111432	1750	1501	253	122	2523	920	56	81	344	5	20	0	13	0	102	89	2	196	27	18	0
NA19107	146563	44	23	3404	2370	2626	1136	328	35	604	4	31	0	30	1	45	14	0	147	23	58	1
NA19108	125175	1561	1329	2360	1778	250	1	131	102	343	1	5	0	21	1	108	61	1	118	24	38	0
NA19109	126747	1633	1407	3177	2335	274	1	265	145	539	2	10	2	38	0	98	79	2	148	22	62	0
NA19113	107096	1655	1358	343	58	2582	1129	107	31	505	0	26	0	23	0	237	53	1	138	32	6	0
NA19114	165042	1812	1589	5764	4232	3605	1	339	48	562	0	9	1	34	0	289	24	2	131	93	71	2
NA19115	143912	3804	3264	282	62	3958	1	274	60	463	2	2	0	22	0	430	76	0	252	113	51	0
NA19116	94133	2640	2494	250	35	205	1	187	45	387	3	7	0	13	1	621	50	3	82	84	69	0
NA19117	105890	40	37	314	59	1677	844	111	16	388	2	44	0	12	0	105	8	2	142	1777	880	2
NA19118	142305	1848	1669	663	142	184	1	212	24	661	4	6	0	20	0	310	20	0	121	38	71	0
NA19119	119858	1678	1398	405	93	4591	663	219	50	280	2	21	2	12	0	249	23	0	113	52	36	3
NA19120	84791	1259	1176	185	51	2131	600	87	27	267	0	19	1	22	0	262	19	1	159	40	19	1
NA19121	115521	1940	1530	315	32	408	0	157	655	411	3	11	0	17	0	300	23	1	152	47	22	1
NA19122	111201	1634	1425	309	62	2464	1002	167	104	481	4	17	0	19	2	92	14	1	226	39	9	1
NA19123	115999	1954	1555	310	36	2542	1086	76	20	455	1	16	0	23	0	306	24	1	194	38	19	0
NA19127	108557	52	76	282	30	1562	850	82	24	326	4	6953	3506	25	0	116	6	0	82	29	19	29
NA19128	105409	587	582	230	56	2557	1017	138	419	517	3	25	0	23	0	272	41	1	140	25	17	0
NA19129	139538	74	61	377	40	4388	2183	110	15	518	3	31	0	17	0	151	14	2	129	52	16	0
NA19130	113237	24	33	267	79	2521	1093	926	784	645	3	17	1	13	1	108	6	0	139	45	5	1
NA19131	148119	849	783	3014	2204	184	2	183	552	530	4	10	0	11	0	360	64	1	63	19	58	0
NA19132	80918	631	561	129	36	163	1	883	1074	584	3	11	1	20	0	290	32	1	199	28	20	0
NA19137	131552	34	31	5693	4142	2216	1078	107	18	482	0	33	0	19	1	69	8	3	138	35	28	0
NA19138	131274	6751	6130	544	100	468	0	154	34	462	5	12	1	14	1	357	32	1	210	80	42	1
NA19139	118029	3252	3142	261	112	2288	953	81	8	446	0	23	1	20	0	108	21	0	181	49	21	3
NA19140	120866	1871	1571	321	31	2879	1179	131	26	411	10	32	1	52	0	443	241	2	269	107	41	0
NA19141	94760	532	520	364	23	2237	541	189	66	390	6	4	1	15	0	206	16	1	190	63	15	1
NA19142	100174	516	499	224	15	2433	1211	147	50	402	2	33	0	26	1	240	157	1	150	116	12	1
NA19143	98096	5017	4717	206	102	128	4	163	39	365	3	5	1	8	1	311	48	0	84	59	39	2
NA19144	108126	1800	1649	270	39	2761	1002	118	125	429	2	30	2	6	0	147	81	1	128	40	29	2
NA19145	97715	3449	3132	193	18	263	2	151	120	421	1	3	0	15	0	361	119	0	147	46	45	0
NA19146	102408	1477	1429	466	26	1880	691	92	47	484	5	14	1	44	0	39	23	1	130	134	3	0
NA19147	115125	1710	1412	4947	3353	122	1	148	20	418	2	7	0	15	1	345	50	0	65	34	71	0
NA19148	99627	1308	1287	4450	2993	221	1	68	7	435	4	7	0	15	0	91	21	0	103	84	30	0
NA19149	115078	1850	1582	314	23	1810	1177	160	7	513	2	24	1	11	0	323	89	5	100	53	55	0
NA19150	108179	15	36	10206	7452	91	0	51	11	492	4	13	0	14	0	118	8	2	111	4	7	0
NA19151	116477	1994	1708	5972	4354	147	2	131	17	471	2	8	1	20	0	317	79	2	115	19	56	0
NA19152	121663	1922	1633	317	47	2684	1098	222	30	354	3	14	0	10	0	336	57	2	93	55	42	0
NA19153	123880	44	26	5633	3782	230	0	1682	741	640	8	3	0	16	0	145	24	2	125	5	62	0
NA19154	121884	35	35	4801	3478	2314	1030	66	9	433	2	17	0	22	0	143	8	1	126	16	50	0
NA19159	129687	27	41	2218	1662	271	0	163	7	340	7	8	1	12	1	3592	2006	0	131	71	31	1
NA19160	120544	32	31	393	55	494	2	212	199	329	3	24	1	17	1	4721	3408	0	178	70	21	445
NA19161	137519	44	40	329	62	599	0	224	201	407	5	5	2	30	1	3489	1980	0	261	105	4	408
NA19171	95464	3848	3260	279	37	287	4	159	80	272	5	11	0	26	3	442	71	2	181	55	21	0
NA19172	131504	3967	3229	331	91	2814	0	255	54	217	5	7	0	18	0	467	28	1	136	51	66	0
NA19173	115946	3413	2785	277	80	2548	5	243	47	184	2	7	1	26	0	445	34	0	183	45	78	0
NA19174	129973	32	39	459	134	84	0	137	9	591	3	27	0	19	2	22	8	1	151	1630	826	1
NA19175	135743	30	37	527	42	4572	2126	83	28	632	6	38	0	28	1	48	11	2	116	73	6	0
NA19176	109647	1696	1371	6211	3791	138	1	163	26	354	2	3	1	25	0	247	43	1	197	38	42	0
NA19177	125880	2101	1709	264	41	2663	1257	161	27	505	3	18	0	22	0	327	57	2	185	56	46	0
NA19184	125279	55	63	342	28	4185	2122	114	14	391	5	37	0	20	0	94	14	0	108	57	18	0
NA19185	120096	2026	1719	5690	4165	150	0	126	28	494	3	10	1	18	0	446	93	0	86	30	58	0
NA19186	121797	1937	1686	262	46	2795	1146	135	41	391	0	27	2	17	0	484	84	0	185	33	40	1
NA19189	112545	28	37	515	153	160	0	148	16	397	1	64	9	9965	5260	36	12	0	64	77	30	1
NA19190	155659	2530	1936	662	224	395	2	206	10	661	7	7	2	20	0	335	24	0	138	51	45	1
NA19191	155999	26	39	710	327	274	2	271	7	790	5	15	0	37	0	20	10	1	192	56	51	0
NA19197	101992	2187	1869	765	593	121	3	195	27	509	2	2	0	10	0	301	80	1	67	30	67	0
NA19198	121195	800	795	951	718	292	1	271	101	383	9	8	0	15	0	359	22	4	51	24	30	1
NA19199	89211	707	717	704	564	144	1	214	100	300	10	5	0	18	0	353	29	0	69	20	10	0
NA19200	104855	1955	1677	212	32	345	2	195	1029	550	3	19	0	19	0	123	73	0	126	49	21	0
NA19201	89847	2530	2338	325	46	345	2	162	89	435	6	6	2	17	0	96	37	0	182	90	7	1
NA19202	105903	1487	1275	247	38	283	0	199	978	540	4	17	1	21	0	100	25	0	191	18	2	0
NA19203	149297	2213	1981	360	46	3188	1399	135	98	622	10	36	0	37	0	177	191	1	253	133	3	0
NA19204	102390	3749	3240	271	28	353	3	64	149	416	4	8	0	11	0	225	184	2	102	48	31	0
NA19205	114157	3632	3183	249	44	418	4	98	154	409	4	7	0	22	0	151	77	1	248	60	13	0
NA19206	109510	1970	1689	238	44	2010	1144	174	32	422	4	15	1	12	0	406	67	1	98	46	52	1
NA19207	96522	2441	2177	234	95	182	1	233	113	420	9	1	1	8	0	452	64	0	91	44	33	1
NA19208	89637	3050	2538	142	69	151	0	163	32	319	7	7	0	18	0	549	83	0	121	50	63	1
NA19209	139684	4573	3923	264	15	271	5	270	147	421	1	8	0	14	1	546	97	0	166	13	47	0
NA19210	128352	1319	1284	2128	1871	254	2	169	58	437	2	4	1	16	0	150	18	0	66	117	35	0
NA19211	139230	2162	1904	2062	1548	309	0	226	29	396	2	11	2	22	0	385	58	2	149	12	45	0
NA19213	107310	43	42	319	27	4428	1899	83	10	372	5	17	0	12	0	64	10	1	130	34	1	0
NA19214	119242	31	35	2332	1757	234	0	147	7	469	1	42	10	11655	5626	96	6	0	26	62	19	0
NA19215	120289	37	25	2280	1744	2211	1103	145	11	459	2	9	1	20	1	94	9	0	134	21	29	0
NA19221	167817	3929	3458	2027	1611	269	3	291	41	441	5	12	2	22	1	374	179	0	235	23	63	0
NA19222	156639	24	31	3937	3219	236	1	164	35	301	5	15	1	27	0	84	12	0	53	12	30	1
NA19223	162835	4307	3756	496	26	220	3	323	74	442	17	9790	4037	23	0	377	190	0	134	22	35	39
NA19224	163868	3773	3225	11499	7595	208	3	364	46	385	2	15	0	19	3	502	186	3	301	45	36	1
NA19225	165789	5370	4538	592	149	2336	5	383	72	683	2	11	2	22	0	644	179	3	234	30	92	1
NA19226	108570	611	607	11617	7477	274	0	280	139	274	4	10	2	27	1	221	29	3	212	59	8	0
NA19235	112694	23	24	5858	4417	217	0	796	807	621	6	3	0	18	0	103	191	3	146	76	42	3
NA19236	170318	2410	2083	6418	4623	762	2	384	35	544	4	7	1	20	0	348	26	2	147	25	40	1
NA19237	172159	2368	2086	6447	4832	796	0	332	28	592	3	10	0	25	0	264	256	4	152	73	42	1
NA19238	96264	41	40	393	64	1914	1558	112	12	648	15	10107	4397	11	1	43	8	0	47	5	11	29
NA19239	111488	3604	3137	233	29	332	2	227	50	390	3	8	1	10	1	440	77	0	113	88	38	0
NA19240	67288	1221	1196	117	15	1571	1163	85	36	622	4	3	0	22	0	101	18	0	98	76	4	0
NA19247	121712	29	25	3056	2173	206	0	195	13	427	2	27	0	26	0	2739	2145	2	121	20	64	0
NA19248	116579	802	766	401	57	128	1	182	83	459	18	10558	4306	27	0	270	52	0	42	27	49	56
NA19249	109385	19	42	260	46	161	1	72	19	313	7	9464	3847	12	0	2898	2048	0	146	24	29	56
NA19256	90919	2053	1768	352	23	1828	855	127	111	325	3	9	1	36	0	150	65	1	138	36	22	0
NA19257	119616	47	50	403	84	4817	1933	126	26	397	5	14	0	28	0	60	3	1	154	47	4	2
NA19258	109977	34	45	227	31	3688	1997	87	16	410	3	31	3	25	0	113	4	0	154	25	3	1
NA19307	151886	2805	2301	457	64	291	21	457	12	409	1	14	1	22	0	292	58	0	222	5332	1842	1
NA19308	174362	805	771	8708	6133	178	1	252	149	594	2	16	0	25	1	416	43	3	139	70	54	2
NA19309	112158	49	49	4827	3520	1692	844	128	12	402	2	29	0	18	0	74	7	1	101	3	62	1
NA19310	114717	2188	2087	382	32	170	2	212	68	373	3	24	0	20	0	300	24	1	209	1885	805	2
NA19312	147201	2047	1630	474	40	303	4	173	20	468	1	12	0	22	1	438	72	738	141	2707	1116	0
NA19314	172298	39	43	806	44	622	3	2304	1600	766	7	13	1	28	2	187	12	1	269	168	12	2
NA19315	121803	1613	1488	373	126	283	2	203	115	226	18	23	1	22	1	5027	3041	1	219	100	46	1
NA19316	93889	1168	1122	338	23	184	0	1471	843	672	3	5	1	24	0	156	48	0	127	165	23	1
NA19317	141750	801	789	293	23	169	1	343	69	460	2	5	1	15	0	136	58	0	157	5580	2241	0
NA19318	123978	1682	1543	331	40	3022	1300	117	167	474	6	21	1	21	0	162	92	0	185	43	3	1
NA19319	138852	2197	1859	5310	3738	233	0	87	121	443	1	9	0	16	0	319	103	1	100	63	56	1
NA19320	142893	33	37	22939	14726	70	1	203	15	307	3	8	0	25	2	40	53	0	151	15	5	1
NA19321	161039	38	39	6130	4359	79	0	124	22	528	2	6	0	16	1	145	36	736	98	2774	1096	0
NA19323	126457	2239	1746	6253	4297	222	2	159	27	383	4	15	0	18	0	297	43	3	96	21	22	0
NA19324	89926	257	245	4856	3259	104	0	139	22	393	3	6	1	13	0	255	31	0	66	34	59	1
NA19327	185232	1940	1680	752	102	3185	1	511	52	675	2	11	1	26	0	368	35	0	233	3743	704	2
NA19328	140614	1515	1502	528	25	317	0	121	18	520	3	108	2	11	0	104	35	2298	3120	153	40	1
NA19331	139949	3808	3753	452	137	100	1	196	23	467	0	34	1	22	0	59	28	0	82	6360	38	2
NA19332	135146	33	46	593	32	2844	1187	1663	859	814	4	24	2	14	1	101	11	1	157	30	7	1
NA19334	140707	34	38	5372	3678	124	0	154	10	546	5	16	0	13	1	72	8	1	36	6320	61	1
NA19338	97629	781	761	461	22	170	3	139	64	527	2	43	0	6	0	275	57	1820	1189	91	78	0
NA19346	100530	5553	5349	467	133	163	1	177	26	585	3	11	3	18	1	120	47	3	234	35	18	1
NA19347	134728	7083	6567	411	78	203	2	227	42	515	4	3	1	24	0	492	77	0	181	25	63	0
NA19350	83294	1140	1100	345	46	237	1	230	9	410	0	15	1	17	0	1821	1895	0	133	117	50	1
NA19351	120244	1180	1020	399	34	647	0	254	137	541	2	20	0	30	0	255	112	0	137	88	16	255
NA19355	119978	4007	3857	815	79	101	2	105	23	523	3	68	2	17	1	180	45	2176	2215	84	61	0
NA19360	155446	35	25	5338	4082	215	0	285	9	420	2	5	1	22	0	57	18	1	144	5545	1888	1
NA19372	106537	2726	2159	356	16	175	5	1448	1099	532	1	14	0	17	0	210	72	1	110	24	17	1
NA19374	214234	10712	9770	706	194	504	6	200	57	744	1	12	3	35	0	625	61	3	274	95	72	2
NA19375	132970	1191	1128	435	25	3241	1181	178	45	536	0	23	1	49	1	127	185	2	163	293	27	1
NA19376	125027	4183	3591	326	13	281	4	380	186	375	2	7	0	13	1	540	117	0	98	29	54	0
NA19377	95588	3061	2789	301	19	178	1	171	36	448	0	6	2	15	0	343	80	0	85	113	25	0
NA19378	97023	3304	2791	211	43	370	15	144	4	438	5	8	0	18	0	185	62	3	91	93	36	0
NA19379	135293	25	33	5514	4153	1499	1153	132	15	387	3	16	0	22	0	87	9	0	120	10	51	1
NA19380	114321	562	574	497	27	183	1	253	28	420	9	9	1	27	0	158	79	0	236	4509	2069	0
NA19383	118938	1379	1218	454	28	214	3	147	96	282	11	9366	4889	14	0	371	38	1	69	15	27	47
NA19384	143378	2314	2123	485	24	200	1	222	44	561	2	8	0	24	0	181	57	1	174	3193	626	0
NA19385	124255	26	38	569	134	840	473	1412	568	609	1	10	1	12	1	37	10	0	98	13	18	1
NA19390	119448	30	42	4920	3381	238	1	750	218	484	6	9	1	22	0	130	6	0	133	72	33	1
NA19391	121759	3861	3800	12321	7753	65	0	139	21	541	3	9	4	24	1	96	32	0	133	17	20	0
NA19393	158397	36	29	2850	1989	227	0	268	34	622	6	81	25	25361	14714	36	43	1	53	313	49	1
NA19394	96427	2303	2225	220	30	216	1	118	136	430	0	6	0	7	0	312	61	3	70	111	29	0
NA19395	143782	1448	1394	411	48	191	0	378	23	510	4	4	0	16	0	360	70	0	177	4920	2302	3
NA19397	123314	39	32	381	59	272	2	224	840	504	6	8	0	19	0	2286	2211	0	124	58	59	1
NA19399	105490	1229	1210	216	35	326	0	865	361	718	0	5	1	9	0	108	22	1	102	151	3	1
NA19401	71925	33	31	244	33	88	0	1273	726	4832	1645	614	1	93	1	137	4	1	31	30	4	29
NA19403	100433	3017	2458	304	59	282	1	218	174	340	1	9	0	17	0	452	17	0	90	30	20	2
NA19404	121052	1908	1515	5075	3474	200	2	109	102	455	2	6	1	13	1	99	30	0	104	32	51	1
NA19428	111270	1161	1133	11860	7692	175	1	163	11	436	2	7	1	16	0	74	41	1	96	109	5	0
NA19429	122228	879	848	5890	4283	124	0	157	73	632	4	8	1	12	1	144	63	0	88	38	73	0
NA19430	105276	1178	1143	326	44	209	1	101	6	647	2	8	0	13	1	65	27	0	995	443	21	0
NA19431	118303	1316	1287	6327	4514	239	3	142	111	490	1	8	0	15	0	190	29	2	99	106	10	0
NA19434	130161	4409	4312	507	123	2041	1200	158	26	632	7	17	2	27	0	95	33	2	199	89	45	2
NA19435	117432	1669	1385	5251	3648	146	1	152	35	397	3	10	0	19	0	357	49	0	126	1	83	0
NA19436	97504	792	783	249	20	1758	942	163	52	376	0	14	0	10	0	210	60	2	74	23	50	0
NA19437	126444	2293	2008	7122	4629	170	0	285	26	490	1	10	1	143	0	487	75	1	115	25	60	0
NA19438	131099	32	24	4787	3215	204	0	179	19	504	2	13	0	12	0	4493	2809	0	128	50	52	2
NA19439	140624	2352	2160	11828	7413	243	0	233	168	420	1	9	0	9	1	152	58	2	145	40	4	1
NA19440	149134	3985	3883	302	66	92	0	156	25	483	4	24	1	17	0	51	56	0	220	4819	2349	1
NA19443	75497	1921	1779	239	19	94	1	1327	932	580	0	2	0	12	0	243	65	0	73	17	3	1
NA19445	93361	2470	2167	233	29	229	1	173	174	340	1	3	0	14	0	266	47	0	88	38	23	1
NA19446	129304	1808	1348	483	18	273	1	127	11	445	0	74	0	18	0	344	25	1	114	1966	1022	0
NA19448	119072	32	29	5497	3520	98	0	103	12	468	6	54	0	13	0	402	10	1973	1669	97	68	0
NA19449	112190	1918	2069	277	12	260	4	477	488	452	4	4	1	10	0	206	27	2	99	121	22	0
NA19451	154591	36	42	16962	11498	121	0	151	13	297	1	16	0	19	0	38	40	1	167	7	44	0
NA19452	145501	2763	2216	5512	4082	201	3	216	260	411	3	12	0	21	0	193	73	1	106	2	47	3
NA19454	106477	3453	2937	351	23	346	0	170	138	365	1	18	0	15	0	586	45	0	127	59	10	0
NA19455	123814	1205	1191	8593	6484	183	0	105	16	599	2	6	0	20	0	131	33	0	89	102	22	1
NA19456	107682	1180	1148	5222	3372	158	1	147	57	645	3	9	0	13	0	130	20	2	96	102	30	1
NA19457	123603	31	41	488	95	89	0	1665	618	704	24	10829	4387	10	0	226	10	0	39	44	4	57
NA19461	108061	3781	3185	253	57	371	0	75	23	412	1	6	1	8	0	309	35	1	98	106	22	1
NA19462	127925	11	37	575	40	381	101	937	382	637	2	12	0	16	0	113	4	0	87	220	4	1
NA19463	94567	2355	2201	226	18	202	2	215	154	385	3	22	1	15	0	397	103	0	95	14	49	1
NA19466	134593	6963	6199	472	64	168	4	244	253	542	5	12	23	21	0	230	102	0	184	23	21	1
NA19467	108865	75	64	319	120	2766	1551	116	11	348	2	28	0	18	0	85	10	1	150	47	15	0
NA19468	125332	3932	3805	6110	4287	110	4	72	31	503	2	15	0	16	0	131	23	0	97	33	14	0
NA19471	164533	39	40	451	29	3990	2467	1482	697	420	3	23	0	21	0	95	15	0	233	16	1	1
NA19472	103065	35	33	255	54	142	0	101	7	551	35	51	0	23	0	83	8	915	1994	269	60	2
NA19473	104876	1710	1508	304	11	233	1	868	873	482	1	6	0	14	0	316	73	0	93	83	29	1
NA19474	126580	754	745	2527	2115	148	0	318	172	556	1	9	0	38	3	226	43	0	106	12	86	1
NA19475	154972	19	18	15026	9676	85	0	111	25	447	0	7	0	37	0	80	14	0	84	111	89	1
NA19625	122055	42	35	333	23	4187	1733	116	9	432	2	25	0	46	0	155	117	3	179	134	6	0
NA19648	87605	29	39	164	14	2416	1167	95	69	369	2	9	3	9	0	101	11	0	93	55	6	0
NA19649	98300	40	21	299	34	2351	1245	101	66	345	1	23	1	12	0	103	6	0	84	34	4	0
NA19650	108945	38	44	241	31	2805	1498	102	60	486	1	13	1	30	0	71	4	2	326	44	15	0
NA19651	105517	31	38	226	50	2177	1162	91	27	261	5	3	1	12	0	111	10	2	108	55	3	1
NA19652	109703	32	30	382	34	178	1	2006	920	7030	3040	354	3	20	0	108	9	1	94	85	2	104
NA19653	97847	33	35	225	83	1149	584	99	23	6763	2940	306	7	40	0	132	11	1	79	126	6	125
NA19654	116625	4012	3954	5588	3261	120	1	170	12	379	3	73	1	19	1	116	31	1	118	63	8	1
NA19655	133534	34	52	387	48	2637	1412	151	42	383	7	27	3	19	0	100	25	0	121	174	2	0
NA19656	132661	4352	4298	346	46	1481	833	136	16	368	4	7	1	31	1	124	9	1	293	157	9	1
NA19657	125925	34	30	288	34	2904	1232	136	103	413	1	9	0	15	0	128	20	1	167	28	1	0
NA19658	99688	27	85	193	29	866	471	81	8	6135	2850	285	1	57	0	122	7	0	53	114	1	99
NA19659	99728	46	37	232	37	2241	1042	112	11	429	1	12	0	28	0	105	9	1	202	25	12	2
NA19660	110562	39	39	359	28	3093	1603	141	76	300	7	22	0	19	0	107	20	1	241	235	11	1
NA19661	104099	30	29	244	26	2356	1208	118	11	298	2	4	1	12	1	81	4	0	81	77	0	1
NA19662	108301	37	40	294	36	2371	1326	157	15	279	6	11	0	31	0	94	8	0	223	232	5	2
NA19663	90457	32	29	209	16	2310	1271	106	22	350	5	3	0	9	0	124	8	0	110	147	5	0
NA19664	94386	31	30	254	16	2006	1306	106	12	264	2	7	0	4	2	86	10	1	77	237	2	1
NA19665	96958	36	23	272	27	2422	1280	159	24	353	4	7	1	26	1	123	3	1	169	269	4	1
NA19669	113822	31	40	384	24	2321	1215	117	24	310	3	25	0	10	1	100	23	2	142	147	7	0
NA19670	195629	39	34	23705	16199	219	0	309	37	336	4	8	0	18	0	62	84	2	169	65	44	2
NA19671	146812	32	28	10188	6935	850	388	147	33	270	2	7	0	18	0	78	52	2	247	171	34	0
NA19675	161016	34	38	18840	12195	1074	552	173	14	282	8	10	0	20	0	100	46	1	263	18	30	0
NA19676	104046	36	36	319	31	1447	579	1213	619	611	2	6	1	13	0	84	7	0	143	51	4	3
NA19677	189125	36	30	20492	13864	434	0	1438	712	717	6	16	1	49	1	92	37	1	411	31	37	0
NA19678	239237	55	31	27147	17752	2185	1184	321	83	573	4	49	0	34	0	117	63	3	287	72	74	3
NA19679	108020	36	35	327	23	2628	1345	137	43	331	6	11	0	17	0	85	37	1	173	47	3	0
NA19680	113957	47	29	289	29	2760	1583	66	68	344	8	27	1	26	1	81	8	4	272	52	10	0
NA19681	141774	38	31	14396	9773	1204	452	189	24	281	0	11	1	17	1	66	27	2	138	18	51	1
NA19682	97713	41	32	482	28	1172	699	1756	835	524	4	12	0	21	1	71	7	1	211	50	7	0
NA19683	156736	40	35	16356	10949	1324	693	236	18	352	9	14	2	44	0	87	27	2	288	37	58	3
NA19684	130154	38	39	7438	6163	1003	674	288	13	257	5	6	1	16	2	103	45	1	95	55	42	1
NA19685	107767	26	50	234	27	2233	1274	120	12	259	1	6	1	22	0	86	5	3	150	239	2	0
NA19686	132598	41	37	7108	5832	1284	741	284	10	287	3	10	0	37	1	88	34	2	176	233	51	0
NA19700	109019	5297	5136	274	147	219	1	121	11	584	14	4	1	13	1	103	34	1	137	116	23	0
NA19701	109527	33	26	388	25	311	1	1189	1016	625	3	46	10	9331	4190	67	10	0	81	41	6	0
NA19702	103445	1189	1170	340	129	321	1	1204	961	682	2	9	2	27	1	66	20	3	219	113	6	0
NA19703	126394	729	693	479	44	416	0	252	264	390	3	16	0	20	1	313	47	4	147	48	10	0
NA19704	117625	23	42	268	56	934	465	198	16	400	3	41	0	19	0	72	7	1	116	1066	678	2
NA19705	136508	35	37	398	64	306	0	157	139	383	5	44	3	40	1	183	7	1	301	983	803	1
NA19707	129605	5428	5185	437	83	1746	761	62	51	523	5	34	2	40	0	142	44	0	135	56	19	0
NA19711	96585	21	36	325	50	2357	1342	84	16	280	8	6051	2891	16	0	41	0	0	73	25	2	9
NA19712	146161	41	33	14669	10362	111	1	89	14	405	4	30	0	11	0	66	24	2	117	55	59	0
NA19713	101422	3959	3482	276	58	239	4	150	75	322	4	5	1	14	0	552	125	1	160	61	42	0
NA19716	110055	32	37	307	16	3633	2371	81	43	325	0	29	0	14	0	101	32	1	147	84	0	0
NA19717	163361	27	27	16721	10761	1482	899	265	7	369	7	13	1	25	3	57	20	4	265	112	26	1
NA19718	123055	36	38	336	41	2575	1512	170	18	314	3	10	3	34	1	121	10	0	229	139	2	0
NA19719	77971	43	33	254	17	2268	1293	90	8	267	2	3	3	17	1	99	2	0	98	51	9	1
NA19720	125400	44	43	412	32	1451	633	1822	1018	629	6	12	0	30	0	137	8	1	216	61	6	3
NA19721	74456	33	42	168	30	2117	1255	57	8	295	9	6	2	19	0	111	2	1	129	17	3	3
NA19722	88650	30	33	214	38	1979	1187	111	7	275	7	3	1	23	0	122	6	1	95	124	3	0
NA19723	103473	32	30	222	36	2221	1190	106	8	296	5	2	0	16	0	80	1	1	131	134	7	1
NA19724	106124	28	38	217	49	2011	1269	67	10	226	2	5	1	26	0	113	9	0	162	132	6	1
NA19725	76898	37	30	218	14	1861	957	73	5	251	2	7	1	11	0	71	9	0	98	126	3	0
NA19726	94424	35	74	279	25	2243	1526	156	8	331	2	10	1	15	0	123	4	0	117	214	9	0
NA19727	91698	34	40	229	36	2249	1363	141	16	240	1	3	0	36	2	82	11	0	222	161	4	1
NA19728	114881	32	30	305	26	3163	1746	127	47	399	4	22	0	15	0	97	25	1	127	33	5	0
NA19729	115906	4699	4451	262	78	999	513	131	13	339	0	2	2	9	0	159	33	1	157	88	5	1
NA19730	100864	34	33	250	22	2499	1149	101	14	345	3	6	1	27	0	99	13	0	195	88	10	1
NA19731	158350	28	28	16450	10895	1313	511	162	22	328	0	9	2	18	0	58	32	2	143	35	48	2
NA19732	136415	40	35	12035	8463	724	725	189	14	359	2	7	2	17	0	58	46	1	124	88	6	0
NA19733	145057	34	33	12127	8486	1355	545	198	14	353	2	14	3	33	1	65	26	1	286	54	7	1
NA19734	115155	31	37	226	16	2456	1332	112	8	297	1	7	1	16	0	90	28	1	108	94	3	0
NA19735	145859	34	31	12448	8769	1442	593	238	10	367	2	7	3	18	1	47	122	0	128	41	35	1
NA19740	128080	8795	8505	341	54	130	1	106	29	672	4	27	0	29	0	155	35	0	186	152	6	0
NA19741	91614	31	25	272	17	2047	1199	81	31	347	4	6	1	10	0	103	33	1	109	31	6	0
NA19746	96370	30	39	194	33	2496	1425	80	16	296	2	4	0	13	1	120	6	1	116	104	3	0
NA19747	82622	34	37	548	20	2280	1171	144	47	315	0	22	0	17	0	91	12	1	163	62	5	1
NA19748	86393	34	28	196	35	2056	1421	111	10	303	4	5	0	23	0	79	7	1	177	116	3	0
NA19749	107302	33	28	339	12	3933	2270	50	97	374	7	35	1	12	2	58	38	2	115	32	4	0
NA19750	117000	35	52	250	20	3004	1810	94	15	447	3	30	1	29	0	97	9	0	133	47	3	0
NA19751	121799	26	53	315	33	3581	1855	94	66	498	6	45	1	36	0	105	28	3	226	55	2	0
NA19752	148622	42	42	16323	10625	149	0	177	80	548	3	8	1	15	0	60	44	0	166	22	54	0
NA19755	172420	27	30	22557	15538	142	0	201	13	341	2	14	0	13	0	42	37	0	175	17	56	0
NA19756	103328	29	33	420	23	1185	836	399	240	451	1	1	1	15	0	66	7	0	100	83	1	0
NA19757	124499	27	36	12231	8377	315	1	460	237	476	1	9	1	14	0	61	41	0	229	11	9	0
NA19758	101824	30	37	299	18	2790	1423	105	81	288	1	22	2	13	0	113	46	1	136	58	3	0
NA19759	121004	35	21	341	19	2590	1583	112	38	341	1	22	0	13	2	75	14	2	150	126	2	0
NA19760	116563	44	32	249	29	2380	1616	164	9	240	4	9	1	24	0	107	9	0	174	150	4	0
NA19761	106788	28	53	397	29	2094	1290	128	25	277	5	5	0	22	1	115	3	1	223	101	7	0
NA19762	129042	5550	5399	285	22	1354	785	154	14	540	5	6	0	11	0	157	10	0	144	63	6	0
NA19763	121048	4183	4053	292	26	1414	769	156	33	409	4	11	1	27	0	126	6	0	253	94	1	1
NA19764	126691	35	32	6568	3898	1186	760	146	16	257	0	43	0	14	0	85	18	0	90	99	21	1
NA19770	105647	27	31	243	15	2774	1368	96	21	327	3	17	0	14	0	64	24	0	112	72	6	1
NA19771	91733	35	24	216	15	1953	1282	94	10	285	3	4	0	11	0	111	4	2	92	43	6	0
NA19772	102597	33	46	277	54	2352	1214	90	8	315	7	5	1	24	1	75	4	1	188	89	3	2
NA19773	139419	4040	3758	6889	5451	117	1	241	14	371	2	8	2	14	0	125	28	2	163	25	53	1
NA19774	117485	33	34	532	16	241	0	3260	1600	976	2	3	0	16	0	82	27	1	203	20	10	2
NA19775	124904	4395	4178	349	32	299	1	1316	673	841	3	11	0	33	0	133	44	2	281	34	13	2
NA19776	160535	28	26	10593	7093	270	0	2480	1140	543	1	9	0	12	0	82	77	1	163	32	6	1
NA19777	98349	28	43	289	22	718	245	85	32	320	6	9712	3700	16	0	69	9	0	46	5	4	59
NA19778	129942	37	34	485	69	365	1	2465	1073	558	13	9505	3715	43	0	98	21	2	234	17	9	60
NA19779	109506	31	39	328	23	2966	2109	95	59	295	1	23	0	13	0	45	39	0	144	88	5	0
NA19780	88762	31	28	275	27	1947	832	138	7	301	10	7	0	8	0	46	6	1	76	158	3	1
NA19781	109472	37	40	289	25	2746	1505	63	38	303	4	25	1	16	0	59	39	3	181	122	4	1
NA19782	99149	33	39	299	56	1490	554	205	12	281	6	9	1	12	0	2143	2072	0	189	43	59	0
NA19783	125932	35	37	390	43	3943	2251	94	45	394	2	52	1	16	1	104	32	1	143	27	6	0
NA19784	108327	31	33	315	57	1860	988	196	43	296	5	28	0	24	0	2317	2196	2	285	45	56	0
NA19785	86132	30	29	218	42	1221	468	96	10	3621	1216	638	3	106	1	123	7	0	61	34	6	14
NA19786	136350	43	45	391	19	2474	1665	121	145	345	1	26	0	16	0	84	51	2	138	92	2	0
NA19787	93416	30	45	280	43	1802	1134	93	19	299	8	6	1	19	0	80	4	0	180	105	1	0
NA19788	96221	34	26	236	17	2218	1142	121	13	301	4	10	1	33	0	76	5	0	97	53	10	0
NA19789	125994	31	18	9534	6487	760	529	187	47	336	1	7	8	11	0	77	29	2	141	252	37	1
NA19790	131200	20	24	9608	6512	1158	520	217	28	437	3	7	1	31	0	76	45	3	200	43	34	1
NA19792	116993	47	27	264	57	2048	1032	61	13	225	10	5	2	10	2	77	4	1	108	197	2	1
NA19794	125722	7168	6865	276	119	119	2	107	19	808	3	8	0	18	0	229	44	0	137	126	26	1
NA19795	168545	26	30	27471	17634	181	0	191	21	325	3	8	1	16	0	54	36	1	203	10	68	0
NA19796	180339	4357	4136	16673	11251	400	0	230	20	445	4	22	0	40	0	134	43	2	360	57	57	1
NA19818	139897	33	30	8518	4972	2355	1030	226	20	307	6	36	1	60	1	74	13	4	214	138	72	3
NA19819	149056	32	43	5804	4496	464	1	269	233	431	8	14	2	18	0	126	16	0	105	60	49	402
NA19828	165791	37	35	9273	5317	426	1	315	240	411	2	5	0	44	0	95	12	1	199	178	59	377
NA19834	117000	2179	1837	332	60	263	1	126	12	704	1	9	0	11	1	227	22	23	669	86	53	0
NA19835	173135	83	50	8660	6400	261	1	2929	1294	770	4	6	2	27	0	104	19	1	240	9	53	1
NA19836	125555	23	29	6353	4822	304	0	73	29	642	6	10	1	28	0	49	3	17	605	52	45	3
NA19900	82399	1232	1230	275	24	192	1	69	5	307	8	5276	3460	13	0	79	19	1	40	97	10	28
NA19901	108753	42	59	293	88	3154	1962	84	56	240	4	3	0	21	0	149	5	0	153	70	19	0
NA19902	90115	40	35	228	20	1260	946	67	21	208	9	4960	3371	21	0	79	11	1	114	55	2	20
NA19904	103028	3760	3667	267	78	31	3	82	37	369	3	7237	3551	14	2	75	29	0	91	26	11	39
NA19908	135834	24	40	388	37	3986	2108	131	14	379	4	27	1	28	0	94	14	1	140	267	3	2
NA19909	90408	1514	1354	314	110	1121	264	97	45	364	1	5	1	15	0	285	37	0	116	36	46	1
NA19913	112239	63	88	338	59	1732	1075	105	20	427	14	7434	3647	13	0	75	9	1	57	35	20	33
NA19914	125587	3661	3489	356	89	2578	869	106	26	692	0	29	0	30	0	113	222	0	179	139	29	0
NA19916	160830	33	36	401	26	2387	992	305	608	808	3	27	0	28	0	100	25	2	229	79	7	0
NA19917	169024	28	40	620	37	395	1	2503	1161	599	1	22	0	54	0	155	215	2	248	2832	36	1
NA19918	168952	32	38	309	23	394	1	432	519	641	3	24	2	73	0	101	199	0	348	2675	24	1
NA19919	100879	1401	1280	237	26	2535	1092	111	25	421	3	18	0	30	1	208	38	1	163	28	52	1
NA19920	140106	40	49	6408	4769	2746	1075	130	13	467	7	27	0	17	1	104	7	1	122	21	41	1
NA19921	76627	1327	1081	199	31	116	1	109	12	3999	1212	562	2	116	0	463	66	0	78	17	30	21
NA19922	152172	32	43	832	33	2890	1850	2743	1052	592	5	11	3	38	1	168	3	0	266	88	14	1
NA19923	155660	1870	1716	13199	8951	233	1	288	136	388	2	31	0	26	0	274	39	0	122	27	30	0
NA19924	171613	29	29	12023	7933	2697	1682	195	50	319	2	13	1	37	0	129	13	2	250	45	27	0
NA19982	97610	4209	4039	295	84	206	1	167	21	423	3	5	1	15	3	366	43	3	146	50	40	2
NA19983	95452	3194	2886	245	42	281	3	193	41	301	5	11	2	27	0	670	70	1	223	59	50	1
NA19984	180336	28	37	15559	10827	165	0	390	12	533	1	9	0	19	0	58	17	2	167	60	72	0
NA20126	117519	1749	1566	454	23	437	1	2158	1261	604	6	16	0	14	0	123	74	3	192	41	22	0
NA20127	124435	4034	3364	371	48	398	14	275	114	471	4	10	0	21	0	335	104	1	126	24	23	1
NA20128	106743	4122	3433	268	35	546	13	152	103	368	5	31	1	19	1	165	140	1	248	24	28	0
NA20129	96284	34	35	246	53	2667	959	84	11	4661	1445	662	0	109	0	109	8	0	128	19	13	27
NA20274	104954	3714	3612	243	79	1268	524	116	22	405	0	8	1	12	0	147	22	0	178	101	19	1
NA20276	121812	30	30	360	35	3621	2021	148	43	217	1	8	0	16	0	113	10	0	155	95	5	0
NA20278	95466	37	46	307	17	2990	1125	90	81	434	2	34	1	17	0	103	189	4	121	51	6	0
NA20279	97569	3861	3730	302	97	1458	345	91	37	546	4	23	0	36	0	98	213	1	217	74	27	0
NA20281	133592	30	33	9869	6535	1764	705	177	50	461	3	18	0	38	1	52	34	3	172	89	56	2
NA20282	120390	7723	7394	371	191	184	1	149	32	458	4	7	0	13	0	122	46	1	179	36	24	1
NA20287	208686	5978	5906	753	156	644	2	422	356	790	0	18	0	47	1	206	34	0	264	198	40	576
NA20289	128083	4780	4634	310	109	186	2	1022	794	713	2	6	0	23	0	157	28	0	201	40	6	0
NA20291	92047	3598	2894	298	38	307	1	119	42	373	2	4	3	16	1	451	55	2	119	28	51	1
NA20294	143186	32	41	9607	7296	1591	542	157	18	465	2	10	3	26	1	122	6	0	158	108	42	2
NA20296	71678	510	486	178	22	692	833	86	167	584	3	5	0	9	0	267	40	0	50	66	2	0
NA20298	142179	24	29	2475	1799	2625	1139	218	20	527	5	40	1	20	0	64	6	0	111	29	23	0
NA20299	123277	15	25	6260	4816	1224	429	68	11	398	3	6	1	21	0	77	7	0	122	47	20	2
NA20314	95055	35	41	263	28	2210	1319	123	5	271	2	1	1	15	0	109	5	0	126	69	7	2
NA20317	77282	1551	1318	201	19	776	856	74	75	536	4	9	1	9	0	282	47	2	50	86	25	0
NA20318	110393	45	45	5325	3591	903	980	109	90	722	6	30	0	21	0	115	4	1	87	68	40	0
NA20320	95324	1750	1277	586	63	204	2	202	120	217	22	6577	2483	37	1	220	30	4	130	17	35	7
NA20321	104882	41	36	461	82	1695	681	109	66	270	11	7426	2764	12	0	54	14	0	71	21	2	5
NA20332	122344	3424	3295	1948	1527	121	1	147	21	415	2	6	1	23	0	105	25	0	116	12	55	0
NA20334	110835	4252	4083	257	69	1081	722	157	24	396	4	14	2	15	0	188	38	0	152	55	19	2
NA20339	102002	31	44	439	47	2776	1436	117	34	387	2	23	2	64	0	60	4	1	108	132	8	1
NA20340	147593	40	29	369	44	515	0	370	828	892	1	11	1	26	0	3802	2088	0	272	89	9	1
NA20342	136095	7272	6591	347	68	274	2	132	138	424	3	11	1	9	1	442	46	1	174	107	42	1
NA20346	94854	3631	3157	259	14	274	3	187	136	333	6	9	1	15	1	210	93	1	112	29	39	0
NA20348	94714	560	553	245	70	178	1	268	281	312	12	6	0	7	2	2508	2442	1	125	69	52	0
NA20351	126197	1883	1694	290	31	212	1	183	95	478	0	45	2	15	0	124	78	1	133	1908	987	2
NA20355	116638	7691	7460	512	130	176	2	196	32	656	3	5	2	27	0	131	56	0	281	37	50	0
NA20356	147790	32	37	384	33	553	0	305	216	528	6	118	0	43	0	123	6	2971	2046	99	65	383
NA20357	118344	1745	1511	5212	3475	199	1	175	32	415	5	7	1	14	2	390	49	2	111	41	71	1
NA20358	122035	1605	1406	216	12	176	0	143	23	409	2	130	3	13	0	354	35	3001	2059	94	79	0
NA20359	96887	1632	1362	506	36	275	1	237	36	280	5	45	24	8680	3851	248	48	0	91	61	37	2
NA20362	119859	5636	5187	297	84	169	3	204	59	629	7	8	0	19	1	432	56	0	117	20	52	1
NA20412	142994	64	64	6003	4395	2432	1093	117	12	476	4	21	1	35	0	99	8	0	120	48	26	2
NA20502	152084	41	31	9977	6654	2815	1936	187	60	401	2	24	0	20	1	67	64	1	223	46	49	0
NA20503	155492	26	42	437	25	3625	2078	186	37	592	6	30	2	18	1	82	11	1	154	248	6	0
NA20504	102251	24	36	602	34	2760	1157	161	62	393	8	7	0	35	1	65	39	2	211	94	10	0
NA20505	98361	26	40	527	27	1033	432	1102	355	593	2	6	1	30	0	58	10	1	242	100	17	1
NA20506	156578	3249	2780	1137	316	436	0	340	127	336	7	12	25	38	1	373	38	1	265	30	126	2
NA20507	113978	4520	4396	463	44	1558	517	219	40	545	4	4	2	24	2	168	5	0	242	189	17	3
NA20508	97451	38	45	505	27	2097	1437	157	54	292	9	16	0	35	1	57	18	1	235	76	7	2
NA20509	116389	44	36	313	28	3024	1638	127	34	429	2	33	0	13	0	126	25	0	143	85	6	0
NA20510	122161	30	31	712	32	3324	1889	163	22	435	6	64	2	22	0	61	46	4	259	26	16	1
NA20511	170956	8304	8090	1022	78	1187	289	1100	587	702	6	43	2	38	1	146	19	2	419	79	14	4
NA20512	99667	34	39	304	27	2220	1033	109	81	362	3	5	1	13	0	64	20	0	94	91	9	0
NA20513	127660	5799	5516	582	54	1565	784	222	57	470	8	29	2	42	0	145	34	2	326	57	12	4
NA20514	139602	21	40	583	77	1175	581	244	7	10890	4221	909	19	226	1	152	10	0	91	108	17	170
NA20515	102915	2151	1975	238	33	1265	607	101	79	302	0	2	0	12	1	316	70	2	114	70	6	1
NA20516	142417	49	43	7668	4398	1992	883	157	42	481	2	22	1	17	1	61	40	1	138	111	28	0
NA20517	127365	5201	4979	392	49	203	1	576	602	645	4	10	17	19	1	133	10	0	183	42	19	0
NA20518	106826	3482	3384	464	61	716	513	235	31	457	5	8	1	17	1	146	23	1	182	251	28	5
NA20519	117158	42	52	309	32	3041	1414	133	45	376	3	11	1	11	0	100	10	0	111	47	4	0
NA20520	103286	53	78	263	12	2189	1179	80	6	340	4	7	0	14	0	131	3	1	107	107	2	1
NA20521	123890	33	28	405	17	1572	895	2370	985	627	1	9	15	15	0	100	8	0	171	47	5	1
NA20522	99904	37	35	415	36	1210	706	1739	802	505	2	7	1	10	0	83	3	0	161	38	7	1
NA20524	109106	36	35	345	21	2712	1357	161	95	366	4	26	0	11	0	96	26	1	120	225	4	2
NA20525	103919	37	47	561	24	1264	578	1772	926	559	4	11	2	21	0	80	5	2	208	213	19	1
NA20527	141893	2362	2005	10033	6849	327	0	254	32	302	6	15	0	24	0	274	45	1	253	39	82	1
NA20528	134952	41	24	9930	6921	1639	822	259	15	411	7	15	2	47	0	67	35	1	259	15	43	1
NA20529	127526	7323	6918	592	164	199	3	200	20	613	4	11	0	52	1	245	37	0	270	80	24	2
NA20530	105684	38	44	223	41	3366	1310	132	12	362	7	4	1	13	0	102	7	0	140	64	6	4
NA20531	115013	41	28	10425	7519	1013	538	257	58	280	4	27	0	40	2	46	24	2	174	47	34	0
NA20532	66745	31	35	279	29	1589	934	145	5	242	5	30	1	15	2	70	6	2	205	66	14	0
NA20533	90872	32	34	527	21	1642	647	116	53	536	6	21	1	48	1	50	244	17	144	168	8	3
NA20534	131851	2900	2404	688	46	1853	970	279	80	262	7	22	1	30	0	323	50	1	357	5	15	3
NA20535	95805	24	32	388	62	2638	1464	184	5	292	7	10	13	32	2	100	9	1	191	67	13	1
NA20536	97352	38	33	498	35	2319	1340	254	7	292	10	9	1	29	2	117	7	1	202	104	14	1
NA20538	103435	32	24	588	31	3063	1444	169	37	266	8	31	3	23	0	82	3	2	207	41	16	3
NA20539	120214	32	36	737	46	1804	687	2197	1158	567	2	20	0	47	2	80	19	0	364	26	19	4
NA20540	115343	29	38	608	35	3029	2275	186	126	254	12	18	2	36	1	65	25	1	267	87	10	1
NA20541	97334	30	34	642	39	1239	698	1224	938	446	1	15	1	25	0	68	10	2	220	32	14	4
NA20542	118466	4557	4422	561	56	1188	254	200	11	489	3	29	2	43	1	128	19	2	324	59	14	2
NA20543	127059	52	36	519	24	1664	682	1391	1083	657	7	27	0	16	0	75	10	2	277	34	10	3
NA20544	107375	37	29	522	46	3043	1610	168	26	296	4	38	19	21	2	82	4	1	217	65	9	0
NA20581	113571	30	46	367	24	3007	1446	107	13	511	4	12	0	14	1	68	29	0	178	26	6	1
NA20582	96304	34	39	468	60	2784	1186	156	103	319	2	14	2	13	0	87	11	1	206	58	5	1
NA20585	119368	28	39	614	20	3081	1318	161	151	381	10	21	0	36	2	98	23	1	220	51	9	4
NA20586	104577	33	35	314	23	2820	1377	104	30	321	2	21	0	16	0	155	21	1	146	61	7	0
NA20587	120427	43	31	273	17	3322	1876	98	67	5544	2270	253	4	115	0	113	52	0	86	129	7	57
NA20588	121392	2977	2489	432	46	2031	612	199	123	407	4	18	0	19	1	317	88	1	176	21	24	1
NA20589	152476	10363	9885	576	52	359	2	250	84	486	4	17	0	30	2	330	73	2	336	67	8	2
NA20752	131927	39	26	10693	7209	1008	584	158	35	246	1	7	4	14	0	88	46	1	145	66	33	0
NA20753	115602	18	32	697	39	2118	773	2088	1015	580	2	21	0	15	0	72	25	1	272	40	14	1
NA20754	90974	31	34	455	139	1380	1095	320	490	562	3	3	0	24	0	68	4	1	201	100	16	4
NA20755	187732	28	46	12658	8802	205	1	276	19	11740	4574	1361	10	193	0	118	27	1	71	175	5	119
NA20756	194013	37	27	19922	14444	195	0	367	26	279	3	13	0	29	0	65	86	2	194	9	118	1
NA20757	121389	37	36	537	24	1914	881	2199	943	614	1	32	0	21	1	98	23	0	253	28	11	0
NA20758	95011	22	33	355	14	3025	2083	82	51	271	1	21	1	12	0	52	10	0	116	42	4	0
NA20759	159065	41	40	10433	7003	2130	805	215	48	466	3	31	0	16	0	66	112	0	237	56	63	1
NA20760	94604	41	29	229	15	2048	1226	113	13	281	6	3	2	19	0	163	10	1	106	124	3	0
NA20761	159053	30	23	6515	4077	3790	2316	145	93	436	5	59	0	14	0	110	58	1	146	41	75	1
NA20762	166147	6105	5881	742	35	349	3	2947	1442	1209	2	6	0	23	1	159	35	2	308	36	9	1
NA20763	137698	31	45	570	75	1340	752	2975	1501	716	3	5	1	28	1	146	25	0	229	90	4	0
NA20764	105294	33	32	313	34	2806	1682	142	27	317	1	20	0	16	1	100	42	1	134	67	2	0
NA20765	166446	39	35	11120	7802	1705	786	357	128	363	5	31	3	46	0	115	52	2	397	33	71	1
NA20766	90461	38	26	576	57	903	432	1188	856	428	7	8	10	17	1	63	5	1	165	18	9	3
NA20767	129865	4284	4040	601	51	290	0	2558	903	668	7	25	0	25	0	127	15	0	186	159	5	0
NA20768	103579	22	34	486	55	1569	1071	330	4	286	4	20	3	28	1	99	8	1	131	442	9	0
NA20769	125006	28	48	292	29	4496	2805	77	105	387	0	35	0	20	1	82	39	1	166	53	4	2
NA20770	122988	31	54	463	34	1874	934	1324	758	719	2	22	0	15	0	95	38	0	200	37	12	1
NA20771	163086	36	49	10174	7820	1776	577	299	67	514	16	20	0	23	0	79	50	2	129	27	66	5
NA20772	79538	35	30	278	23	1633	1126	110	12	277	4	6	2	11	0	118	4	0	105	44	7	0
NA20773	133564	27	52	293	63	950	611	131	11	11526	4655	1252	9	115	0	198	7	0	47	237	3	89
NA20774	146041	19	29	20526	13311	877	621	199	12	356	0	4	0	15	1	72	33	2	181	36	26	1
NA20775	100427	33	32	296	16	1971	980	68	64	4728	1476	793	2	123	1	229	5	1	66	33	2	44
NA20778	127852	33	40	10905	7140	960	600	249	38	358	5	6	0	18	1	91	42	0	130	119	43	0
NA20783	115651	36	29	456	11	1136	1188	1281	784	658	10	4	21	13	0	59	8	2	184	98	7	0
NA20785	133209	5187	4916	304	17	1753	761	87	53	727	4	20	1	11	0	97	45	0	173	54	3	1
NA20786	84092	43	29	215	22	1514	499	115	65	277	3	13	0	14	0	75	28	0	61	69	6	0
NA20787	163912	28	47	428	25	4905	2207	117	175	543	5	25	1	18	0	103	59	4	231	47	11	0
NA20790	97720	37	37	249	12	2681	1245	105	67	607	6	16	3	18	0	93	37	0	107	59	0	0
NA20792	172433	30	38	20445	12865	252	0	1893	1017	839	3	10	0	18	1	60	58	2	235	44	29	1
NA20795	95871	40	21	286	17	2373	1242	144	6	306	3	7	1	10	1	94	2	0	110	195	7	2
NA20796	106732	38	41	246	45	1773	1008	112	16	255	2	6	0	11	0	96	8	1	119	109	5	1
NA20797	118561	29	27	656	33	3040	1882	1204	679	736	6	25	0	19	0	79	28	1	301	32	13	0
NA20798	102365	31	39	631	64	893	501	2205	1083	433	4	11	3	53	1	64	11	0	255	62	13	3
NA20799	113283	38	55	395	23	1255	565	2520	1088	557	3	7	1	15	0	138	7	1	162	69	9	1
NA20800	214925	4826	4684	401	103	262	26	197	29	20503	8319	2030	27	167	1	328	34	0	107	322	22	214
NA20801	115653	42	47	356	32	3307	1762	115	68	303	6	21	14	10	1	94	22	2	148	35	3	3
NA20802	121846	33	35	735	24	3649	1908	177	86	401	3	39	1	22	0	67	56	3	323	40	15	0
NA20803	110355	34	30	183	48	1221	699	117	10	9194	3772	1070	4	62	0	192	16	0	42	159	4	63
NA20804	109049	7120	6865	485	49	326	28	188	12	337	5	7	2	27	0	106	35	0	257	70	6	2
NA20805	153607	31	44	20247	13035	1150	674	223	11	333	1	16	1	14	0	74	39	2	154	60	15	1
NA20806	135352	39	35	477	52	3614	1748	123	65	438	3	48	0	15	0	64	51	0	180	59	10	4
NA20807	187568	31	28	10311	7262	311	0	273	13	10709	4107	1182	6	205	0	160	25	0	92	109	34	152
NA20808	123483	5986	5727	295	38	126	1	82	64	4680	1426	644	3	152	0	204	26	0	85	58	11	31
NA20809	155464	4990	4788	12209	8189	159	2	211	15	611	2	9	15	21	0	117	37	3	184	90	39	1
NA20810	91525	41	33	246	41	2357	1466	124	12	290	2	3	2	12	2	105	8	1	136	77	3	1
NA20811	90289	28	38	300	13	722	240	1627	665	542	1	6	0	12	0	79	5	0	149	59	5	0
NA20812	109637	37	27	340	35	2940	1272	100	83	318	2	21	0	17	1	107	8	1	138	30	7	1
NA20813	150551	27	36	10266	6807	1659	594	262	87	399	6	21	1	18	1	101	36	1	134	26	71	2
NA20814	108346	31	44	430	22	1554	849	1827	969	694	15	10	2	15	0	122	19	0	160	56	5	0
NA20815	125662	32	38	522	22	2877	2000	2637	1122	701	3	11	21	16	1	107	22	1	181	47	4	0
NA20818	130639	28	38	371	29	3758	1853	126	177	430	2	36	0	17	0	107	52	1	177	52	6	1
NA20819	115778	39	38	304	20	4302	2370	46	89	327	1	31	1	12	0	97	20	1	165	21	6	0
NA20821	153993	4200	4090	9961	7049	159	4	210	18	287	0	8	0	25	0	67	37	0	178	24	38	0
NA20822	158439	33	26	11408	7643	2022	836	182	42	321	2	23	0	19	0	89	76	3	200	31	88	3
NA20826	219842	8664	8295	12894	8686	114	4	214	23	496	1	16	2	19	1	134	90	2	236	80	88	1
NA20827	126534	28	46	318	29	227	0	215	36	12938	5140	1156	12	393	0	164	7	0	1	92	10	123
NA20828	111338	26	25	8091	5560	77	0	268	17	249	2	2	1	12	0	52	44	1	68	2	57	0
NA20832	88599	21	28	234	29	613	709	121	7	3150	886	569	22	131	0	87	2	1	60	60	2	11
NA20845	124108	46	41	256	45	1270	927	131	18	6777	2766	549	1	208	0	160	3	1	101	183	5	77
NA20846	107152	6806	6542	314	83	75	2	89	10	710	2	11	1	15	0	183	45	2	152	147	10	2
NA20847	178182	47	39	14305	9477	1545	945	199	9	274	2	42	1	23	2	67	73	2	213	118	60	0
NA20849	221048	26	35	29182	19912	231	1	434	19	313	3	21	0	35	0	64	86	2	265	51	79	1
NA20850	142236	38	60	426	22	2831	1632	110	99	406	5	40	0	18	2	94	51	0	161	124	5	2
NA20851	111090	22	27	3074	2507	1184	652	221	8	238	2	9	2	12	2	103	4	0	62	62	9	0
NA20852	191682	6375	6203	18382	12355	126	0	260	43	420	3	38	2	35	1	71	61	2	301	64	74	0
NA20853	136557	36	35	6118	4173	847	259	250	15	11210	5601	525	2	148	0	88	11	1	60	165	5	127
NA20854	110169	4394	4217	297	83	848	636	107	30	412	2	3	0	7	0	166	23	0	125	76	23	1
NA20856	155617	47	25	14025	9036	2441	1115	220	29	506	1	25	1	19	0	84	51	1	159	14	85	1
NA20858	129184	27	33	6451	4929	1361	586	217	10	235	7	15	0	15	0	113	5	0	84	25	9	1
NA20859	213732	29	32	34727	23082	210	0	287	27	335	2	62	2	15	1	138	94	0	152	53	15	0
NA20861	169241	20	41	20008	13463	169	0	229	21	293	3	41	0	19	1	55	77	0	139	89	53	1
NA20862	177380	29	27	444	59	1705	891	237	35	13788	5119	1146	11	246	0	160	10	1	79	194	5	121
NA20863	154648	38	43	499	26	2629	1717	1853	867	577	2	19	0	18	1	124	12	0	241	26	12	0
NA20864	126040	41	34	313	18	3556	2117	140	51	323	3	31	2	12	0	114	9	1	148	62	25	1
NA20866	134541	8732	8373	301	118	50	0	133	15	525	3	5	3	7	1	147	34	0	169	63	4	0
NA20867	167613	24	43	550	39	1161	167	1387	844	10232	3885	1213	7	120	0	169	19	0	142	160	7	106
NA20868	126701	40	31	290	24	1224	644	93	25	6596	2385	776	5	143	0	152	10	0	60	132	3	46
NA20869	135876	4782	4591	420	49	2175	1190	169	44	414	0	30	1	12	1	138	22	0	208	63	8	1
NA20870	123170	5066	4936	371	69	852	514	195	22	586	2	19	0	28	0	164	23	4	171	263	29	1
NA20872	89096	3824	3632	209	48	363	152	90	11	527	4	2	0	6	0	151	19	0	87	79	18	0
NA20874	160673	30	32	13154	9040	1001	620	253	12	286	6	23	0	19	0	102	54	0	157	195	11	0
NA20875	109493	41	31	594	32	1042	569	1939	640	481	2	4	17	20	1	95	14	0	187	195	17	1
NA20876	180247	30	23	19956	12962	116	0	296	12	283	4	61	1	18	1	54	38	0	146	30	110	0
NA20877	108504	36	37	632	26	3059	2371	161	41	347	1	36	0	27	0	62	24	4	196	6	11	2
NA20878	119936	40	31	454	28	2553	2068	169	12	267	2	14	0	19	1	106	10	0	147	106	7	1
NA20881	151279	4109	3844	8607	6251	76	1	178	37	475	2	5	2	30	1	97	39	2	146	81	57	0
NA20882	184598	5002	4720	10851	7778	194	1	211	39	746	3	16	0	28	1	207	71	1	326	77	78	2
NA20884	144845	36	24	10745	6890	1053	602	375	17	248	4	22	1	32	0	104	6	0	214	58	62	2
NA20885	88200	33	43	239	23	1734	1154	76	7	228	4	3	2	16	0	91	20	0	124	65	4	2
NA20886	186092	6042	5868	17755	10806	227	0	214	30	683	10	10	1	24	0	154	80	0	309	111	56	1
NA20887	148238	35	41	13704	9343	1170	729	168	9	417	4	57	0	19	0	65	47	3	123	32	9	0
NA20888	134371	40	40	366	21	3521	2363	89	51	488	1	34	1	27	0	113	9	2	217	77	3	3
NA20889	157763	41	34	15671	10917	118	0	329	12	311	3	37	0	14	0	15	72	1	102	52	22	0
NA20890	156744	36	34	6241	4095	2344	838	164	42	354	1	27	1	24	0	83	38	1	155	20	60	1
NA20891	90320	50	52	313	17	2016	1215	100	7	233	3	7	0	4	0	94	5	0	98	78	0	1
NA20892	118190	35	44	4308	2952	1706	845	215	15	427	4	25	1	12	3	129	3	0	116	23	9	0
NA20894	139314	27	30	13811	9250	1560	645	142	16	378	1	36	2	17	0	59	50	2	136	62	6	0
NA20895	111551	4641	4449	329	40	587	230	138	26	408	4	27	0	24	0	151	22	1	164	113	18	1
NA20896	100113	44	29	400	34	2153	1315	123	12	277	3	9	1	28	0	99	9	1	186	86	6	3
NA20897	99143	27	27	2372	1559	1827	898	142	23	300	1	16	1	18	0	40	4	2	107	40	6	0
NA20899	141569	4451	4294	6281	3723	133	0	207	17	317	2	75	0	9	0	155	39	0	163	148	23	2
NA20900	118461	4173	3949	312	47	1019	777	107	21	490	1	7	1	21	0	150	18	1	145	83	40	1
NA20901	182320	43	22	13686	8595	2683	1706	254	28	460	1	24	0	23	1	54	13	3	266	24	24	0
NA20902	218424	30	45	27538	19276	150	0	298	22	326	1	37	1	24	3	113	76	3	184	33	126	0
NA20903	192255	21	24	17631	12848	223	1	206	20	337	3	19	0	22	1	82	33	13	132	29	43	0
NA20904	114422	4920	4801	299	64	1200	625	81	24	699	4	24	0	30	0	135	17	0	150	63	17	0
NA20905	191416	45	36	808	39	2905	1408	2916	1111	1015	4	30	0	39	0	129	15	1	391	51	15	3
NA20906	195811	4386	4276	24395	16374	153	4	223	92	877	1	35	0	18	2	115	106	1	217	107	88	0
NA20908	131424	26	21	9178	6412	2139	973	160	22	403	1	8	0	7	0	83	24	1	115	19	89	1
NA20910	138888	32	26	9257	6180	1077	483	144	9	406	3	24	1	24	2	92	40	0	114	72	20	0
NA20911	151252	48	25	13067	8597	2237	1542	128	27	272	5	60	1	47	0	56	59	0	220	35	25	2
NA21086	139898	37	64	7774	4494	271	1	1100	690	759	5	33	1	42	0	80	25	0	224	67	47	1
NA21087	191011	27	49	11875	7467	2164	1679	186	39	382	3	10	1	30	1	124	28	1	261	76	11	1
NA21088	176846	32	25	13470	10077	372	0	416	21	332	4	32	0	38	3	70	21	0	192	16	47	1
NA21089	127531	5101	5032	347	22	1622	679	136	36	522	1	19	0	24	1	106	22	2	232	74	23	1
NA21090	181946	32	31	19432	13025	326	1	1728	841	672	0	56	2	35	1	52	108	0	315	65	77	1
NA21091	137953	5194	5071	357	63	2013	1232	131	55	526	2	21	0	17	0	142	11	0	161	63	19	1
NA21092	134549	31	36	9664	6500	932	620	208	18	297	3	9	1	23	1	64	5	1	206	14	66	0
NA21093	235940	36	44	35850	24007	258	0	383	34	316	6	40	2	24	0	77	69	3	343	79	75	2
NA21094	180489	37	44	15867	11706	1134	392	310	9	395	11	17	0	15	2	121	41	1	163	83	33	2
NA21095	119893	39	40	9256	6050	869	464	274	9	315	2	9	1	22	0	71	4	2	157	23	52	4
NA21097	144114	29	23	10393	6711	1654	486	176	71	495	2	35	0	30	0	60	59	1	173	65	30	0
NA21098	123134	8680	8426	336	82	127	3	132	49	459	4	8	1	21	0	126	14	2	145	78	32	0
NA21099	126628	25	28	429	20	3960	2134	119	108	357	1	32	0	17	0	85	8	2	203	29	5	0
NA21100	122305	4059	3915	554	72	1808	1131	201	30	489	5	32	3	35	0	134	22	3	356	43	25	1
NA21101	199189	33	30	19813	13656	2574	1521	331	46	436	9	34	0	28	0	96	14	2	200	30	13	1
NA21102	257036	41	51	41025	28014	399	2	557	14	409	4	76	3	37	0	128	133	3	302	19	20	1
NA21103	126156	34	30	8142	5874	1449	824	179	22	283	3	21	1	23	0	89	21	3	151	82	50	0
NA21104	116459	48	45	361	31	2856	2107	107	23	305	3	6	2	15	2	107	6	0	120	129	3	3
NA21105	150199	37	39	5186	3597	2042	860	271	46	351	4	19	0	20	0	110	14	2	135	24	13	1
NA21106	252588	32	62	997	56	491	0	2891	1048	21627	8804	2036	16	243	2	265	39	1	183	159	51	238
NA21107	222385	21	29	26794	18353	244	1	305	19	391	8	58	2	41	0	100	105	2	215	31	42	0
NA21108	151669	4860	4683	14235	9238	195	1	318	18	380	2	11	2	27	0	79	24	0	263	79	22	1
NA21109	151600	28	36	1821	1306	1346	1338	204	22	350	2	4	1	21	0	70	27	2	149	52	4	1
NA21110	163922	9793	9313	438	101	199	2	144	47	1039	4	8	0	23	0	288	43	1	206	168	40	2
NA21111	141628	3953	3817	6093	4508	172	1	193	33	431	2	28	1	26	0	77	38	3	157	40	29	1
NA21112	159818	4900	4730	8078	5479	175	3	276	10	324	5	19	1	20	0	71	27	4	176	68	76	0
NA21113	126010	23	33	14673	9523	1450	898	110	18	261	0	52	0	37	0	60	55	6	168	88	35	0
NA21114	123534	39	33	6308	4493	1159	640	205	11	254	4	4	0	10	0	64	11	1	94	30	8	0
NA21115	144534	25	52	669	66	1125	696	2326	1413	689	8	5	0	26	0	118	14	2	246	166	11	2
NA21116	163140	21	32	24115	15552	238	0	293	13	338	3	89	2	51	2	72	85	0	283	86	76	0
NA21117	135273	33	47	6103	4388	1798	807	170	26	361	6	41	1	15	0	49	20	1	128	35	22	2
NA21118	191128	25	20	16639	11331	1090	159	1373	863	469	3	63	1	23	0	114	59	2	267	26	14	0
NA21119	198934	27	28	31903	21025	262	1	299	20	310	5	76	3	30	0	93	81	2	263	60	35	1
NA21120	154132	30	29	8343	6716	2221	1284	253	58	367	2	35	0	17	2	69	24	1	164	28	63	1
NA21122	114882	4198	4009	274	59	517	257	145	23	439	2	4	0	15	0	125	16	0	155	76	33	0
NA21123	204461	5531	5359	11942	7489	965	592	238	20	481	4	16	0	36	0	140	40	4	291	78	13	3
NA21124	148939	50	52	10532	6670	2106	919	180	35	360	3	23	2	27	0	100	39	2	211	54	28	0
NA21125	144481	5174	4969	377	39	2208	1157	168	36	560	11	21	1	21	0	122	21	2	151	42	19	2
NA21126	183394	37	29	17130	11633	2064	1072	274	55	430	6	75	0	48	0	86	54	2	389	12	21	0
NA21127	150991	5684	5528	480	77	1560	1161	184	25	491	4	4	0	27	0	232	34	2	194	95	1	1
NA21128	196216	53	43	649	34	5925	3511	170	115	783	4	49	1	25	0	64	53	2	257	84	8	1
NA21129	153369	24	25	15360	10550	176	0	196	19	318	3	20	2	22	1	59	51	1	131	25	33	1
NA21130	243449	33	26	33924	23391	253	0	303	14	406	3	64	0	57	1	117	115	1	295	14	21	1
NA21133	170933	7396	7065	628	127	2192	923	210	69	531	5	20	3	23	0	119	34	2	234	99	8	1
NA21135	164602	4650	4494	16268	10294	196	2	167	28	460	4	44	0	33	1	146	72	2	158	97	42	3
NA21137	130097	27	33	411	59	1329	939	168	27	6277	2244	747	8	132	1	160	4	1	81	151	5	50
NA21141	165824	5829	5646	535	67	259	1	251	30	7371	2683	894	11	147	0	224	36	0	231	145	24	60
NA21142	210385	33	38	25712	17033	302	1	342	20	459	1	71	0	42	2	120	87	2	262	62	29	1
NA21143	133287	4379	4218	403	49	1377	1055	165	13	322	4	7	22	25	0	133	24	0	200	104	11	2
NA21144	89680	23	32	8072	5505	1286	915	121	6	315	5	12	1	19	0	78	65	1	101	40	0	2
